canonical_brand,raw_series,canonical_series,powertrain,review_status,evidence,reviewer,reviewed_at
ABARTH,500E,500e,N/A,unreviewed,,,
ABARTH,595 COMPETIZIONE,595 COMPETIZIONE,N/A,unreviewed,,,
AICHI,UJ027,UJ027,N/A,unreviewed,,,
AIMA,A500,A500,N/A,unreviewed,,,
AIMA,IN MINE,IN MINE,N/A,unreviewed,,,
AIMA,MAKARON,MAKARON,N/A,unreviewed,,,
AIMA,TIGER X6,TIGER X6,N/A,unreviewed,,,
AIMA,U1-2,U1-2,N/A,unreviewed,,,
AION,AION ES,AION ES,N/A,unreviewed,,,
AION,AION S,AION S,N/A,unreviewed,,,
AION,AION UT 420 STANDARD,AION UT,N/A,unreviewed,,,
AION,AION UT 500 PREMIUM,AION UT,N/A,unreviewed,,,
AION,AION V 500 PREMIUM,AION V,N/A,unreviewed,,,
AION,AION V 505 PREMIUM,AION V,N/A,unreviewed,,,
AION,AION V 602 LUXURY,AION V,N/A,unreviewed,,,
AION,AION Y PLUS,AION Y,N/A,unreviewed,,,
AION,AION Y PLUS 410 PREMIUM,AION Y,N/A,unreviewed,,,
AION,AION Y PLUS 490 PREMIUM,AION Y,N/A,unreviewed,,,
AION,HYPTEC HT 620 LUXURY,HYPTEC HT,N/A,unreviewed,,,
AION,HYPTEC HT 620 PREMIUM,HYPTEC HT,N/A,unreviewed,,,
AION,HYPTEC SSR,HYPTEC HT,N/A,unreviewed,,,
AION,M8 PHEV PREMIUM,M8,N/A,unreviewed,,,
AIRMAN,AX45-2,AX45-2,N/A,unreviewed,,,
AIWAYS,U5 LITE SAMPLE,U5 LITE SAMPLE,N/A,unreviewed,,,
AIWAYS,U5 PRIME WITH,U5 PRIME WITH,N/A,unreviewed,,,
AIWAYS,U6,U6,N/A,unreviewed,,,
AJ,BEATS,BEATS,N/A,unreviewed,,,
AJ,C-LIKE,C-LIKE,N/A,unreviewed,,,
AJ,C-LION,C-LION,N/A,unreviewed,,,
AJ,GODDESS,GODDESS,N/A,unreviewed,,,
AJ,MINE PLUS,MINE PLUS,N/A,unreviewed,,,
AJ,NCV,NCV,N/A,unreviewed,,,
AJ,Q5,Q5,N/A,unreviewed,,,
AJ,RAYMAN,RAYMAN,N/A,unreviewed,,,
AJ,SABER TIGER,SABER TIGER,N/A,unreviewed,,,
AJ,TAURUS,TAURUS,N/A,unreviewed,,,
AJ,Z3,Z3,N/A,unreviewed,,,
ALENDA-DARKON,ALENDA DARKON AMANO I,ALENDA DARKON AMANO i,N/A,unreviewed,,,
ALENDA-DARKON,ALENDA DARKON JAZZY,ALENDA DARKON JAZZY,N/A,unreviewed,,,
ALENDA-DARKON,ALENDA DARKON MONKEE,ALENDA DARKON MONKEE,N/A,unreviewed,,,
ALENDA-DARKON,ALENDA DARKON NOVA,ALENDA DARKON NOVA,N/A,unreviewed,,,
ALENDA-DARKON,ALENDA DARKON POPPY,ALENDA DARKON POPPY,N/A,unreviewed,,,
ALENDA-DARKON,ALENDA DARKON ZHOPPER,ALENDA DARKON ZHOPPER,N/A,unreviewed,,,
ALFA ROMEO,4C COUPE,4C COUPE,N/A,unreviewed,,,
ALFA ROMEO,4C SPIDER,4C SPIDER,N/A,unreviewed,,,
ALFA ROMEO,GIULIA QUADRIFOGLIO,GIULIA QUADRIFOGLIO,N/A,unreviewed,,,
ALFA ROMEO,GIULIA VELOCE,GIULIA VELOCE,N/A,unreviewed,,,
ALFA ROMEO,GIULIETTA 1.4,GIULIETTA 1.4,N/A,unreviewed,,,
ALPHA,AB100B,AB100B,N/A,unreviewed,,,
ALPHA,AE200,AE200,N/A,unreviewed,,,
ALPHA,AE240,AE240,N/A,unreviewed,,,
ALPHA,AE300,AE300,N/A,unreviewed,,,
ALPHA,AE3500,AE3500,N/A,unreviewed,,,
ALPHA,AE3500A,AE3500A,N/A,unreviewed,,,
ALPHA,AE600,AE600,N/A,unreviewed,,,
ALPHA,AE60A-1,AE60A-1,N/A,unreviewed,,,
ALPHA,AE620,AE620,N/A,unreviewed,,,
ALPHA,ALPHA 404,ALPHA 404,N/A,unreviewed,,,
ALPHA,ALPHA300,ALPHA300,N/A,unreviewed,,,
ALPHA,ALPHA388,ALPHA388,N/A,unreviewed,,,
ALPHA,AT 600,AT 600,N/A,unreviewed,,,
ALPHA,AT400,AT400,N/A,unreviewed,,,
ALPHA,AT500,AT500,N/A,unreviewed,,,
ALPHA,AT500A,AT500A,N/A,unreviewed,,,
ALPHA,AT500B,AT500B,N/A,unreviewed,,,
ALPHA,AT800A,AT800A,N/A,unreviewed,,,
ALPHA,AT900,AT900,N/A,unreviewed,,,
ALPHA,AT900A,AT900A,N/A,unreviewed,,,
ALPHA,AT900H,AT900H,N/A,unreviewed,,,
ALPHA,AW1000F,AW1000F,N/A,unreviewed,,,
ALPHA,AW1030,AW1030,N/A,unreviewed,,,
ALPHA,AW132L,AW132L,N/A,unreviewed,,,
ALPHA,AW500,AW500,N/A,unreviewed,,,
ALPHA,AW500E,AW500E,N/A,unreviewed,,,
ALPHA,AW507,AW507,N/A,unreviewed,,,
ALPHA,AW570E,AW570E,N/A,unreviewed,,,
ALPHA,AW7800,AW7800,N/A,unreviewed,,,
ALPHA,FL904,FL904,N/A,unreviewed,,,
ALPHA,FL904-1,FL904-1,N/A,unreviewed,,,
ALPHA VOLANTIS,HORIZON 150A,HORIZON 150A,N/A,unreviewed,,,
ALPHA VOLANTIS,HORIZON 300A,HORIZON 300A,N/A,unreviewed,,,
ALPINE,A110 S,A110 S,N/A,unreviewed,,,
AMMANN,AFT700-2 T3,AFT700-2 T3,N/A,unreviewed,,,
AMMANN,ARS 122,ARS 122,N/A,unreviewed,,,
AMMANN,ARS122BS3,ARS122BS3,N/A,unreviewed,,,
AMMANN,ASC100,ASC100,N/A,unreviewed,,,
AMMANN,ASC120,ASC120,N/A,unreviewed,,,
AOLITE,PQ30F,PQ30F,N/A,unreviewed,,,
AOLITE,PQ36F,PQ36F,N/A,unreviewed,,,
AOLITE,PQ48F,PQ48F,N/A,unreviewed,,,
AOLITE,PQ50F,PQ50F,N/A,unreviewed,,,
APRILIA,RS 660,RS 660,N/A,unreviewed,,,
APRILIA,RSV4 1100 FACTORY,RSV4 1100 FACTORY,N/A,unreviewed,,,
APRILIA,RSV4 FACTORY,RSV4 FACTORY,N/A,unreviewed,,,
APRILIA,RSV4 R APRC,RSV4 R APRC,N/A,unreviewed,,,
APRILIA,RSV4 RF,RSV4 RF,N/A,unreviewed,,,
APRILIA,RSV4 RR,RSV4 RR,N/A,unreviewed,,,
APRILIA,SR GT 200,SR GT 200,N/A,unreviewed,,,
APRILIA,SR GT 200 SPORT,SR GT 200 SPORT,N/A,unreviewed,,,
APRILIA,TUAREG 660,TUAREG 660,N/A,unreviewed,,,
APRILIA,TUONO 660,TUONO 660,N/A,unreviewed,,,
APRILIA,TUONO V4 FACTORY,TUONO V4 FACTORY,N/A,unreviewed,,,
ARIEL,SQUARE 4,SQUARE 4,N/A,unreviewed,,,
ARIIC,GEMMA 125,GEMMA 125,N/A,unreviewed,,,
ARMSTRONG,SIDDELEY,SIDDELEY,N/A,unreviewed,,,
ARROW,D500,D500,N/A,unreviewed,,,
ARROW MASTER,HJ1250R,HJ1250R,N/A,unreviewed,,,
ASIA CAB,ASIACAB-AS4L,ASIACAB-AS4L,N/A,unreviewed,,,
ASM,ATT3,ATT3,N/A,unreviewed,,,
ASM,ATT3EV,ATT3EV,N/A,unreviewed,,,
ASM,ATT6,ATT6,N/A,unreviewed,,,
ASM,ATT6EV,ATT6EV,N/A,unreviewed,,,
ASM,TT6EV,TT6EV,N/A,unreviewed,,,
ASTON MARTIN,DB11,DB11,N/A,unreviewed,,,
ASTON MARTIN,DB11 V12 AMR COUPE,DB11 V12 AMR COUPE,N/A,unreviewed,,,
ASTON MARTIN,DB11 V12 COUPE,DB11 V12 COUPE,N/A,unreviewed,,,
ASTON MARTIN,DB11 V8 COUPE,DB11 V8 COUPE,N/A,unreviewed,,,
ASTON MARTIN,DB12 COUPE,DB12 COUPE,N/A,unreviewed,,,
ASTON MARTIN,DB12 V8 COUPE,DB12 V8 COUPE,N/A,unreviewed,,,
ASTON MARTIN,DB9 COUPE,DB9 COUPE,N/A,unreviewed,,,
ASTON MARTIN,DBS 770 ULTIMATE  VOLANTE,DBS 770 ULTIMATE  VOLANTE,N/A,unreviewed,,,
ASTON MARTIN,DBS SUPERLEGGERA,DBS SUPERLEGGERA,N/A,unreviewed,,,
ASTON MARTIN,DBS SUPERLEGGERA COUPE,DBS SUPERLEGGERA COUPE,N/A,unreviewed,,,
ASTON MARTIN,DBS SUPERLEGGERA VOLANTE,DBS SUPERLEGGERA VOLANTE,N/A,unreviewed,,,
ASTON MARTIN,DBX,DBX,N/A,unreviewed,,,
ASTON MARTIN,DBX 707,DBX 707,N/A,unreviewed,,,
ASTON MARTIN,RAPIDE S,RAPIDE S,N/A,unreviewed,,,
ASTON MARTIN,V8 VANTAGE COUPE,V8 VANTAGE COUPE,N/A,unreviewed,,,
ASTON MARTIN,V8 VANTAGE S COUPE,V8 VANTAGE S COUPE,N/A,unreviewed,,,
ASTON MARTIN,VANQUISH COUPE,VANQUISH COUPE,N/A,unreviewed,,,
ASTON MARTIN,VANTAGE COUPE,VANTAGE COUPE,N/A,unreviewed,,,
ASTON MARTIN,VANTAGE F1 COUPE,VANTAGE F1 COUPE,N/A,unreviewed,,,
ASTON MARTIN,VANTAGE F1 ROADSTER,VANTAGE F1 ROADSTER,N/A,unreviewed,,,
ASTON MARTIN,VANTAGE ROADSTER,VANTAGE ROADSTER,N/A,unreviewed,,,
ASTON MARTIN,VANTAGE S COUPE,VANTAGE S COUPE,N/A,unreviewed,,,
AUDI,A1 SB 35 TFSI S LINE,A1 SB 35 TFSI S line,N/A,unreviewed,,,
AUDI,A1 SPORTBACK 1.4 TFSI,A1 SPORTBACK 1.4 TFSI,N/A,unreviewed,,,
AUDI,A3 2.0TDI S LINE SALOON MANUAL,A3 2.0TDI S LINE SALOON MANUAL,N/A,unreviewed,,,
AUDI,A3 SALOON 35 TFSI,A3 SALOON 35 TFSI,N/A,unreviewed,,,
AUDI,A3 SB 35 TFSI S LINE,A3 SB 35 TFSI S line,N/A,unreviewed,,,
AUDI,A4 40 TFSI S LINE,A4 40 TFSI S line,N/A,unreviewed,,,
AUDI,A4 40 TFSI S LINE IB,A4 40 TFSI S line IB,N/A,unreviewed,,,
AUDI,A4 AV 45 TFSI Q S LINE BE,A4 AV 45 TFSI q S line BE,N/A,unreviewed,,,
AUDI,A4 AV 45 TFSI Q S LINE IB,A4 AV 45 TFSI q S line IB,N/A,unreviewed,,,
AUDI,A4 BLACK EDITION 35 TFSI,A4 BLACK EDITION 35 TFSI,N/A,unreviewed,,,
AUDI,A5,A5,N/A,unreviewed,,,
AUDI,A5 2.0T FSI COUPE,A5 2.0T FSI COUPE,N/A,unreviewed,,,
AUDI,A5 AVANT E-HYBRID Q TECH PLUS,A5 Avant e-hybrid q Tech Plus,N/A,unreviewed,,,
AUDI,A5 AVANT E-HYBRID Q TECH PRO,A5 Avant e-hybrid q Tech Pro,N/A,unreviewed,,,
AUDI,A5 COUPE 40 TFSI,A5 Coupe 40 TFSI,N/A,unreviewed,,,
AUDI,A5 COUPE 45 TFSI Q S LINE,A5 Coupe 45 TFSI q S line,N/A,unreviewed,,,
AUDI,A5 CP 40 TFSI S LINE,A5 CP 40 TFSI S line,N/A,unreviewed,,,
AUDI,A5 CP 40 TFSI S LINE EO,A5 CP 40 TFSI S line eo,N/A,unreviewed,,,
AUDI,A5 CP 45 TFSI Q S LINE BE,A5 CP 45 TFSI q S line BE,N/A,unreviewed,,,
AUDI,A5 CP 45 TFSI Q S LINE EO,A5 CP 45 TFSI q S line eo,N/A,unreviewed,,,
AUDI,A5 SB 40 TFSI,A5 SB 40 TFSI,N/A,unreviewed,,,
AUDI,A5 SB 40 TFSI S LINE,A5 SB 40 TFSI S line,N/A,unreviewed,,,
AUDI,A5 SB 40 TFSI S LINE EO,A5 SB 40 TFSI S line eo,N/A,unreviewed,,,
AUDI,A5 SB 45 TFSI Q S LINE,A5 SB 45 TFSI q S line,N/A,unreviewed,,,
AUDI,A5 SB 45 TFSI Q S LINE BE,A5 SB 45 TFSI q S line BE,N/A,unreviewed,,,
AUDI,A5 SB 45 TFSI Q S LINE EO,A5 SB 45 TFSI q S line eo,N/A,unreviewed,,,
AUDI,A5 SB E-HYBRID Q TECH PLUS,A5 SB e-hybrid q Tech Plus,N/A,unreviewed,,,
AUDI,A5 SB E-HYBRID Q TECH PRO,A5 SB e-hybrid q Tech Pro,N/A,unreviewed,,,
AUDI,A6 40 TFSI S LINE,A6 40 TFSI S line,N/A,unreviewed,,,
AUDI,A6 50 TFSI,A6 50 TFSI,N/A,unreviewed,,,
AUDI,A6 AV 40 TFSI S LINE,A6 AV 40 TFSI S line,N/A,unreviewed,,,
AUDI,A6 AV 45 TFSI Q S LINE BE,A6 AV 45 TFSI q S line BE,N/A,unreviewed,,,
AUDI,A6 AV 55 TFSI Q S LINE,A6 AV 55 TFSI q S line,N/A,unreviewed,,,
AUDI,A7 SB 45 TFSI,A7 SB 45 TFSI,N/A,unreviewed,,,
AUDI,A7 SB 45 TFSI Q,A7 SB 45 TFSI q,N/A,unreviewed,,,
AUDI,A7 SB 55 TFSI Q S LINE,A7 SB 55 TFSI q S line,N/A,unreviewed,,,
AUDI,A7 SB 55 TFSIE Q SLINE,A7 SB 55 TFSIe q Sline,N/A,unreviewed,,,
AUDI,A7 SB 55 TFSIE Q SLINE BE,A7 SB 55 TFSIe q Sline BE,N/A,unreviewed,,,
AUDI,A7 SPORTBACK 40 TDI,A7 SPORTBACK 40 TDI,N/A,unreviewed,,,
AUDI,A8,A8,N/A,unreviewed,,,
AUDI,A8 L 55 TFSI Q PG S LINE,A8 L 55 TFSI q Pg S line,N/A,unreviewed,,,
AUDI,A8 L 55 TFSI Q PREMIUM,A8 L 55 TFSI q Premium,N/A,unreviewed,,,
AUDI,A8 L 55 TFSI Q PRESTIGE,A8 L 55 TFSI q Prestige,N/A,unreviewed,,,
AUDI,A8 L TFSI E QUATTRO,A8 L TFSI E QUATTRO,N/A,unreviewed,,,
AUDI,A8L 60 TFSIE Q PSTG SLINE,A8L 60 TFSIe q Pstg Sline,N/A,unreviewed,,,
AUDI,E-TRON 55 Q,e-tron 55 q,N/A,unreviewed,,,
AUDI,E-TRON GT QUATTRO,e-tron GT quattro,N/A,unreviewed,,,
AUDI,E-TRON GT QUATTRO PF,e-tron GT quattro PF,N/A,unreviewed,,,
AUDI,E-TRON SB 55 Q S LINE,e-tron SB 55 q S line,N/A,unreviewed,,,
AUDI,Q2 35 TFSI,Q2 35 TFSI,N/A,unreviewed,,,
AUDI,Q3 35 TFSI,Q3 35 TFSI,N/A,unreviewed,,,
AUDI,Q3 35 TFSI S LINE,Q3 35 TFSI S line,N/A,unreviewed,,,
AUDI,Q3 40 TFSI Q S LINE BE,Q3 40 TFSI q S line BE,N/A,unreviewed,,,
AUDI,Q3 SB 35 TFSI S LINE,Q3 SB 35 TFSI S line,N/A,unreviewed,,,
AUDI,Q3 SB 40 TFSI Q S LINE BE,Q3 SB 40 TFSI q S line BE,N/A,unreviewed,,,
AUDI,Q3 SPORTBACK 35 TFSI S LINE,Q3 SPORTBACK 35 TFSI S LINE,N/A,unreviewed,,,
AUDI,Q3 SPORTBACK BLACK EDITION 35,Q3 SPORTBACK BLACK EDITION 35,N/A,unreviewed,,,
AUDI,Q3 TECHNIK 35 TFSI,Q3 TECHNIK 35 TFSI,N/A,unreviewed,,,
AUDI,Q5 35 TDI Q,Q5 35 TDI q,N/A,unreviewed,,,
AUDI,Q5 40 TDI Q,Q5 40 TDI q,N/A,unreviewed,,,
AUDI,Q5 45 TFSI Q S LINE,Q5 45 TFSI q S line,N/A,unreviewed,,,
AUDI,Q5 45 TFSI Q S LINE BE,Q5 45 TFSI q S line BE,N/A,unreviewed,,,
AUDI,Q5 55 TFSI E Q S LINE,Q5 55 TFSI e q S line,N/A,unreviewed,,,
AUDI,Q5 55 TFSI E Q S LINE BE,Q5 55 TFSI e q S line BE,N/A,unreviewed,,,
AUDI,Q5 SB 55 TFSIE Q S LINEBE,Q5 SB 55 TFSIe q S lineBE,N/A,unreviewed,,,
AUDI,Q6 E-TRON PERFORMANCE,Q6 e-tron Performance,N/A,unreviewed,,,
AUDI,Q7 3.0 TDI QUATTRO,Q7 3.0 TDI QUATTRO,N/A,unreviewed,,,
AUDI,Q7 40 TFSI Q,Q7 40 TFSI q,N/A,unreviewed,,,
AUDI,Q7 45 TDI Q,Q7 45 TDI q,N/A,unreviewed,,,
AUDI,Q7 45 TDI Q S LINE,Q7 45 TDI q S line,N/A,unreviewed,,,
AUDI,Q7 45 TFSI Q,Q7 45 TFSI q,N/A,unreviewed,,,
AUDI,Q7 45 TFSI Q S LINE,Q7 45 TFSI q S line,N/A,unreviewed,,,
AUDI,Q7 45 TFSI Q S LINE BE,Q7 45 TFSI q S line BE,N/A,unreviewed,,,
AUDI,Q7 55 TFSI Q S LINE,Q7 55 TFSI q S line,N/A,unreviewed,,,
AUDI,Q7 60 TFSI E Q S LINE BE,Q7 60 TFSI e q S line BE,N/A,unreviewed,,,
AUDI,Q7 TFSI E Q S LINE EDITION ONE,Q7 TFSI e q S line edition one,N/A,unreviewed,,,
AUDI,Q8 50 TDI QUATTRO,Q8 50 TDI QUATTRO,N/A,unreviewed,,,
AUDI,Q8 55 TFSI Q S LINE,Q8 55 TFSI q S line,N/A,unreviewed,,,
AUDI,Q8 60 TFSI E Q S LINE BE,Q8 60 TFSI e q S line BE,N/A,unreviewed,,,
AUDI,Q8 E-TRON 50 Q,Q8 e-tron 50 q,N/A,unreviewed,,,
AUDI,Q8 ETRON 55 Q BE,Q8 etron 55 q BE,N/A,unreviewed,,,
AUDI,Q8 SB E-TRON 50 Q S LINE,Q8 SB e-tron 50 q S line,N/A,unreviewed,,,
AUDI,Q8 SB ETRON 55 Q SLINE BE,Q8 SB etron 55 q Sline BE,N/A,unreviewed,,,
AUDI,Q8 TFSI E Q S LINE EDITION ONE,Q8 TFSI e q S line edition one,N/A,unreviewed,,,
AUDI,R8 COUPE V10,R8 COUPE V10,N/A,unreviewed,,,
AUDI,R8 COUPE V10 PERFORMANCE,R8 COUPE V10 PERFORMANCE,N/A,unreviewed,,,
AUDI,R8 CP V10 PERFORMANCE Q,R8 CP V10 Performance q,N/A,unreviewed,,,
AUDI,R8 SPYDER V10,R8 SPYDER V10,N/A,unreviewed,,,
AUDI,R8 SPYDER V10 PERFORMANCE,R8 SPYDER V10 PERFORMANCE,N/A,unreviewed,,,
AUDI,R8 V10 COUPE,R8 V10 COUPE,N/A,unreviewed,,,
AUDI,RS 3 SPORTBACK QUATTRO,RS 3 Sportback quattro,N/A,unreviewed,,,
AUDI,RS 4 AV Q,RS 4 AV q,N/A,unreviewed,,,
AUDI,RS 4 AVANT Q COMPETITION,RS 4 Avant q competition,N/A,unreviewed,,,
AUDI,RS 5 COUPE Q COMPETITION,RS 5 Coupe q competition,N/A,unreviewed,,,
AUDI,RS 5 COUPE QUATTRO,RS 5 Coupe quattro,N/A,unreviewed,,,
AUDI,RS 6 AVANT 25TH ANNIVERSARY,RS 6 AVANT 25TH ANNIVERSARY,N/A,unreviewed,,,
AUDI,RS 6 AVANT Q PERFORMANCE,RS 6 Avant q performance,N/A,unreviewed,,,
AUDI,RS 6 AVANT QUATTRO,RS 6 Avant quattro,N/A,unreviewed,,,
AUDI,RS 6 AVANT TFSI QUATTRO,RS 6 AVANT TFSI QUATTRO,N/A,unreviewed,,,
AUDI,RS 7 SB Q PERFORMANCE,RS 7 SB q performance,N/A,unreviewed,,,
AUDI,RS 7 SPORTBACK,RS 7 SPORTBACK,N/A,unreviewed,,,
AUDI,RS 7 SPORTBACK QUATTRO,RS 7 Sportback quattro,N/A,unreviewed,,,
AUDI,RS 7 SPORTBACK TFSI QUATTRO,RS 7 SPORTBACK TFSI QUATTRO,N/A,unreviewed,,,
AUDI,RS E-TRON GT QUATTRO,RS e-tron GT quattro,N/A,unreviewed,,,
AUDI,RS Q3 SB EDITION 10 YEARS,RS Q3 SB edition 10 years,N/A,unreviewed,,,
AUDI,RS Q3 SPORTBACK QUATTRO,RS Q3 Sportback quattro,N/A,unreviewed,,,
AUDI,RS Q8,RS Q8,N/A,unreviewed,,,
AUDI,RS Q8 Q,RS Q8 q,N/A,unreviewed,,,
AUDI,RS Q8 QUATTRO PERFORMANCE,RS Q8 quattro performance,N/A,unreviewed,,,
AUDI,RS Q8 TFSI QUATTRO,RS Q8 TFSI QUATTRO,N/A,unreviewed,,,
AUDI,RS Q8 VORSPRUNG,RS Q8 VORSPRUNG,N/A,unreviewed,,,
AUDI,RS3 SPORTBACK,RS3 SPORTBACK,N/A,unreviewed,,,
AUDI,RS4,RS4,N/A,unreviewed,,,
AUDI,RS6 AVANT,RS6 AVANT,N/A,unreviewed,,,
AUDI,RS6 AVANT NOGARO LIMITED,RS6 AVANT NOGARO LIMITED,N/A,unreviewed,,,
AUDI,RS6 AVANT TFSI QUATTRO,RS6 AVANT TFSI QUATTRO,N/A,unreviewed,,,
AUDI,RS6 AVANT TFSI QUATTRO ESTATE,RS6 AVANT TFSI QUATTRO ESTATE,N/A,unreviewed,,,
AUDI,S3 2.0 TFSI QUATTRO,S3 2.0 TFSI QUATTRO,N/A,unreviewed,,,
AUDI,S3 SPORTBACK QUATTRO,S3 Sportback quattro,N/A,unreviewed,,,
AUDI,S6 SPORTBACK E-TRON QUATTRO,S6 Sportback e-tron quattro,N/A,unreviewed,,,
AUDI,S8 TFSI QUATTRO,S8 TFSI QUATTRO,N/A,unreviewed,,,
AUDI,SQ8 VORSPRUNG TDI QUATTRO,SQ8 VORSPRUNG TDI QUATTRO,N/A,unreviewed,,,
AUDI,TT COUPE,TT COUPE,N/A,unreviewed,,,
AUDI,TT COUPE 2.0 TFSI,TT COUPE 2.0 TFSI,N/A,unreviewed,,,
AUDI,TT COUPE 45 TFSI Q S LINE,TT Coupe 45 TFSI q S line,N/A,unreviewed,,,
AUDI,TT COUPE FINAL ICON BLACK,TT Coupe Final Icon Black,N/A,unreviewed,,,
AUDI,TT RD 45 TFSI Q 20 YEARS,TT RD 45 TFSI q 20 years,N/A,unreviewed,,,
AUDI,TT RD 45 TFSI Q S LINE,TT RD 45 TFSI q S line,N/A,unreviewed,,,
AUDI,TT RD FINAL ICON BLACK,TT RD Final Icon Black,N/A,unreviewed,,,
AUDI,TT RS COUPE Q,TT RS Coupe q,N/A,unreviewed,,,
AUDI,TT RS HERITAGE EDITION,TT RS Heritage Edition,N/A,unreviewed,,,
AUDI,TTS COUPE Q,TTS Coupe q,N/A,unreviewed,,,
AVATR,AVATR 07 MAX,AVATR 07,N/A,unreviewed,,,
AVATR,AVATR 07 ULTRA AWD,AVATR 07,N/A,unreviewed,,,
AVATR,AVATR 11 LONG RANGE,AVATR 11,N/A,unreviewed,,,
AVATR,AVATR 11 ROYAL EDITION,AVATR 11,N/A,unreviewed,,,
AVATR,AVATR 11 STANDARD RANGE,AVATR 11,N/A,unreviewed,,,
AXION,T5,T5,N/A,unreviewed,,,
BAILEY,RANGER 460-2,RANGER 460-2,N/A,unreviewed,,,
BAILEY,SENATOR,SENATOR,N/A,unreviewed,,,
BAJAJ,CHETAK 2413 PREMIUM,CHETAK 2413 PREMIUM,N/A,unreviewed,,,
BAJAJ,DOMINAR D 400,Dominar D 400,N/A,unreviewed,,,
BAJAJ,DOMINAR D250,DOMINAR D250,N/A,unreviewed,,,
BAJAJ,PULSAR NS 160,PULSAR NS 160,N/A,unreviewed,,,
BAJAJ,PULSAR NS 200,PULSAR NS 200,N/A,unreviewed,,,
BAJAJ,PULSAR RS 200,Pulsar RS 200,N/A,unreviewed,,,
BANGKOK PANJAN,PC 200,PC 200,N/A,unreviewed,,,
BANGKOK PANJAN,PC 60,PC 60,N/A,unreviewed,,,
BAOJUN,E300,E300,N/A,unreviewed,,,
BAOSHIMA,SU8,SU8,N/A,unreviewed,,,
BAOSHIMA,VMAX3.0,Vmax3.0,N/A,unreviewed,,,
BAOSHIMA,Y2,Y2,N/A,unreviewed,,,
BCM,BS1,BS1,N/A,unreviewed,,,
BCM,BS2S,BS2S,N/A,unreviewed,,,
BECK,SPYDER,SPYDER,N/A,unreviewed,,,
BELLA,BELLA,BELLA,N/A,unreviewed,,,
BENELLI,302R,302R,N/A,unreviewed,,,
BENELLI,502C,502C,N/A,unreviewed,,,
BENELLI,BJ600GS,BJ600GS,N/A,unreviewed,,,
BENELLI,IMPERIALE 400,IMPERIALE 400,N/A,unreviewed,,,
BENELLI,LEONCINO 250,LEONCINO 250,N/A,unreviewed,,,
BENELLI,LEONCINO 500,LEONCINO 500,N/A,unreviewed,,,
BENELLI,LEONCINO TRAIL,LEONCINO TRAIL,N/A,unreviewed,,,
BENELLI,TNT135,TNT135,N/A,unreviewed,,,
BENELLI,TNT25,TNT25,N/A,unreviewed,,,
BENELLI,TNT300S,TNT300S,N/A,unreviewed,,,
BENELLI,TNT600GT,TNT600GT,N/A,unreviewed,,,
BENELLI,TNT899,TNT899,N/A,unreviewed,,,
BENELLI,TRK251,TRK251,N/A,unreviewed,,,
BENELLI,TRK502 ABS,TRK502 ABS,N/A,unreviewed,,,
BENELLI,TRK502X ABS,TRK502X ABS,N/A,unreviewed,,,
BENTLEY,BENTAYGA,BENTAYGA,N/A,unreviewed,,,
BENTLEY,BENTAYGA A V8,BENTAYGA A V8,N/A,unreviewed,,,
BENTLEY,BENTAYGA ATELIER HYBRID,BENTAYGA ATELIER HYBRID,N/A,unreviewed,,,
BENTLEY,BENTAYGA AZURE HYBRID,BENTAYGA AZURE HYBRID,N/A,unreviewed,,,
BENTLEY,BENTAYGA EWB AZURE V8,BENTAYGA EWB AZURE V8,N/A,unreviewed,,,
BENTLEY,BENTAYGA HYBRID,BENTAYGA HYBRID,N/A,unreviewed,,,
BENTLEY,BENTAYGA ODYSSEAN EDITION,BENTAYGA ODYSSEAN EDITION,N/A,unreviewed,,,
BENTLEY,BENTAYGA S HYBRID,BENTAYGA S HYBRID,N/A,unreviewed,,,
BENTLEY,BENTAYGA V8,BENTAYGA V8,N/A,unreviewed,,,
BENTLEY,BENTAYGA V8 DIESEL,BENTAYGA V8 DIESEL,N/A,unreviewed,,,
BENTLEY,BENTAYGA W12,BENTAYGA W12,N/A,unreviewed,,,
BENTLEY,CONTINENTAL GT AZURE V8,CONTINENTAL GT AZURE V8,N/A,unreviewed,,,
BENTLEY,CONTINENTAL GT CONVERTIBLE,CONTINENTAL GT CONVERTIBLE,N/A,unreviewed,,,
BENTLEY,CONTINENTAL GT CONVERTIBLE V8,CONTINENTAL GT CONVERTIBLE V8,N/A,unreviewed,,,
BENTLEY,CONTINENTAL GT COUPE V8,CONTINENTAL GT COUPE V8,N/A,unreviewed,,,
BENTLEY,CONTINENTAL GT PHEV,CONTINENTAL GT PHEV,N/A,unreviewed,,,
BENTLEY,CONTINENTAL GT S V8,CONTINENTAL GT S V8,N/A,unreviewed,,,
BENTLEY,CONTINENTAL GT SPEED,CONTINENTAL GT SPEED,N/A,unreviewed,,,
BENTLEY,CONTINENTAL GT V8,CONTINENTAL GT V8,N/A,unreviewed,,,
BENTLEY,CONTINENTAL GT V8 AWD,CONTINENTAL GT V8 AWD,N/A,unreviewed,,,
BENTLEY,CONTINENTAL GT V8 CONV.,CONTINENTAL GT V8 CONV.,N/A,unreviewed,,,
BENTLEY,CONTINENTAL GT V8 CONVERTIBLE,CONTINENTAL GT V8 CONVERTIBLE,N/A,unreviewed,,,
BENTLEY,CONTINENTAL GT V8 COUPE,CONTINENTAL GT V8 COUPE,N/A,unreviewed,,,
BENTLEY,CONTINENTAL GT V8 MULLINER,CONTINENTAL GT V8 MULLINER,N/A,unreviewed,,,
BENTLEY,CONTINENTAL GT W12,CONTINENTAL GT W12,N/A,unreviewed,,,
BENTLEY,CONTINENTAL GTC,CONTINENTAL GTC,N/A,unreviewed,,,
BENTLEY,CONTINENTAL GTC AZURE V8,CONTINENTAL GTC AZURE V8,N/A,unreviewed,,,
BENTLEY,CONTINENTAL GTC S,CONTINENTAL GTC S,N/A,unreviewed,,,
BENTLEY,CONTINENTAL GTC S V8,CONTINENTAL GTC S V8,N/A,unreviewed,,,
BENTLEY,CONTINENTAL GTC V8,CONTINENTAL GTC V8,N/A,unreviewed,,,
BENTLEY,FLYING SPUR,FLYING SPUR,N/A,unreviewed,,,
BENTLEY,FLYING SPUR A HYBRID,FLYING SPUR A HYBRID,N/A,unreviewed,,,
BENTLEY,FLYING SPUR AZURE HYBRID,FLYING SPUR AZURE HYBRID,N/A,unreviewed,,,
BENTLEY,FLYING SPUR HYBRID,FLYING SPUR HYBRID,N/A,unreviewed,,,
BENTLEY,FLYING SPUR HYBRID S,FLYING SPUR HYBRID S,N/A,unreviewed,,,
BENTLEY,FLYING SPUR MULLINER HYB,FLYING SPUR MULLINER HYB,N/A,unreviewed,,,
BENTLEY,FLYING SPUR MULLINER HYBRID,FLYING SPUR MULLINER HYBRID,N/A,unreviewed,,,
BENTLEY,FLYING SPUR S HYBRID,FLYING SPUR S HYBRID,N/A,unreviewed,,,
BENTLEY,FLYING SPUR SPEED ED. 12,FLYING SPUR SPEED ED. 12,N/A,unreviewed,,,
BENTLEY,FLYING SPUR V8,FLYING SPUR V8,N/A,unreviewed,,,
BENTLEY,FLYING SPUR W12,FLYING SPUR W12,N/A,unreviewed,,,
BENTLEY,GT SPEED CONVERTIBLE,GT SPEED CONVERTIBLE,N/A,unreviewed,,,
BENTLEY,MULSANNE EXTENDED WHEELBASE,MULSANNE EXTENDED WHEELBASE,N/A,unreviewed,,,
BENTLEY,MULSANNE SPEED,MULSANNE SPEED,N/A,unreviewed,,,
BENTLEY,ROYAL GRAND LIMOUSINE,ROYAL GRAND LIMOUSINE,N/A,unreviewed,,,
BENZ,300GD,300GD,N/A,unreviewed,,,
BENZ,CL550,CL550,N/A,unreviewed,,,
BIGBULL,POCKY125,POCKY125,N/A,unreviewed,,,
BIGBULL,Z1,Z1,N/A,unreviewed,,,
BITELLI,DTV65,DTV65,N/A,unreviewed,,,
BITTLLI,C-100AL/DT,C-100AL/DT,N/A,unreviewed,,,
BIZ NEX,NEX,NEX,N/A,unreviewed,,,
BIZ NEX,NEX2.0,NEX2.0,N/A,unreviewed,,,
BIZ NEX,P2,P2,N/A,unreviewed,,,
BLAVAL,EQ,EQ,N/A,unreviewed,,,
BLAVAL,FH-V7,FH-V7,N/A,unreviewed,,,
BLAVAL,FHV7-A,FHV7-A,N/A,unreviewed,,,
BMW,118D M SPORT HATCH MANUAL,118D M SPORT HATCH MANUAL,N/A,unreviewed,,,
BMW,118I M SPORT,118i M Sport,N/A,unreviewed,,,
BMW,218I GRAN COUPE RHD,218i Gran Coupe RHD,N/A,unreviewed,,,
BMW,220 GRAN COUPE M SPORT PR,220 Gran Coupe M Sport Pr,N/A,unreviewed,,,
BMW,220I COUPE RHD,220I COUPE RHD,N/A,unreviewed,,,
BMW,220I GRAN COUPE M SPORT,220i Gran Coupe M Sport,N/A,unreviewed,,,
BMW,220I GRAN COUPE SPORT,220i Gran Coupe Sport,N/A,unreviewed,,,
BMW,318D M SPORT SALOON MANUAL,318D M SPORT SALOON MANUAL,N/A,unreviewed,,,
BMW,320D GT LUXURY,320d GT Luxury,N/A,unreviewed,,,
BMW,320D GT M SPORT,320d GT M Sport,N/A,unreviewed,,,
BMW,320D GT SPORT,320d GT Sport,N/A,unreviewed,,,
BMW,320D LIMOUSINE RHD,320d Limousine RHD,N/A,unreviewed,,,
BMW,320D LUXURY,320d Luxury,N/A,unreviewed,,,
BMW,320D M PERFORMANCE,320d M Performance,N/A,unreviewed,,,
BMW,320D M SPORT,320d M Sport,N/A,unreviewed,,,
BMW,320D SPORT,320d Sport,N/A,unreviewed,,,
BMW,320I SPORT,320I SPORT,N/A,unreviewed,,,
BMW,320LI,320Li,N/A,unreviewed,,,
BMW,320LI LIMOUSINE LWB RHD,320Li Limousine LWB RHD,N/A,unreviewed,,,
BMW,320LI LIMOUSINE RHD,320Li Limousine RHD,N/A,unreviewed,,,
BMW,328I M SPORT,328I M SPORT,N/A,unreviewed,,,
BMW,330E,330e,N/A,unreviewed,,,
BMW,330E LIMOUSINE RHD,330e Limousine RHD,N/A,unreviewed,,,
BMW,330E LUXURY,330e Luxury,N/A,unreviewed,,,
BMW,330E M SPORT,330e M Sport,N/A,unreviewed,,,
BMW,330E SPORT,330e Sport,N/A,unreviewed,,,
BMW,330I LIMOUSINE RHD,330i Limousine RHD,N/A,unreviewed,,,
BMW,330LI,330Li,N/A,unreviewed,,,
BMW,330LI LIMOUSINE RHD,330Li Limousine RHD,N/A,unreviewed,,,
BMW,420D COUPE RHD,420D COUPE RHD,N/A,unreviewed,,,
BMW,420D GRAN COUPE RHD,420D GRAN COUPE RHD,N/A,unreviewed,,,
BMW,420I CABRIO RHD,420I CABRIO RHD,N/A,unreviewed,,,
BMW,420I COUPE M SPORT,420I COUPE M SPORT,N/A,unreviewed,,,
BMW,420I COUPE RHD,420i Coupe RHD,N/A,unreviewed,,,
BMW,420I GRAN COUPE RHD,420I GRAN COUPE RHD,N/A,unreviewed,,,
BMW,430D CONVERTIBLE MILD-HYBRID,430D CONVERTIBLE Mild-hybrid,N/A,unreviewed,,,
BMW,430I CABRIO RHD,430i Cabrio RHD,N/A,unreviewed,,,
BMW,430I CONVERTIBLE RHD,430i Convertible RHD,N/A,unreviewed,,,
BMW,430I COUPE RHD,430i Coupe RHD,N/A,unreviewed,,,
BMW,520D,520d,N/A,unreviewed,,,
BMW,520D LIMOUSINE RHD,520d Limousine RHD,N/A,unreviewed,,,
BMW,520D M SPORT,520d M Sport,N/A,unreviewed,,,
BMW,520D M SPORT PRO,520d M Sport Pro,N/A,unreviewed,,,
BMW,520D SPORT,520d Sport,N/A,unreviewed,,,
BMW,520I,520I,N/A,unreviewed,,,
BMW,525D,525d,N/A,unreviewed,,,
BMW,525D CELEBRATION EDITION,525d Celebration Edition,N/A,unreviewed,,,
BMW,525D LUXURY,525d Luxury,N/A,unreviewed,,,
BMW,525D M SPORT,525d M Sport,N/A,unreviewed,,,
BMW,528I LUXURY,528i Luxury,N/A,unreviewed,,,
BMW,530E ELITE,530e Elite,N/A,unreviewed,,,
BMW,530E HIGHLINE,530e Highline,N/A,unreviewed,,,
BMW,530E INSPIRING,530e Inspiring,N/A,unreviewed,,,
BMW,530E LUXURY,530e Luxury,N/A,unreviewed,,,
BMW,530E M SPORT,530e M Sport,N/A,unreviewed,,,
BMW,530E M SPORT PRO,530e M Sport Pro,N/A,unreviewed,,,
BMW,530I LIMOUSINE RHD,530i Limousine RHD,N/A,unreviewed,,,
BMW,530I TOURING RHD,530i Touring RHD,N/A,unreviewed,,,
BMW,630CI,630Ci,N/A,unreviewed,,,
BMW,630D GRAN TURISMO RHD,630d Gran Turismo RHD,N/A,unreviewed,,,
BMW,630I COUPE RHD,630I COUPE RHD,N/A,unreviewed,,,
BMW,630I GRAN TURISMO RHD,630i Gran Turismo RHD,N/A,unreviewed,,,
BMW,650I,650I,N/A,unreviewed,,,
BMW,725LD,725Ld,N/A,unreviewed,,,
BMW,730LD,730Ld,N/A,unreviewed,,,
BMW,730LD LIMOUSINE RHD,730Ld Limousine RHD,N/A,unreviewed,,,
BMW,730LD M SPORT,730Ld M Sport,N/A,unreviewed,,,
BMW,730LD PURE EXCELLENCE,730Ld Pure Excellence,N/A,unreviewed,,,
BMW,740D M SPORT,740d M Sport,N/A,unreviewed,,,
BMW,740LE XDRIVE IPERFORMANCE RHD,740Le xDrive iPerformance RHD,N/A,unreviewed,,,
BMW,740LE XDRIVE M SPORT,740Le xDrive M Sport,N/A,unreviewed,,,
BMW,740LE XDRIVE PURE EXCELLENCE,740Le xDrive Pure Excellence,N/A,unreviewed,,,
BMW,740LI LIMOUSINE RHD,740LI LIMOUSINE RHD,N/A,unreviewed,,,
BMW,745LE XDRIVE M SPORT,745Le xDrive M Sport,N/A,unreviewed,,,
BMW,750E XDRIVE,750e xDrive,N/A,unreviewed,,,
BMW,750E XDRIVE M SPORT,750e xDrive M Sport,N/A,unreviewed,,,
BMW,840D XDRIVE,840D XDRIVE,N/A,unreviewed,,,
BMW,840D XDRIVE COUPE,840D XDRIVE COUPE,N/A,unreviewed,,,
BMW,840D XDRIVE M COUPE,840D XDRIVE M COUPE,N/A,unreviewed,,,
BMW,840I CONVERTIBLE,840I CONVERTIBLE,N/A,unreviewed,,,
BMW,840I M SPORT COUPE,840I M SPORT COUPE,N/A,unreviewed,,,
BMW,840I M SPORT GRAN COUPE,840i M SPORT GRAN COUPE,N/A,unreviewed,,,
BMW,ALPINA B3 S BI-TURBO TOURING,ALPINA B3 S BI-TURBO TOURING,N/A,unreviewed,,,
BMW,ALPINA B5 TOURING,ALPINA B5 TOURING,N/A,unreviewed,,,
BMW,ALPINA D3 S TOURING,ALPINA D3 S TOURING,N/A,unreviewed,,,
BMW,ALPINA D3 S TOURING MILD,ALPINA D3 S TOURING MILD,N/A,unreviewed,,,
BMW,C 400 GT,C 400 GT,N/A,unreviewed,,,
BMW,C 400 X,C 400 X,N/A,unreviewed,,,
BMW,C 650 GT US,C 650 GT US,N/A,unreviewed,,,
BMW,C 650 SPORT US,C 650 Sport US,N/A,unreviewed,,,
BMW,CE 02,CE 02,N/A,unreviewed,,,
BMW,CE 04,CE 04,N/A,unreviewed,,,
BMW,F 700 GS,F 700 GS,N/A,unreviewed,,,
BMW,F 750 GS,F 750 GS,N/A,unreviewed,,,
BMW,F 800 GS,F 800 GS,N/A,unreviewed,,,
BMW,F 800 GS ADVENTURE US,F 800 GS Adventure US,N/A,unreviewed,,,
BMW,F 800 GT,F 800 GT,N/A,unreviewed,,,
BMW,F 800 R,F 800 R,N/A,unreviewed,,,
BMW,F 850 GS,F 850 GS,N/A,unreviewed,,,
BMW,F 850 GS ADVENTURE,F 850 GS Adventure,N/A,unreviewed,,,
BMW,F 900 GS,F 900 GS,N/A,unreviewed,,,
BMW,F 900 GS ADVENTURE,F 900 GS Adventure,N/A,unreviewed,,,
BMW,F 900 R,F 900 R,N/A,unreviewed,,,
BMW,F 900 XR,F 900 XR,N/A,unreviewed,,,
BMW,G 310 GS,G 310 GS,N/A,unreviewed,,,
BMW,G 310 GS US,G 310 GS US,N/A,unreviewed,,,
BMW,G 310 R,G 310 R,N/A,unreviewed,,,
BMW,G 310 R US,G 310 R US,N/A,unreviewed,,,
BMW,I3,I3,N/A,unreviewed,,,
BMW,I3S 94AH RHD,i3s 94Ah RHD,N/A,unreviewed,,,
BMW,I4 EDRIVE35 GRAN COUPE RH,i4 eDrive35 Gran Coupe RH,N/A,unreviewed,,,
BMW,I4 EDRIVE40 GRAN COUPE RH,i4 eDrive40 Gran Coupe RH,N/A,unreviewed,,,
BMW,I4 M50 GRAN COUPE RHD,i4 M50 Gran Coupe RHD,N/A,unreviewed,,,
BMW,I5 EDRIVE40 M SPORT,i5 eDrive40 M Sport,N/A,unreviewed,,,
BMW,I5 EDRIVE40 RHD,i5 eDrive40 RHD,N/A,unreviewed,,,
BMW,I5 EDRIVE40 TOURING RHD,i5 eDrive40 Touring RHD,N/A,unreviewed,,,
BMW,I5 M60 XDRIVE RHD,i5 M60 xDrive RHD,N/A,unreviewed,,,
BMW,I7 EDRIVE50 RHD,i7 eDrive50 RHD,N/A,unreviewed,,,
BMW,I7 M70 XDRIVE RHD,i7 M70 xDrive RHD,N/A,unreviewed,,,
BMW,I7 XDRIVE60 LIMOUSINE RHD,i7 xDrive60 Limousine RHD,N/A,unreviewed,,,
BMW,I8,I8,N/A,unreviewed,,,
BMW,I8 HYBRID,I8 HYBRID,N/A,unreviewed,,,
BMW,I8 RHD,I8 RHD,N/A,unreviewed,,,
BMW,I8 ROADSTER,I8 ROADSTER,N/A,unreviewed,,,
BMW,I8 ROADSTER RHD,i8 Roadster RHD,N/A,unreviewed,,,
BMW,IX XDRIVE40 RHD,iX xDrive40 RHD,N/A,unreviewed,,,
BMW,IX XDRIVE50,iX xDrive50,N/A,unreviewed,,,
BMW,IX XDRIVE50 RHD,iX xDrive50 RHD,N/A,unreviewed,,,
BMW,IX1 EDRIVE20L,iX1 eDrive20L,N/A,unreviewed,,,
BMW,IX2 XDRIVE30 RHD,iX2 xDrive30 RHD,N/A,unreviewed,,,
BMW,IX3 M SPORT RHD,iX3 M Sport RHD,N/A,unreviewed,,,
BMW,K 1600 B,K 1600 B,N/A,unreviewed,,,
BMW,K 1600 GT,K 1600 GT,N/A,unreviewed,,,
BMW,K 1600 GTL,K 1600 GTL,N/A,unreviewed,,,
BMW,K 1600 GTL US,K 1600 GTL US,N/A,unreviewed,,,
BMW,M 1000 R,M 1000 R,N/A,unreviewed,,,
BMW,M1000RR,M1000RR,N/A,unreviewed,,,
BMW,M2 COMPETITION,M2 COMPETITION,N/A,unreviewed,,,
BMW,M2 COMPTETITION RHD,M2 Comptetition RHD,N/A,unreviewed,,,
BMW,M2 COUPE,M2 COUPE,N/A,unreviewed,,,
BMW,M2 COUPE RHD,M2 Coupe RHD,N/A,unreviewed,,,
BMW,M2 COUPE RHD MX,M2 Coupe RHD MX,N/A,unreviewed,,,
BMW,M2 CS,M2 CS,N/A,unreviewed,,,
BMW,M2 CS COUPE,M2 CS COUPE,N/A,unreviewed,,,
BMW,M2 CS COUPE RHD,M2 CS Coupe RHD,N/A,unreviewed,,,
BMW,M2 RHD,M2 RHD,N/A,unreviewed,,,
BMW,M240I XDRIVE COUPE RHD MX,M240i xDrive Coupe RHD MX,N/A,unreviewed,,,
BMW,M3 COMPETITION,M3 COMPETITION,N/A,unreviewed,,,
BMW,M3 COMPETITION LIMOUSINE,M3 Competition Limousine,N/A,unreviewed,,,
BMW,M3 COMPETITION M X-DRIVE,M3 COMPETITION M X-DRIVE,N/A,unreviewed,,,
BMW,M3 COMPETITION M XDRIVE T,M3 Competition M xDrive T,N/A,unreviewed,,,
BMW,M3 COMPETITION TOURING WITH M,M3 COMPETITION TOURING WITH M,N/A,unreviewed,,,
BMW,M3 CS LIMOUSINE RHD,M3 CS Limousine RHD,N/A,unreviewed,,,
BMW,M3 CS TOURING,M3 CS Touring,N/A,unreviewed,,,
BMW,M340I XDRIVE,M340i xDrive,N/A,unreviewed,,,
BMW,M340I XDRIVE LIMOUSINE RHD,M340i xDrive Limousine RHD,N/A,unreviewed,,,
BMW,M4 CABRIO RHD,M4 Cabrio RHD,N/A,unreviewed,,,
BMW,M4 COMPETITION,M4 COMPETITION,N/A,unreviewed,,,
BMW,M4 COMPETITION COUPE,M4 COMPETITION COUPE,N/A,unreviewed,,,
BMW,M4 COMPETITION COUPE RHD,M4 Competition Coupe RHD,N/A,unreviewed,,,
BMW,M4 COMPETITION COUPE WITH M,M4 COMPETITION COUPE WITH M,N/A,unreviewed,,,
BMW,M4 COMPETITION M XDRIVE C,M4 Competition M xDrive C,N/A,unreviewed,,,
BMW,M4 COMPETITION M XDRIVE COUPE,M4 COMPETITION M XDRIVE COUPE,N/A,unreviewed,,,
BMW,M4 COUPE RHD,M4 Coupe RHD,N/A,unreviewed,,,
BMW,M4 CS COUPE RHD,M4 CS Coupe RHD,N/A,unreviewed,,,
BMW,M4 CS RHD,M4 CS RHD,N/A,unreviewed,,,
BMW,M4 CSL,M4 CSL,N/A,unreviewed,,,
BMW,M4 CSL COUPE RHD,M4 CSL Coupe RHD,N/A,unreviewed,,,
BMW,M4 GTS COUPE,M4 GTS COUPE,N/A,unreviewed,,,
BMW,M4 GTS COUPE RHD,M4 GTS Coupe RHD,N/A,unreviewed,,,
BMW,M440I XDRIVE COUPE RHD,M440i xDrive Coupe RHD,N/A,unreviewed,,,
BMW,M5,M5,N/A,unreviewed,,,
BMW,M5 CS,M5 CS,N/A,unreviewed,,,
BMW,M5 CS LIMOUSINE RHD,M5 CS Limousine RHD,N/A,unreviewed,,,
BMW,M5 LIMOUSINE RHD,M5 Limousine RHD,N/A,unreviewed,,,
BMW,M760E XDRIVE,M760e xDrive,N/A,unreviewed,,,
BMW,M760LI XDRIVE LIMOUSINE R,M760Li xDrive Limousine R,N/A,unreviewed,,,
BMW,M760LI XDRIVE LIMOUSINE RHD,M760Li xDrive Limousine RHD,N/A,unreviewed,,,
BMW,M8 COMPETITION COUPE,M8 COMPETITION COUPE,N/A,unreviewed,,,
BMW,M8 COUPE RHD,M8 Coupe RHD,N/A,unreviewed,,,
BMW,M8 GRAN COUPE RHD,M8 Gran Coupe RHD,N/A,unreviewed,,,
BMW,M850I XDRIVE CABRIO RHD,M850i xDrive Cabrio RHD,N/A,unreviewed,,,
BMW,M850I XDRIVE COUPE RHD,M850i xDrive Coupe RHD,N/A,unreviewed,,,
BMW,M850I XDRIVE RHD,M850i xDrive RHD,N/A,unreviewed,,,
BMW,R 12,R 12,N/A,unreviewed,,,
BMW,R 12 NINET,R 12 nineT,N/A,unreviewed,,,
BMW,R 12 S,R 12 S,N/A,unreviewed,,,
BMW,R 1200 GS,R 1200 GS,N/A,unreviewed,,,
BMW,R 1200 GS ADVENTURE,R 1200 GS ADVENTURE,N/A,unreviewed,,,
BMW,R 1200 RT US,R 1200 RT US,N/A,unreviewed,,,
BMW,R 1250 GS,R 1250 GS,N/A,unreviewed,,,
BMW,R 1250 GS ADVENTURE,R 1250 GS Adventure,N/A,unreviewed,,,
BMW,R 1250 RT,R 1250 RT,N/A,unreviewed,,,
BMW,R 1300 GS,R 1300 GS,N/A,unreviewed,,,
BMW,R 1300 GS ADVENTURE,R 1300 GS Adventure,N/A,unreviewed,,,
BMW,R 1300 RT,R 1300 RT,N/A,unreviewed,,,
BMW,R 18,R 18,N/A,unreviewed,,,
BMW,R 18 B,R 18 B,N/A,unreviewed,,,
BMW,R 18 CLASSIC,R 18 Classic,N/A,unreviewed,,,
BMW,R 18 ROCTANE,R 18 Roctane,N/A,unreviewed,,,
BMW,R 18 TRANSCONTINENTAL,R 18 Transcontinental,N/A,unreviewed,,,
BMW,R NINE T US,R nine T US,N/A,unreviewed,,,
BMW,R NINET,R nineT,N/A,unreviewed,,,
BMW,R NINET PURE,R nineT Pure,N/A,unreviewed,,,
BMW,R NINET PURE US,R nineT Pure US,N/A,unreviewed,,,
BMW,R NINET RACER US,R nineT Racer US,N/A,unreviewed,,,
BMW,R NINET SCRAMBLER,R nineT Scrambler,N/A,unreviewed,,,
BMW,R NINET SCRAMBLER US,R nineT Scrambler US,N/A,unreviewed,,,
BMW,R NINET URBAN G/S,R nineT Urban G/S,N/A,unreviewed,,,
BMW,R NINET URBAN G/S US,R nineT Urban G/S US,N/A,unreviewed,,,
BMW,R NINET US,R NINET US,N/A,unreviewed,,,
BMW,R1200GS,R1200GS,N/A,unreviewed,,,
BMW,R1300 GS,R1300 GS,N/A,unreviewed,,,
BMW,R18,R18,N/A,unreviewed,,,
BMW,R18 B,R18 B,N/A,unreviewed,,,
BMW,R18 CLASSIC,R18 Classic,N/A,unreviewed,,,
BMW,R18 TRANSCONTINENTAL,R18 Transcontinental,N/A,unreviewed,,,
BMW,S 1000 R,S 1000 R,N/A,unreviewed,,,
BMW,S 1000 RR,S 1000 RR,N/A,unreviewed,,,
BMW,S 1000 XR,S 1000 XR,N/A,unreviewed,,,
BMW,X1 SDRIVE 18D,X1 sDrive 18d,N/A,unreviewed,,,
BMW,X1 SDRIVE18D M SPORT,X1 sDrive18d M Sport,N/A,unreviewed,,,
BMW,X1 SDRIVE18D RHD,X1 sDrive18d RHD,N/A,unreviewed,,,
BMW,X1 SDRIVE18D XLINE,X1 sDrive18d xLine,N/A,unreviewed,,,
BMW,X1 SDRIVE18I,X1 sDrive18i,N/A,unreviewed,,,
BMW,X1 SDRIVE18I SPORT,X1 SDRIVE18I SPORT,N/A,unreviewed,,,
BMW,X1 SDRIVE18I XLINE,X1 sDrive18i xLine,N/A,unreviewed,,,
BMW,X1 SDRIVE20D HIGHLINE,X1 sDrive20d Highline,N/A,unreviewed,,,
BMW,X1 SDRIVE20D M SPORT,X1 sDrive20d M Sport,N/A,unreviewed,,,
BMW,X1 SDRIVE20D XLINE,X1 sDrive20d xLine,N/A,unreviewed,,,
BMW,X1 SDRIVE20I M SPORT,X1 sDrive20i M Sport,N/A,unreviewed,,,
BMW,X1 SDRIVE20I XLINE,X1 sDrive20i xLine,N/A,unreviewed,,,
BMW,X1 SDRIVE30E M SPORT,X1 sDrive30e M Sport,N/A,unreviewed,,,
BMW,X1 XDRIVE30E,X1 xDrive30e,N/A,unreviewed,,,
BMW,X1 XDRIVE30E M SPORT,X1 xDrive30e M Sport,N/A,unreviewed,,,
BMW,X2 SDRIVE20I RHD,X2 sDrive20i RHD,N/A,unreviewed,,,
BMW,X3 20D XDRIVE M SPORT PRO,X3 20d xDrive M Sport Pro,N/A,unreviewed,,,
BMW,X3 20D XDRIVE RHD,X3 20d xDrive RHD,N/A,unreviewed,,,
BMW,X3 M RHD,X3 M RHD,N/A,unreviewed,,,
BMW,X3 M50 XDRIVE,X3 M50 xDrive,N/A,unreviewed,,,
BMW,X3 M50 XDRIVE RHD,X3 M50 xDrive RHD,N/A,unreviewed,,,
BMW,X3 XDRIVE20D CELEBRATION EDITI,X3 xDrive20d Celebration Editi,N/A,unreviewed,,,
BMW,X3 XDRIVE20D HIGHLINE,X3 xDrive20d Highline,N/A,unreviewed,,,
BMW,X3 XDRIVE20D M SPORT,X3 xDrive20d M Sport,N/A,unreviewed,,,
BMW,X3 XDRIVE20D RHD,X3 xDrive20d RHD,N/A,unreviewed,,,
BMW,X3 XDRIVE20D XLINE,X3 xDrive20d xLine,N/A,unreviewed,,,
BMW,X3 XDRIVE20I,X3 XDRIVE20I,N/A,unreviewed,,,
BMW,X3 XDRIVE30E M SPORT,X3 xDrive30e M Sport,N/A,unreviewed,,,
BMW,X3 XDRIVE30E XLINE,X3 xDrive30e xLine,N/A,unreviewed,,,
BMW,X3XDRIVE20D HIGHLINE,X3XDRIVE20D HIGHLINE,N/A,unreviewed,,,
BMW,X4 M COMPETITION V6 3.0L,X4 M COMPETITION V6 3.0L,N/A,unreviewed,,,
BMW,X4 M RHD,X4 M RHD,N/A,unreviewed,,,
BMW,X4 XDRIVE20D,X4 xDrive20d,N/A,unreviewed,,,
BMW,X4 XDRIVE20D M SPORT,X4 xDrive20d M Sport,N/A,unreviewed,,,
BMW,X4 XDRIVE20D RHD,X4 xDrive20d RHD,N/A,unreviewed,,,
BMW,X4 XDRIVE20I M SPORT,X4 xDrive20i M Sport,N/A,unreviewed,,,
BMW,X5 SDRIVE25D,X5 sDrive25d,N/A,unreviewed,,,
BMW,X5 SDRIVE25D CELEBRATION EDITI,X5 sDrive25d Celebration Editi,N/A,unreviewed,,,
BMW,X5 SDRIVE25D PURE EXPERIE,X5 sDrive25d PURE EXPERIE,N/A,unreviewed,,,
BMW,X5 XDRIVE30D M SPORT,X5 xDrive30d M Sport,N/A,unreviewed,,,
BMW,X5 XDRIVE30D RHD,X5 xDrive30d RHD,N/A,unreviewed,,,
BMW,X5 XDRIVE30D XLINE,X5 xDrive30d xLine,N/A,unreviewed,,,
BMW,X5 XDRIVE40E M SPORT,X5 xDrive40e M Sport,N/A,unreviewed,,,
BMW,X5 XDRIVE40E PURE EXPERIENCE,X5 xDrive40e Pure Experience,N/A,unreviewed,,,
BMW,X5 XDRIVE40E RHD,X5 XDRIVE40E RHD,N/A,unreviewed,,,
BMW,X5 XDRIVE45E M SPORT,X5 xDrive45e M Sport,N/A,unreviewed,,,
BMW,X5 XDRIVE50E RHD,X5 xDrive50e RHD,N/A,unreviewed,,,
BMW,X6 M50D,X6 M50D,N/A,unreviewed,,,
BMW,X6 M50I RHD,X6 M50i RHD,N/A,unreviewed,,,
BMW,X6 XDRIVE 3.0D,X6 XDRIVE 3.0D,N/A,unreviewed,,,
BMW,X6 XDRIVE30D RHD,X6 XDRIVE30D RHD,N/A,unreviewed,,,
BMW,X6 XDRIVE40I M SPORT,X6 xDrive40i M Sport,N/A,unreviewed,,,
BMW,X6 XDRIVE40I RHD,X6 xDrive40i RHD,N/A,unreviewed,,,
BMW,X7 M50D RHD,X7 M50d RHD,N/A,unreviewed,,,
BMW,X7 M60I XDRIVE,X7 M60i xDrive,N/A,unreviewed,,,
BMW,X7 XDRIVE30D M SPORT,X7 xDrive30d M Sport,N/A,unreviewed,,,
BMW,X7 XDRIVE40D M SPORT,X7 xDrive40d M Sport,N/A,unreviewed,,,
BMW,XM 50E RHD,XM 50e RHD,N/A,unreviewed,,,
BMW,XM LABEL RHD,XM Label RHD,N/A,unreviewed,,,
BMW,XM RHD,XM RHD,N/A,unreviewed,,,
BMW,Z4 M40I RHD,Z4 M40i RHD,N/A,unreviewed,,,
BMW,Z4 M40I ROADSTER RHD,Z4 M40i Roadster RHD,N/A,unreviewed,,,
BMW,Z4 SDRIVE20I RHD,Z4 SDRIVE20I RHD,N/A,unreviewed,,,
BMW,Z4 SDRIVE23I RHD,Z4 SDRIVE23I RHD,N/A,unreviewed,,,
BMW,Z4 SDRIVE30I RHD,Z4 sDrive30i RHD,N/A,unreviewed,,,
BOBCAT,E35,E35,N/A,unreviewed,,,
BOBCAT,E35Z,E35Z,N/A,unreviewed,,,
BOBCAT,E35ZA2 V,E35ZA2 V,N/A,unreviewed,,,
BOBCAT,E37,E37,N/A,unreviewed,,,
BOBCAT,E55,E55,N/A,unreviewed,,,
BOBCAT,E55W,E55W,N/A,unreviewed,,,
BOBCAT,E55Z,E55Z,N/A,unreviewed,,,
BOBCAT,E80,E80,N/A,unreviewed,,,
BOBCAT,S185,S185,N/A,unreviewed,,,
BOBCAT,S450,S450,N/A,unreviewed,,,
BOBCAT,S570,S570,N/A,unreviewed,,,
BOBCAT,S590,S590,N/A,unreviewed,,,
BOMAG,BF 300P S340-2 TV,BF 300P S340-2 TV,N/A,unreviewed,,,
BOMAG,BF300P,BF300P,N/A,unreviewed,,,
BOMAG,BF300P+S340-2V,BF300P+S340-2V,N/A,unreviewed,,,
BOMAG,BF600C-2,BF600C-2,N/A,unreviewed,,,
BOMAG,BF600P-2,BF600P-2,N/A,unreviewed,,,
BOMAG,BF700C-S600,BF700C-S600,N/A,unreviewed,,,
BOMAG,BF800C S600,BF800C S600,N/A,unreviewed,,,
BOMAG,BF800P S600,BF800P S600,N/A,unreviewed,,,
BOMAG,BM 2000/58,BM 2000/58,N/A,unreviewed,,,
BOMAG,BM 500/15-2,BM 500/15-2,N/A,unreviewed,,,
BOMAG,BM2000/60,BM2000/60,N/A,unreviewed,,,
BOMAG,BM2000/60-2,BM2000/60-2,N/A,unreviewed,,,
BOMAG,BM2000/60-2 COLD,BM2000/60-2 COLD,N/A,unreviewed,,,
BOMAG,BM219DH-4,BM219DH-4,N/A,unreviewed,,,
BOMAG,BW 151 AD-4AM,BW 151 AD-4AM,N/A,unreviewed,,,
BOMAG,BW 211 D-5 SL,BW 211 D-5 SL,N/A,unreviewed,,,
BOMAG,BW 212 D-5 SL,BW 212 D-5 SL,N/A,unreviewed,,,
BOMAG,BW 220 D-5,BW 220 D-5,N/A,unreviewed,,,
BOMAG,BW115AC-3,BW115AC-3,N/A,unreviewed,,,
BOMAG,BW120AD-3,BW120AD-3,N/A,unreviewed,,,
BOMAG,BW121AC,BW121AC,N/A,unreviewed,,,
BOMAG,BW131ACW,BW131ACW,N/A,unreviewed,,,
BOMAG,BW131ACW-5,BW131ACW-5,N/A,unreviewed,,,
BOMAG,BW138AC-5,BW138AC-5,N/A,unreviewed,,,
BOMAG,BW138AD-5,BW138AD-5,N/A,unreviewed,,,
BOMAG,BW154 AP,BW154 AP,N/A,unreviewed,,,
BOMAG,BW161 AD-4 TANDEM,BW161 AD-4 TANDEM,N/A,unreviewed,,,
BOMAG,BW161AD-4,BW161AD-4,N/A,unreviewed,,,
BOMAG,BW174AD,BW174AD,N/A,unreviewed,,,
BOMAG,BW2000/60,BW2000/60,N/A,unreviewed,,,
BOMAG,BW201AD,BW201AD,N/A,unreviewed,,,
BOMAG,BW202 AD-4,BW202 AD-4,N/A,unreviewed,,,
BOMAG,BW20TB,BW20TB,N/A,unreviewed,,,
BOMAG,BW211 D-40,BW211 D-40,N/A,unreviewed,,,
BOMAG,BW211 D-40 SL,BW211 D-40 SL,N/A,unreviewed,,,
BOMAG,BW211 D-5 SL,BW211 D-5 SL,N/A,unreviewed,,,
BOMAG,BW211D-3,BW211D-3,N/A,unreviewed,,,
BOMAG,BW211D-4,BW211D-4,N/A,unreviewed,,,
BOMAG,BW211D-40,BW211D-40,N/A,unreviewed,,,
BOMAG,BW211D40,BW211D40,N/A,unreviewed,,,
BOMAG,BW212-2,BW212-2,N/A,unreviewed,,,
BOMAG,BW213AD,BW213AD,N/A,unreviewed,,,
BOMAG,BW213D-3,BW213D-3,N/A,unreviewed,,,
BOMAG,BW213DH4,BW213DH4,N/A,unreviewed,,,
BOMAG,BW213PDH-4,BW213PDH-4,N/A,unreviewed,,,
BOMAG,BW216PDH-3,BW216PDH-3,N/A,unreviewed,,,
BOMAG,BW219 D-4,BW219 D-4,N/A,unreviewed,,,
BOMAG,BW219 DH-4,BW219 DH-4,N/A,unreviewed,,,
BOMAG,BW219 DH4,BW219 DH4,N/A,unreviewed,,,
BOMAG,BW219 PDH-3,BW219 PDH-3,N/A,unreviewed,,,
BOMAG,BW219D,BW219D,N/A,unreviewed,,,
BOMAG,BW219D-4,BW219D-4,N/A,unreviewed,,,
BOMAG,BW219DH-3,BW219DH-3,N/A,unreviewed,,,
BOMAG,BW219DH-4,BW219DH-4,N/A,unreviewed,,,
BOMAG,BW220 D-5,BW220 D-5,N/A,unreviewed,,,
BOMAG,BW225-3,BW225-3,N/A,unreviewed,,,
BOMAG,BW225D-3,BW225D-3,N/A,unreviewed,,,
BOMAG,BW226 DH-4 BVC,BW226 DH-4 BVC,N/A,unreviewed,,,
BOMAG,BW226 DH-5,BW226 DH-5,N/A,unreviewed,,,
BOMAG,BW226 PDH5,BW226 PDH5,N/A,unreviewed,,,
BOMAG,BW226-5CL,BW226-5CL,N/A,unreviewed,,,
BOMAG,BW226DH-4,BW226DH-4,N/A,unreviewed,,,
BOMAG,BW226DH-4 BVC,BW226DH-4 BVC,N/A,unreviewed,,,
BOMAG,BW226DH-5,BW226DH-5,N/A,unreviewed,,,
BOMAG,BW255D-3,BW255D-3,N/A,unreviewed,,,
BOMAG,MPH125,MPH125,N/A,unreviewed,,,
BOMAG,P20WB,P20WB,N/A,unreviewed,,,
BOMAG,RS 500 EPA 3A,RS 500 EPA 3A,N/A,unreviewed,,,
BOMAG,RS500,RS500,N/A,unreviewed,,,
BOMAG,RS600,RS600,N/A,unreviewed,,,
BULL,HD 96,HD 96,N/A,unreviewed,,,
BULL,HD-96,HD-96,N/A,unreviewed,,,
BULL,HN611,HN611,N/A,unreviewed,,,
BULL,HN612,HN612,N/A,unreviewed,,,
BYD,ATTO 3 (480KM-ER),BYD ATTO 3,N/A,unreviewed,,,
BYD,BYD ATTO 1 PREMIUM,BYD ATTO 1,N/A,unreviewed,,,
BYD,BYD ATTO 2 DYNAMIC,BYD ATTO 2,N/A,unreviewed,,,
BYD,BYD ATTO 2 PREMIUM,BYD ATTO 2,N/A,unreviewed,,,
BYD,BYD ATTO 3,BYD ATTO 3,N/A,unreviewed,,,
BYD,BYD ATTO 3 (410KM),BYD ATTO 3,N/A,unreviewed,,,
BYD,BYD ATTO3 (410KM-DYNAMIC),BYD ATTO 3,N/A,unreviewed,,,
BYD,BYD ATTO3 (410KM-PREMIUM),BYD ATTO 3,N/A,unreviewed,,,
BYD,BYD ATTO3 (480KM-EXT),BYD ATTO 3,N/A,unreviewed,,,
BYD,BYD DOLPHIN (435KM-STD),BYD DOLPHIN,N/A,unreviewed,,,
BYD,BYD DOLPHIN (490KM-EXT),BYD DOLPHIN,N/A,unreviewed,,,
BYD,BYD DOLPHIN EXD,BYD DOLPHIN,N/A,unreviewed,,,
BYD,BYD DOLPHIN STD,BYD DOLPHIN,N/A,unreviewed,,,
BYD,BYD M6 DYNAMIC,BYD M6,N/A,unreviewed,,,
BYD,BYD M6 EXTENDED,BYD M6,N/A,unreviewed,,,
BYD,BYD SEAL 5 DM-I DYNAMIC,BYD SEAL 5 DM-i,N/A,unreviewed,,,
BYD,BYD SEAL 5 DM-I PREMIUM,BYD SEAL 5 DM-i,N/A,unreviewed,,,
BYD,BYD SEAL 5 DM-I STANDARD,BYD SEAL 5 DM-i,N/A,unreviewed,,,
BYD,BYD SEAL 6 DYNAMIC,BYD SEAL 6,N/A,unreviewed,,,
BYD,BYD SEAL 6 PREMIUM,BYD SEAL 6,N/A,unreviewed,,,
BYD,BYD SEAL EXD AWD,BYD SEAL,N/A,unreviewed,,,
BYD,BYD SEAL EXD RWD,BYD SEAL,N/A,unreviewed,,,
BYD,BYD SEAL STD RWD,BYD SEAL,N/A,unreviewed,,,
BYD,BYD SEAL U (DMI-PREMIUM),BYD SEAL,N/A,unreviewed,,,
BYD,BYD SEALION 6,BYD SEALION 6,N/A,unreviewed,,,
BYD,BYD SEALION 6 DM-I DYNAMIC,BYD SEALION 6,N/A,unreviewed,,,
BYD,BYD SEALION 6 DM-I PREMIUM,BYD SEALION 6,N/A,unreviewed,,,
BYD,BYD SEALION 7 AWD,BYD SEALION 7,N/A,unreviewed,,,
BYD,BYD SEALION 7 RWD,BYD SEALION 7,N/A,unreviewed,,,
BYD,DOLPHIN (490KM),BYD DOLPHIN,N/A,unreviewed,,,
BYD,DOLPHIN FREEDOM,BYD DOLPHIN,N/A,unreviewed,,,
BYD,E6,E6,N/A,unreviewed,,,
BYD,M3,M3,N/A,unreviewed,,,
BYD,M6 EXTENDED,BYD M6,N/A,unreviewed,,,
BYD,SEAL AWD PERFORMANCE,BYD SEAL,N/A,unreviewed,,,
BYD,SEALION 6 DM-I,BYD SEALION 6,N/A,unreviewed,,,
BYD,TANG EV,TANG EV,N/A,unreviewed,,,
CADILLAC,ESCALADE SPORT,ESCALADE SPORT,N/A,unreviewed,,,
CAKE,MAKKA,MAKKA,N/A,unreviewed,,,
CAKE,OSA,OSA,N/A,unreviewed,,,
CAMECO,CH3500,CH3500,N/A,unreviewed,,,
CAMECO,CHT2500,CHT2500,N/A,unreviewed,,,
CASE,1107 EX-D,1107 EX-D,N/A,unreviewed,,,
CASE,1107EX-PD,1107EX-PD,N/A,unreviewed,,,
CASE,1110EX-D,1110EX-D,N/A,unreviewed,,,
CASE,2050M,2050M,N/A,unreviewed,,,
CASE,450DX,450DX,N/A,unreviewed,,,
CASE,570ST 4WD,570ST 4WD,N/A,unreviewed,,,
CASE,570SV,570SV,N/A,unreviewed,,,
CASE,580T,580T,N/A,unreviewed,,,
CASE,695SV,695SV,N/A,unreviewed,,,
CASE,752EX,752EX,N/A,unreviewed,,,
CASE,865B,865B,N/A,unreviewed,,,
CASE,A4000,A4000,N/A,unreviewed,,,
CASE,CASE A7000,CASE A7000,N/A,unreviewed,,,
CASE,CX130,CX130,N/A,unreviewed,,,
CASE,CX130C,CX130C,N/A,unreviewed,,,
CASE,CX210C,CX210C,N/A,unreviewed,,,
CASE,CX220C,CX220C,N/A,unreviewed,,,
CASE,CX55B,CX55B,N/A,unreviewed,,,
CASE,CX58C,CX58C,N/A,unreviewed,,,
CASE,MX120,MX120,N/A,unreviewed,,,
CASE,MXM120,MXM120,N/A,unreviewed,,,
CASE,MXU100,MXU100,N/A,unreviewed,,,
CASE,MXU135,MXU135,N/A,unreviewed,,,
CASE,SR175B,SR175B,N/A,unreviewed,,,
CASE,SR220B,SR220B,N/A,unreviewed,,,
CASE,SV300B,SV300B,N/A,unreviewed,,,
CASE IH,8000,8000,N/A,unreviewed,,,
CASE IH,A 8800-16,A 8800-16,N/A,unreviewed,,,
CASE IH,A4010,A4010,N/A,unreviewed,,,
CASE IH,A8000,A8000,N/A,unreviewed,,,
CASE IH,A8010,A8010,N/A,unreviewed,,,
CASE IH,A8800 MR,A8800 MR,N/A,unreviewed,,,
CASE IH,A8800-17,A8800-17,N/A,unreviewed,,,
CASE IH,A8810,A8810,N/A,unreviewed,,,
CASE IH,A9000,A9000,N/A,unreviewed,,,
CASE IH,A9900,A9900,N/A,unreviewed,,,
CASE IH,CASE 8800,CASE 8800,N/A,unreviewed,,,
CAT,D5H XL,D5H XL,N/A,unreviewed,,,
CAT LIFT TRUCK,DP50NT,DP50NT,N/A,unreviewed,,,
CATERHAM,SEVEN 420R,SEVEN 420R,N/A,unreviewed,,,
CATERPILLAR,120K,120K,N/A,unreviewed,,,
CATERPILLAR,12G,12G,N/A,unreviewed,,,
CATERPILLAR,12H,12H,N/A,unreviewed,,,
CATERPILLAR,140,140,N/A,unreviewed,,,
CATERPILLAR,140G,140G,N/A,unreviewed,,,
CATERPILLAR,140G VHP,140G VHP,N/A,unreviewed,,,
CATERPILLAR,140GC,140GC,N/A,unreviewed,,,
CATERPILLAR,140H VHP,140H VHP,N/A,unreviewed,,,
CATERPILLAR,140H VHP PLUS,140H VHP PLUS,N/A,unreviewed,,,
CATERPILLAR,140K,140K,N/A,unreviewed,,,
CATERPILLAR,140M,140M,N/A,unreviewed,,,
CATERPILLAR,140M VHP,140M VHP,N/A,unreviewed,,,
CATERPILLAR,140M2 AWD,140M2 AWD,N/A,unreviewed,,,
CATERPILLAR,143H AWD,143H AWD,N/A,unreviewed,,,
CATERPILLAR,14H,14H,N/A,unreviewed,,,
CATERPILLAR,160H VHP,160H VHP,N/A,unreviewed,,,
CATERPILLAR,160H W RIPPER,160H W RIPPER,N/A,unreviewed,,,
CATERPILLAR,160M,160M,N/A,unreviewed,,,
CATERPILLAR,226B3,226B3,N/A,unreviewed,,,
CATERPILLAR,303,303,N/A,unreviewed,,,
CATERPILLAR,303.5C,303.5C,N/A,unreviewed,,,
CATERPILLAR,303.5CCR,303.5CCR,N/A,unreviewed,,,
CATERPILLAR,303.5CR,303.5CR,N/A,unreviewed,,,
CATERPILLAR,303.5ECR,303.5ECR,N/A,unreviewed,,,
CATERPILLAR,303CCR,303CCR,N/A,unreviewed,,,
CATERPILLAR,303CR,303CR,N/A,unreviewed,,,
CATERPILLAR,303CSR,303CSR,N/A,unreviewed,,,
CATERPILLAR,303ECR,303ECR,N/A,unreviewed,,,
CATERPILLAR,303SR,303SR,N/A,unreviewed,,,
CATERPILLAR,304C,304C,N/A,unreviewed,,,
CATERPILLAR,304CCR,304CCR,N/A,unreviewed,,,
CATERPILLAR,304CR,304CR,N/A,unreviewed,,,
CATERPILLAR,304E,304E,N/A,unreviewed,,,
CATERPILLAR,305,305,N/A,unreviewed,,,
CATERPILLAR,305 SR,305 SR,N/A,unreviewed,,,
CATERPILLAR,305.5,305.5,N/A,unreviewed,,,
CATERPILLAR,305.5DCR,305.5DCR,N/A,unreviewed,,,
CATERPILLAR,305.5E,305.5E,N/A,unreviewed,,,
CATERPILLAR,305.5E2,305.5E2,N/A,unreviewed,,,
CATERPILLAR,305CCR,305CCR,N/A,unreviewed,,,
CATERPILLAR,305CR,305CR,N/A,unreviewed,,,
CATERPILLAR,305CR-2,305CR-2,N/A,unreviewed,,,
CATERPILLAR,305D,305D,N/A,unreviewed,,,
CATERPILLAR,305E,305E,N/A,unreviewed,,,
CATERPILLAR,305E2CR,305E2CR,N/A,unreviewed,,,
CATERPILLAR,305SR,305SR,N/A,unreviewed,,,
CATERPILLAR,306,306,N/A,unreviewed,,,
CATERPILLAR,306D,306D,N/A,unreviewed,,,
CATERPILLAR,306E,306E,N/A,unreviewed,,,
CATERPILLAR,306E2,306E2,N/A,unreviewed,,,
CATERPILLAR,307,307,N/A,unreviewed,,,
CATERPILLAR,307.5,307.5,N/A,unreviewed,,,
CATERPILLAR,307C,307C,N/A,unreviewed,,,
CATERPILLAR,307D,307D,N/A,unreviewed,,,
CATERPILLAR,307E,307E,N/A,unreviewed,,,
CATERPILLAR,308B,308B,N/A,unreviewed,,,
CATERPILLAR,308C,308C,N/A,unreviewed,,,
CATERPILLAR,308C CR,308C CR,N/A,unreviewed,,,
CATERPILLAR,308CCR,308CCR,N/A,unreviewed,,,
CATERPILLAR,308CSR,308CSR,N/A,unreviewed,,,
CATERPILLAR,308D,308D,N/A,unreviewed,,,
CATERPILLAR,308E,308E,N/A,unreviewed,,,
CATERPILLAR,308E2 CR,308E2 CR,N/A,unreviewed,,,
CATERPILLAR,308E2CR,308E2CR,N/A,unreviewed,,,
CATERPILLAR,308ECR,308ECR,N/A,unreviewed,,,
CATERPILLAR,311C,311C,N/A,unreviewed,,,
CATERPILLAR,311CU,311CU,N/A,unreviewed,,,
CATERPILLAR,311DRR,311DRR,N/A,unreviewed,,,
CATERPILLAR,311FLRR,311FLRR,N/A,unreviewed,,,
CATERPILLAR,312,312,N/A,unreviewed,,,
CATERPILLAR,312B,312B,N/A,unreviewed,,,
CATERPILLAR,312C,312C,N/A,unreviewed,,,
CATERPILLAR,312D,312D,N/A,unreviewed,,,
CATERPILLAR,312D2,312D2,N/A,unreviewed,,,
CATERPILLAR,312D2GC,312D2GC,N/A,unreviewed,,,
CATERPILLAR,312E,312E,N/A,unreviewed,,,
CATERPILLAR,312E-2,312E-2,N/A,unreviewed,,,
CATERPILLAR,312E-MS,312E-MS,N/A,unreviewed,,,
CATERPILLAR,312F,312F,N/A,unreviewed,,,
CATERPILLAR,312FGC,312FGC,N/A,unreviewed,,,
CATERPILLAR,313BCR,313BCR,N/A,unreviewed,,,
CATERPILLAR,313C,313C,N/A,unreviewed,,,
CATERPILLAR,313CCR,313CCR,N/A,unreviewed,,,
CATERPILLAR,313D,313D,N/A,unreviewed,,,
CATERPILLAR,313D2GC,313D2GC,N/A,unreviewed,,,
CATERPILLAR,313DCR,313DCR,N/A,unreviewed,,,
CATERPILLAR,313GC,313GC,N/A,unreviewed,,,
CATERPILLAR,314CCR,314CCR,N/A,unreviewed,,,
CATERPILLAR,314ECR,314ECR,N/A,unreviewed,,,
CATERPILLAR,314ELCR,314ELCR,N/A,unreviewed,,,
CATERPILLAR,315DL,315DL,N/A,unreviewed,,,
CATERPILLAR,318D2L,318D2L,N/A,unreviewed,,,
CATERPILLAR,320,320,N/A,unreviewed,,,
CATERPILLAR,320-07A,320-07A,N/A,unreviewed,,,
CATERPILLAR,320B,320B,N/A,unreviewed,,,
CATERPILLAR,320C,320C,N/A,unreviewed,,,
CATERPILLAR,320C LU,320C LU,N/A,unreviewed,,,
CATERPILLAR,320CL,320CL,N/A,unreviewed,,,
CATERPILLAR,320CU,320CU,N/A,unreviewed,,,
CATERPILLAR,320D GC,320D GC,N/A,unreviewed,,,
CATERPILLAR,320D RR,320D RR,N/A,unreviewed,,,
CATERPILLAR,320D-E,320D-E,N/A,unreviewed,,,
CATERPILLAR,320D2,320D2,N/A,unreviewed,,,
CATERPILLAR,320D2GC,320D2GC,N/A,unreviewed,,,
CATERPILLAR,320D2L,320D2L,N/A,unreviewed,,,
CATERPILLAR,320DL,320DL,N/A,unreviewed,,,
CATERPILLAR,320DL-E,320DL-E,N/A,unreviewed,,,
CATERPILLAR,320DLRR,320DLRR,N/A,unreviewed,,,
CATERPILLAR,320DRR,320DRR,N/A,unreviewed,,,
CATERPILLAR,320DRR-E,320DRR-E,N/A,unreviewed,,,
CATERPILLAR,320E,320E,N/A,unreviewed,,,
CATERPILLAR,320E-2,320E-2,N/A,unreviewed,,,
CATERPILLAR,320ERR,320ERR,N/A,unreviewed,,,
CATERPILLAR,320GC,320GC,N/A,unreviewed,,,
CATERPILLAR,320GC-07B,320GC-07B,N/A,unreviewed,,,
CATERPILLAR,320GX,320GX,N/A,unreviewed,,,
CATERPILLAR,320L,320L,N/A,unreviewed,,,
CATERPILLAR,321CLCR,321CLCR,N/A,unreviewed,,,
CATERPILLAR,321D,321D,N/A,unreviewed,,,
CATERPILLAR,322B,322B,N/A,unreviewed,,,
CATERPILLAR,322CL,322CL,N/A,unreviewed,,,
CATERPILLAR,323D2L,323D2L,N/A,unreviewed,,,
CATERPILLAR,323GC,323GC,N/A,unreviewed,,,
CATERPILLAR,323GX,323GX,N/A,unreviewed,,,
CATERPILLAR,323GX SLR,323GX SLR,N/A,unreviewed,,,
CATERPILLAR,325B,325B,N/A,unreviewed,,,
CATERPILLAR,325BL,325BL,N/A,unreviewed,,,
CATERPILLAR,325CL,325CL,N/A,unreviewed,,,
CATERPILLAR,329D2L,329D2L,N/A,unreviewed,,,
CATERPILLAR,330,330,N/A,unreviewed,,,
CATERPILLAR,330BL,330BL,N/A,unreviewed,,,
CATERPILLAR,330D2L,330D2L,N/A,unreviewed,,,
CATERPILLAR,330FL,330FL,N/A,unreviewed,,,
CATERPILLAR,330GC,330GC,N/A,unreviewed,,,
CATERPILLAR,330L,330L,N/A,unreviewed,,,
CATERPILLAR,333,333,N/A,unreviewed,,,
CATERPILLAR,336,336,N/A,unreviewed,,,
CATERPILLAR,336D,336D,N/A,unreviewed,,,
CATERPILLAR,336D2,336D2,N/A,unreviewed,,,
CATERPILLAR,336D2L,336D2L,N/A,unreviewed,,,
CATERPILLAR,336DL,336DL,N/A,unreviewed,,,
CATERPILLAR,336E,336E,N/A,unreviewed,,,
CATERPILLAR,345C,345C,N/A,unreviewed,,,
CATERPILLAR,349,349,N/A,unreviewed,,,
CATERPILLAR,349D2L,349D2L,N/A,unreviewed,,,
CATERPILLAR,350,350,N/A,unreviewed,,,
CATERPILLAR,350L,350L,N/A,unreviewed,,,
CATERPILLAR,422E,422E,N/A,unreviewed,,,
CATERPILLAR,422F,422F,N/A,unreviewed,,,
CATERPILLAR,422F2,422F2,N/A,unreviewed,,,
CATERPILLAR,426,426,N/A,unreviewed,,,
CATERPILLAR,426F2,426F2,N/A,unreviewed,,,
CATERPILLAR,428C,428C,N/A,unreviewed,,,
CATERPILLAR,815,815,N/A,unreviewed,,,
CATERPILLAR,815B,815B,N/A,unreviewed,,,
CATERPILLAR,816F,816F,N/A,unreviewed,,,
CATERPILLAR,825,825,N/A,unreviewed,,,
CATERPILLAR,825B,825B,N/A,unreviewed,,,
CATERPILLAR,825C,825C,N/A,unreviewed,,,
CATERPILLAR,910F-II,910F-II,N/A,unreviewed,,,
CATERPILLAR,910G,910G,N/A,unreviewed,,,
CATERPILLAR,910H,910H,N/A,unreviewed,,,
CATERPILLAR,910K,910K,N/A,unreviewed,,,
CATERPILLAR,914G,914G,N/A,unreviewed,,,
CATERPILLAR,914G2,914G2,N/A,unreviewed,,,
CATERPILLAR,914K,914K,N/A,unreviewed,,,
CATERPILLAR,920,920,N/A,unreviewed,,,
CATERPILLAR,924F,924F,N/A,unreviewed,,,
CATERPILLAR,924G,924G,N/A,unreviewed,,,
CATERPILLAR,924GZ,924GZ,N/A,unreviewed,,,
CATERPILLAR,924H,924H,N/A,unreviewed,,,
CATERPILLAR,924K,924K,N/A,unreviewed,,,
CATERPILLAR,926M,926M,N/A,unreviewed,,,
CATERPILLAR,926Z,926Z,N/A,unreviewed,,,
CATERPILLAR,928F,928F,N/A,unreviewed,,,
CATERPILLAR,928G,928G,N/A,unreviewed,,,
CATERPILLAR,930H,930H,N/A,unreviewed,,,
CATERPILLAR,930K,930K,N/A,unreviewed,,,
CATERPILLAR,930M,930M,N/A,unreviewed,,,
CATERPILLAR,936E,936E,N/A,unreviewed,,,
CATERPILLAR,936EZ,936EZ,N/A,unreviewed,,,
CATERPILLAR,936F,936F,N/A,unreviewed,,,
CATERPILLAR,938F,938F,N/A,unreviewed,,,
CATERPILLAR,938G,938G,N/A,unreviewed,,,
CATERPILLAR,938K,938K,N/A,unreviewed,,,
CATERPILLAR,938M,938M,N/A,unreviewed,,,
CATERPILLAR,950,950,N/A,unreviewed,,,
CATERPILLAR,950B,950B,N/A,unreviewed,,,
CATERPILLAR,950E,950E,N/A,unreviewed,,,
CATERPILLAR,950F,950F,N/A,unreviewed,,,
CATERPILLAR,950F II,950F II,N/A,unreviewed,,,
CATERPILLAR,950F2,950F2,N/A,unreviewed,,,
CATERPILLAR,950G,950G,N/A,unreviewed,,,
CATERPILLAR,950G II,950G II,N/A,unreviewed,,,
CATERPILLAR,950GC,950GC,N/A,unreviewed,,,
CATERPILLAR,950H,950H,N/A,unreviewed,,,
CATERPILLAR,950K,950K,N/A,unreviewed,,,
CATERPILLAR,950L,950L,N/A,unreviewed,,,
CATERPILLAR,962K,962K,N/A,unreviewed,,,
CATERPILLAR,963,963,N/A,unreviewed,,,
CATERPILLAR,966E,966E,N/A,unreviewed,,,
CATERPILLAR,966F2,966F2,N/A,unreviewed,,,
CATERPILLAR,966G,966G,N/A,unreviewed,,,
CATERPILLAR,966GC,966GC,N/A,unreviewed,,,
CATERPILLAR,966H,966H,N/A,unreviewed,,,
CATERPILLAR,966K,966K,N/A,unreviewed,,,
CATERPILLAR,972G,972G,N/A,unreviewed,,,
CATERPILLAR,980C,980C,N/A,unreviewed,,,
CATERPILLAR,980H,980H,N/A,unreviewed,,,
CATERPILLAR,988B,988B,N/A,unreviewed,,,
CATERPILLAR,AP-1000B,AP-1000B,N/A,unreviewed,,,
CATERPILLAR,AP-1000E,AP-1000E,N/A,unreviewed,,,
CATERPILLAR,AP-655D,AP-655D,N/A,unreviewed,,,
CATERPILLAR,AP1000B,AP1000B,N/A,unreviewed,,,
CATERPILLAR,AP1000D,AP1000D,N/A,unreviewed,,,
CATERPILLAR,AP1000E,AP1000E,N/A,unreviewed,,,
CATERPILLAR,AP600,AP600,N/A,unreviewed,,,
CATERPILLAR,AP600F,AP600F,N/A,unreviewed,,,
CATERPILLAR,AP655F,AP655F,N/A,unreviewed,,,
CATERPILLAR,CAT 307,CAT 307,N/A,unreviewed,,,
CATERPILLAR,CAT143H,CAT143H,N/A,unreviewed,,,
CATERPILLAR,CAT320,CAT320,N/A,unreviewed,,,
CATERPILLAR,CAT936E,CAT936E,N/A,unreviewed,,,
CATERPILLAR,CB-335D,CB-335D,N/A,unreviewed,,,
CATERPILLAR,CB-534D,CB-534D,N/A,unreviewed,,,
CATERPILLAR,CB10,CB10,N/A,unreviewed,,,
CATERPILLAR,CB13,CB13,N/A,unreviewed,,,
CATERPILLAR,CB34B,CB34B,N/A,unreviewed,,,
CATERPILLAR,CB434C,CB434C,N/A,unreviewed,,,
CATERPILLAR,CB434D,CB434D,N/A,unreviewed,,,
CATERPILLAR,CB44B,CB44B,N/A,unreviewed,,,
CATERPILLAR,CB534B,CB534B,N/A,unreviewed,,,
CATERPILLAR,CB534DXW,CB534DXW,N/A,unreviewed,,,
CATERPILLAR,CB54,CB54,N/A,unreviewed,,,
CATERPILLAR,CB54B,CB54B,N/A,unreviewed,,,
CATERPILLAR,CB54XW,CB54XW,N/A,unreviewed,,,
CATERPILLAR,CB54XW(G),CB54XW(G),N/A,unreviewed,,,
CATERPILLAR,CB7,CB7,N/A,unreviewed,,,
CATERPILLAR,CC34B,CC34B,N/A,unreviewed,,,
CATERPILLAR,CP563C,CP563C,N/A,unreviewed,,,
CATERPILLAR,CP563D,CP563D,N/A,unreviewed,,,
CATERPILLAR,CP76,CP76,N/A,unreviewed,,,
CATERPILLAR,CS-563C,CS-563C,N/A,unreviewed,,,
CATERPILLAR,CS-563E,CS-563E,N/A,unreviewed,,,
CATERPILLAR,CS10GC,CS10GC,N/A,unreviewed,,,
CATERPILLAR,CS11,CS11,N/A,unreviewed,,,
CATERPILLAR,CS11GC,CS11GC,N/A,unreviewed,,,
CATERPILLAR,CS533E,CS533E,N/A,unreviewed,,,
CATERPILLAR,CS54B,CS54B,N/A,unreviewed,,,
CATERPILLAR,CS563,CS563,N/A,unreviewed,,,
CATERPILLAR,CS563C,CS563C,N/A,unreviewed,,,
CATERPILLAR,CS563D,CS563D,N/A,unreviewed,,,
CATERPILLAR,CS563E,CS563E,N/A,unreviewed,,,
CATERPILLAR,CS74,CS74,N/A,unreviewed,,,
CATERPILLAR,CS76,CS76,N/A,unreviewed,,,
CATERPILLAR,CS79B,CS79B,N/A,unreviewed,,,
CATERPILLAR,CW16,CW16,N/A,unreviewed,,,
CATERPILLAR,CW34,CW34,N/A,unreviewed,,,
CATERPILLAR,D1,D1,N/A,unreviewed,,,
CATERPILLAR,D3C,D3C,N/A,unreviewed,,,
CATERPILLAR,D3G,D3G,N/A,unreviewed,,,
CATERPILLAR,D4C,D4C,N/A,unreviewed,,,
CATERPILLAR,D4D,D4D,N/A,unreviewed,,,
CATERPILLAR,D4E,D4E,N/A,unreviewed,,,
CATERPILLAR,D4E(LGP),D4E(LGP),N/A,unreviewed,,,
CATERPILLAR,D4H,D4H,N/A,unreviewed,,,
CATERPILLAR,D4H LGP III,D4H LGP III,N/A,unreviewed,,,
CATERPILLAR,D4H-2,D4H-2,N/A,unreviewed,,,
CATERPILLAR,D4HIIPS,D4HIIPS,N/A,unreviewed,,,
CATERPILLAR,D4K,D4K,N/A,unreviewed,,,
CATERPILLAR,D5,D5,N/A,unreviewed,,,
CATERPILLAR,D5B,D5B,N/A,unreviewed,,,
CATERPILLAR,D5C,D5C,N/A,unreviewed,,,
CATERPILLAR,D5C XL II,D5C XL II,N/A,unreviewed,,,
CATERPILLAR,D5G,D5G,N/A,unreviewed,,,
CATERPILLAR,D5G XL,D5G XL,N/A,unreviewed,,,
CATERPILLAR,D5H,D5H,N/A,unreviewed,,,
CATERPILLAR,D5H LGP,D5H LGP,N/A,unreviewed,,,
CATERPILLAR,D5H-2,D5H-2,N/A,unreviewed,,,
CATERPILLAR,D5HLGPDD,D5HLGPDD,N/A,unreviewed,,,
CATERPILLAR,D5K,D5K,N/A,unreviewed,,,
CATERPILLAR,D5K2 LGP,D5K2 LGP,N/A,unreviewed,,,
CATERPILLAR,D5MXLPS,D5MXLPS,N/A,unreviewed,,,
CATERPILLAR,D5N,D5N,N/A,unreviewed,,,
CATERPILLAR,D5R2XL,D5R2XL,N/A,unreviewed,,,
CATERPILLAR,D6,D6,N/A,unreviewed,,,
CATERPILLAR,D6C,D6C,N/A,unreviewed,,,
CATERPILLAR,D6D,D6D,N/A,unreviewed,,,
CATERPILLAR,D6D LGP,D6D LGP,N/A,unreviewed,,,
CATERPILLAR,D6G XL II,D6G XL II,N/A,unreviewed,,,
CATERPILLAR,D6GC,D6GC,N/A,unreviewed,,,
CATERPILLAR,D6GC LGP,D6GC LGP,N/A,unreviewed,,,
CATERPILLAR,D6H,D6H,N/A,unreviewed,,,
CATERPILLAR,D6H LGP,D6H LGP,N/A,unreviewed,,,
CATERPILLAR,D6H SERIES II,D6H SERIES II,N/A,unreviewed,,,
CATERPILLAR,D6H XL,D6H XL,N/A,unreviewed,,,
CATERPILLAR,D6H-2,D6H-2,N/A,unreviewed,,,
CATERPILLAR,D6HZ,D6HZ,N/A,unreviewed,,,
CATERPILLAR,D6M,D6M,N/A,unreviewed,,,
CATERPILLAR,D6M LGP,D6M LGP,N/A,unreviewed,,,
CATERPILLAR,D6N,D6N,N/A,unreviewed,,,
CATERPILLAR,D6N LGP,D6N LGP,N/A,unreviewed,,,
CATERPILLAR,D6R,D6R,N/A,unreviewed,,,
CATERPILLAR,D6R LGP,D6R LGP,N/A,unreviewed,,,
CATERPILLAR,D6R-2,D6R-2,N/A,unreviewed,,,
CATERPILLAR,D6R2,D6R2,N/A,unreviewed,,,
CATERPILLAR,D6R2 XL,D6R2 XL,N/A,unreviewed,,,
CATERPILLAR,D6R2LGP,D6R2LGP,N/A,unreviewed,,,
CATERPILLAR,D6T-LGP,D6T-LGP,N/A,unreviewed,,,
CATERPILLAR,D7G,D7G,N/A,unreviewed,,,
CATERPILLAR,D7R,D7R,N/A,unreviewed,,,
CATERPILLAR,D8R,D8R,N/A,unreviewed,,,
CATERPILLAR,E70B,E70B,N/A,unreviewed,,,
CATERPILLAR,EL200B,EL200B,N/A,unreviewed,,,
CATERPILLAR,EL300B,EL300B,N/A,unreviewed,,,
CATERPILLAR,IT12F,IT12F,N/A,unreviewed,,,
CATERPILLAR,M312,M312,N/A,unreviewed,,,
CATERPILLAR,M313C,M313C,N/A,unreviewed,,,
CATERPILLAR,M315,M315,N/A,unreviewed,,,
CATERPILLAR,M315D2,M315D2,N/A,unreviewed,,,
CATERPILLAR,M315GC,M315GC,N/A,unreviewed,,,
CATERPILLAR,M317D2,M317D2,N/A,unreviewed,,,
CATERPILLAR,M318D,M318D,N/A,unreviewed,,,
CATERPILLAR,PC10UU-3,PC10UU-3,N/A,unreviewed,,,
CATERPILLAR,PF290B,PF290B,N/A,unreviewed,,,
CATERPILLAR,PM620,PM620,N/A,unreviewed,,,
CATERPILLAR,TH417C GC,TH417C GC,N/A,unreviewed,,,
CEDARAPIDS,CR351,CR351,N/A,unreviewed,,,
CEDARAPIDS,CR352,CR352,N/A,unreviewed,,,
CEDARAPIDS,CR361,CR361,N/A,unreviewed,,,
CF,250NK,250NK,N/A,unreviewed,,,
CF,250NK ABS,250NK ABS,N/A,unreviewed,,,
CFA,XG100+(4LZ-5.0Z),XG100+(4LZ-5.0Z),N/A,unreviewed,,,
CFMOTO,400NK,400NK,N/A,unreviewed,,,
CFMOTO,650MT,650MT,N/A,unreviewed,,,
CFMOTO,650MT TOURING,650MT TOURING,N/A,unreviewed,,,
CFMOTO,650NK,650NK,N/A,unreviewed,,,
CHAMP,CF-1052,CF-1052,N/A,unreviewed,,,
CHAMP,CF-1052X,CF-1052X,N/A,unreviewed,,,
CHAMP,CX25-30,CX25-30,N/A,unreviewed,,,
CHAMP,CX30-50,CX30-50,N/A,unreviewed,,,
CHAMP,JM-554,JM-554,N/A,unreviewed,,,
CHAMP,LG816,LG816,N/A,unreviewed,,,
CHAMP,LG828,LG828,N/A,unreviewed,,,
CHAMP,LG828X,LG828X,N/A,unreviewed,,,
CHAMP,LG836,LG836,N/A,unreviewed,,,
CHAMP,LG836X,LG836X,N/A,unreviewed,,,
CHAMP,LG836XL,LG836XL,N/A,unreviewed,,,
CHAMP,LG839,LG839,N/A,unreviewed,,,
CHAMP,LG839X,LG839X,N/A,unreviewed,,,
CHAMP,LG839XL,LG839XL,N/A,unreviewed,,,
CHAMP,MX-6055,MX-6055,N/A,unreviewed,,,
CHAMP,MX-6255,MX-6255,N/A,unreviewed,,,
CHAMP,MX-850,MX-850,N/A,unreviewed,,,
CHAMP,SD504X,SD504X,N/A,unreviewed,,,
CHAMP,SW936L,SW936L,N/A,unreviewed,,,
CHAMP,SW936S,SW936S,N/A,unreviewed,,,
CHAMP,SW942L,SW942L,N/A,unreviewed,,,
CHAMP,SW942S,SW942S,N/A,unreviewed,,,
CHAMP,SW946L,SW946L,N/A,unreviewed,,,
CHAMP,YN917L,YN917L,N/A,unreviewed,,,
CHAMP,YN926,YN926,N/A,unreviewed,,,
CHAMP,YN926L,YN926L,N/A,unreviewed,,,
CHAMP,YN928L,YN928L,N/A,unreviewed,,,
CHAMP,YN938,YN938,N/A,unreviewed,,,
CHAMP,YN938L,YN938L,N/A,unreviewed,,,
CHAMP,YTO-400H,YTO-400H,N/A,unreviewed,,,
CHAMP,YTO-454,YTO-454,N/A,unreviewed,,,
CHAMP,YTO-EF654,YTO-EF654,N/A,unreviewed,,,
CHAMP,YTO-EMF554,YTO-EMF554,N/A,unreviewed,,,
CHAMP,YTO-LX954,YTO-LX954,N/A,unreviewed,,,
CHAMP,YTO-ME354,YTO-ME354,N/A,unreviewed,,,
CHAMP,YTO-ME404,YTO-ME404,N/A,unreviewed,,,
CHAMP,YTO-MF404,YTO-MF404,N/A,unreviewed,,,
CHAMP,YTO-MF454,YTO-MF454,N/A,unreviewed,,,
CHAMP,YTO-MF504,YTO-MF504,N/A,unreviewed,,,
CHAMP,YTO-MF504X,YTO-MF504X,N/A,unreviewed,,,
CHAMP,YTO-NF704,YTO-NF704,N/A,unreviewed,,,
CHAMP,YTO-NLX1054,YTO-NLX1054,N/A,unreviewed,,,
CHAMP,YTO-NLX804,YTO-NLX804,N/A,unreviewed,,,
CHAMP,YTO-NLX854,YTO-NLX854,N/A,unreviewed,,,
CHAMP,YTO-NLX904,YTO-NLX904,N/A,unreviewed,,,
CHAMP,YTO-NLX954,YTO-NLX954,N/A,unreviewed,,,
CHAMP,YTO-NLY1154E,YTO-NLY1154E,N/A,unreviewed,,,
CHAMP,YTO-NMF554,YTO-NMF554,N/A,unreviewed,,,
CHAMP,YTO-X1254,YTO-X1254,N/A,unreviewed,,,
CHAMP,YTO-X754,YTO-X754,N/A,unreviewed,,,
CHAMP,YTO-X904,YTO-X904,N/A,unreviewed,,,
CHAMPION,730A,730A,N/A,unreviewed,,,
CHANGFA,4LZ-4(CF805N),4LZ-4(CF805N),N/A,unreviewed,,,
CHANGFA,4LZ-5C(CF865),4LZ-5C(CF865),N/A,unreviewed,,,
CHANGFA,CF754,CF754,N/A,unreviewed,,,
CHANGFA,CFA 254,CFA 254,N/A,unreviewed,,,
CHANGFA,CFC404T,CFC404T,N/A,unreviewed,,,
CHANGFA,CFC504T,CFC504T,N/A,unreviewed,,,
CHANGLIN,947H,947H,N/A,unreviewed,,,
CHANGLIN,957S,957S,N/A,unreviewed,,,
CHASE,ARFF 60/60-6+P250,ARFF 60/60-6+P250,N/A,unreviewed,,,
CHENGGONG,CG932H,CG932H,N/A,unreviewed,,,
CHENGGONG,CG932H-SUPER,CG932H-SUPER,N/A,unreviewed,,,
CHENGGONG,CG932H-SUPER XL,CG932H-SUPER XL,N/A,unreviewed,,,
CHENGGONG,CG950K,CG950K,N/A,unreviewed,,,
CHENGGONG,CG956C,CG956C,N/A,unreviewed,,,
CHENGGONG,CG956G,CG956G,N/A,unreviewed,,,
CHENGGONG,CG956H,CG956H,N/A,unreviewed,,,
CHENGLONG,LG5160GSSC,LG5160GSSC,N/A,unreviewed,,,
CHENGLONG,LZ3162M3AAT,LZ3162M3AAT,N/A,unreviewed,,,
CHENGLONG,LZ3240M3CC2,LZ3240M3CC2,N/A,unreviewed,,,
CHENGLONG,LZ5180XXYM3AZBEV12T,LZ5180XXYM3AZBEV12T,N/A,unreviewed,,,
CHERNGKONG,920FN,920FN,N/A,unreviewed,,,
CHERNGKONG,ZL926FN,ZL926FN,N/A,unreviewed,,,
CHERY,EQ1,EQ1,N/A,unreviewed,,,
CHERY,TIGGO 2.0,Tiggo 2.0,N/A,unreviewed,,,
CHERY,TIGGO8 PHEV 2WD ESTEEM,TIGGO8 PHEV,N/A,unreviewed,,,
CHERY,TIGGO8 PHEV 4WD ELITE,TIGGO8 PHEV,N/A,unreviewed,,,
CHERY,V23 2WD PLAY,V23,N/A,unreviewed,,,
CHERY,V23 2WD PLUS,V23,N/A,unreviewed,,,
CHERY,V23 4WD PEAK,V23,N/A,unreviewed,,,
CHEVROLET,CAMARO 2SS COUPE 6.2L V8,CAMARO 2SS COUPE 6.2L V8,N/A,unreviewed,,,
CHEVROLET,CAMARO CONVERTIBLE 2.0L,CAMARO CONVERTIBLE 2.0L,N/A,unreviewed,,,
CHEVROLET,CAMARO COUPE,CAMARO COUPE,N/A,unreviewed,,,
CHEVROLET,CAMARO ZL1 6.2L V8,CAMARO ZL1 6.2L V8,N/A,unreviewed,,,
CHEVROLET,CAPTIVA,CAPTIVA,N/A,unreviewed,,,
CHEVROLET,COLORADO,COLORADO,N/A,unreviewed,,,
CHEVROLET,COLORADO C-CAB,COLORADO C-CAB,N/A,unreviewed,,,
CHEVROLET,COLORADO C-CAB CENTENNIAL,COLORADO C-CAB CENTENNIAL,N/A,unreviewed,,,
CHEVROLET,COLORADO C-CAB MIDNIGHT,COLORADO C-CAB MIDNIGHT,N/A,unreviewed,,,
CHEVROLET,COLORADO C-CAB TRAIL BOSS,COLORADO C-CAB TRAIL BOSS,N/A,unreviewed,,,
CHEVROLET,COLORADO S-CAB,COLORADO S-CAB,N/A,unreviewed,,,
CHEVROLET,COLORADO X-CAB,COLORADO X-CAB,N/A,unreviewed,,,
CHEVROLET,CORVETTE C8,CORVETTE C8,N/A,unreviewed,,,
CHEVROLET,CORVETTE RHD COUPE 2LT,CORVETTE RHD COUPE 2LT,N/A,unreviewed,,,
CHEVROLET,CORVETTE RHD COUPE 3LT,CORVETTE RHD COUPE 3LT,N/A,unreviewed,,,
CHEVROLET,CORVETTE STINGRAY,CORVETTE STINGRAY,N/A,unreviewed,,,
CHEVROLET,CORVETTE STINGRAY 3LT,CORVETTE STINGRAY 3LT,N/A,unreviewed,,,
CHEVROLET,CORVETTE STINGRAY CONVERTIBLE,CORVETTE STINGRAY CONVERTIBLE,N/A,unreviewed,,,
CHEVROLET,CORVETTE STINGRAY COUPE,CORVETTE STINGRAY COUPE,N/A,unreviewed,,,
CHEVROLET,CORVETTE STINGRAY COUPE 2LT,CORVETTE STINGRAY COUPE 2LT,N/A,unreviewed,,,
CHEVROLET,CORVETTE STINGRAY COUPE 3LT,CORVETTE STINGRAY COUPE 3LT,N/A,unreviewed,,,
CHEVROLET,CORVETTE STINGRAY RWD,CORVETTE STINGRAY RWD,N/A,unreviewed,,,
CHEVROLET,CORVETTE STINGRAY RWD COUPE,CORVETTE STINGRAY RWD COUPE,N/A,unreviewed,,,
CHEVROLET,CORVETTE Z06,CORVETTE Z06,N/A,unreviewed,,,
CHEVROLET,CORVETTE Z06 CONVERTIBLE 3LZ,CORVETTE Z06 CONVERTIBLE 3LZ,N/A,unreviewed,,,
CHEVROLET,CORVETTE ZR1 COUPE,CORVETTE ZR1 COUPE,N/A,unreviewed,,,
CHEVROLET,CRUZE,CRUZE,N/A,unreviewed,,,
CHEVROLET,OPTRA,OPTRA,N/A,unreviewed,,,
CHEVROLET,SONIC,SONIC,N/A,unreviewed,,,
CHEVROLET,TRAILBLAZER,TRAILBLAZER,N/A,unreviewed,,,
CHOR,CH 7610SC,CH 7610SC,N/A,unreviewed,,,
CHTC,HTK6600BEVK,HTK6600BEVK,N/A,unreviewed,,,
CINECO,ES3,ES3,N/A,unreviewed,,,
CINECO,ES5,ES5,N/A,unreviewed,,,
CITROEN,C5 X 1.6PHEV,C5 X 1.6PHEV,N/A,unreviewed,,,
CITROEN,DS3,DS3,N/A,unreviewed,,,
CITROEN,DS3 1.6 VTI,DS3 1.6 VTI,N/A,unreviewed,,,
CITROEN,DS5 1.6,DS5 1.6,N/A,unreviewed,,,
CLAAS,695SL,695SL,N/A,unreviewed,,,
CLAAS,ARION 620 CIS,ARION 620 CIS,N/A,unreviewed,,,
CLAAS,ARION 640,ARION 640,N/A,unreviewed,,,
CLAAS,ARION 640 CEBIS,ARION 640 CEBIS,N/A,unreviewed,,,
CLAAS,ARION 640 CIS,ARION 640 CIS,N/A,unreviewed,,,
CLAAS,ARION 650 CEBIS,ARION 650 CEBIS,N/A,unreviewed,,,
CLAAS,CROPTIGER 30 TERRA TRAC,CROPTIGER 30 TERRA TRAC,N/A,unreviewed,,,
CLAAS,JAGUAR 830,JAGUAR 830,N/A,unreviewed,,,
CLAAS,OPTIGER30TERRA TRAC,OPTIGER30TERRA TRAC,N/A,unreviewed,,,
CLAAS,OPTIGER30TRAC,OPTIGER30TRAC,N/A,unreviewed,,,
CLAAS,TALOS 120,TALOS 120,N/A,unreviewed,,,
CLAAS,TALOS 230 ROPS,TALOS 230 ROPS,N/A,unreviewed,,,
CLAAS,TALOS 240 CABIN,TALOS 240 CABIN,N/A,unreviewed,,,
CLAAS,TALOS120,TALOS120,N/A,unreviewed,,,
CLAAS,TALOS130,TALOS130,N/A,unreviewed,,,
CLAAS,TALOS230,TALOS230,N/A,unreviewed,,,
CLAAS,TALOS240,TALOS240,N/A,unreviewed,,,
CLAAS,TALOS240CAB,TALOS240CAB,N/A,unreviewed,,,
CMI,PR-650,PR-650,N/A,unreviewed,,,
CMI,PR800-7,PR800-7,N/A,unreviewed,,,
CMI,RS-650,RS-650,N/A,unreviewed,,,
CMI,RS650,RS650,N/A,unreviewed,,,
CMI,RS800,RS800,N/A,unreviewed,,,
CMI,RS800-7,RS800-7,N/A,unreviewed,,,
CMI TEREX,RS-800,RS-800,N/A,unreviewed,,,
COLT,COLT,COLT,N/A,unreviewed,,,
COOPER,COOPER,COOPER,N/A,unreviewed,,,
COSMO,R20,R20,N/A,unreviewed,,,
CR TUKTUK,CR,CR,N/A,unreviewed,,,
CUMMINS,TUCV-3.7T,TUCV-3.7T,N/A,unreviewed,,,
CYCLONE,MINI PANDA,MINI PANDA,N/A,unreviewed,,,
CYCLONE,RE3,RE3,N/A,unreviewed,,,
CYCLONE,RT1,RT1,N/A,unreviewed,,,
CYCLONE,RT2,RT2,N/A,unreviewed,,,
DACIA,SPRING,SPRING,N/A,unreviewed,,,
DAE,HYK1020BEYO2,HYK1020BEYO2,N/A,unreviewed,,,
DAEWOO,SOLAR 400 LC-V,SOLAR 400 LC-V,N/A,unreviewed,,,
DAEWOO,SOLAR 450 LC-V,SOLAR 450 LC-V,N/A,unreviewed,,,
DAIHATSU,ATRAI RS 2WD,ATRAI RS 2WD,N/A,unreviewed,,,
DAIHATSU,COPEN 20TH ANNIVERSARY,COPEN 20TH ANNIVERSARY,N/A,unreviewed,,,
DAIHATSU,COPEN CERO S,COPEN CERO S,N/A,unreviewed,,,
DAIHATSU,COPEN GR SPORT,COPEN GR SPORT,N/A,unreviewed,,,
DAIHATSU,HIJET CARGO,HIJET CARGO,N/A,unreviewed,,,
DAIHATSU,HIJET CARGO 4WD,HIJET CARGO 4WD,N/A,unreviewed,,,
DAIHATSU,HIJET CARGO CRUISE 2WD,HIJET CARGO CRUISE 2WD,N/A,unreviewed,,,
DAIHATSU,HIJET CARGO CRUISE TURBO,HIJET CARGO CRUISE TURBO,N/A,unreviewed,,,
DAIHATSU,HIJET CARGO DELUX,HIJET CARGO DELUX,N/A,unreviewed,,,
DAIHATSU,HIJET CARGO DELUXE,HIJET CARGO DELUXE,N/A,unreviewed,,,
DAIHATSU,HIJET TRUCK,HIJET TRUCK,N/A,unreviewed,,,
DAIHATSU,HIJET TRUCK JUMBO 4WD,HIJET TRUCK JUMBO 4WD,N/A,unreviewed,,,
DAIHATSU,HIJET TRUCK JUMBO EXTRA,HIJET TRUCK JUMBO EXTRA,N/A,unreviewed,,,
DAIHATSU,HIJET TRUCK JUMBO SAIIIT,HIJET TRUCK JUMBO SAIIIt,N/A,unreviewed,,,
DAIHATSU,HIJET VAN,HIJET VAN,N/A,unreviewed,,,
DAIHATSU,MOVE CANBUS,MOVE CANBUS,N/A,unreviewed,,,
DAIHATSU,MOVE CANBUS G MAKEUP LIMITED,MOVE CANBUS G MAKEUP LIMITED,N/A,unreviewed,,,
DAIHATSU,MOVE CANBUS G MAKEUP VS SAIII,MOVE CANBUS G MAKEUP VS SAIII,N/A,unreviewed,,,
DAIHATSU,MOVE CANBUS STRIPES G,MOVE CANBUS STRIPES G,N/A,unreviewed,,,
DAIHATSU,MOVE CANBUS STRIPES G TURBO,MOVE CANBUS STRIPES G TURBO,N/A,unreviewed,,,
DAIHATSU,MOVE CANBUS THEORY G,MOVE CANBUS THEORY G,N/A,unreviewed,,,
DAIHATSU,MOVE CANBUS THEORY G TURBO,MOVE CANBUS THEORY G TURBO,N/A,unreviewed,,,
DAIHATSU,TAFT G TURBO,TAFT G TURBO,N/A,unreviewed,,,
DAT BIKE,QUANTUM S1,QUANTUM S1,N/A,unreviewed,,,
DAT BIKE,QUANTUM S3,QUANTUM S3,N/A,unreviewed,,,
DAVID BROWN,MINI REMASTERED,MINI REMASTERED,N/A,unreviewed,,,
DAYANG,E-VIBALL DY 1500DT,E-VIBALL DY 1500DT,N/A,unreviewed,,,
DAYANG,E-VIBALL DY 3000DT,E-VIBALL DY 3000DT,N/A,unreviewed,,,
DAYI MOTOR,DAYI MOTOR E-BALDUR S,DAYI MOTOR E-BALDUR S,N/A,unreviewed,,,
DAYI MOTOR,DAYI MOTOR E-ODIN 2.0,DAYI MOTOR E-ODIN 2.0,N/A,unreviewed,,,
DDRAGON,916N,916N,N/A,unreviewed,,,
DECO,BELLO,Bello,N/A,unreviewed,,,
DECO,BLAZE,BLAZE,N/A,unreviewed,,,
DECO,CJDS60,CJDS60,N/A,unreviewed,,,
DECO,DOUBLEACE,DOUBLEACE,N/A,unreviewed,,,
DECO,DX30,DX30,N/A,unreviewed,,,
DECO,EKON,Ekon,N/A,unreviewed,,,
DECO,FELIX,FELIX,N/A,unreviewed,,,
DECO,G-FIVE,G-FIVE,N/A,unreviewed,,,
DECO,HANNAH,Hannah,N/A,unreviewed,,,
DECO,HUNTER,HUNTER,N/A,unreviewed,,,
DECO,LANZO,Lanzo,N/A,unreviewed,,,
DECO,LUCIANO,Luciano,N/A,unreviewed,,,
DECO,MAX ONE,Max One,N/A,unreviewed,,,
DECO,MCX,MCX,N/A,unreviewed,,,
DECO,NOVA,NOVA,N/A,unreviewed,,,
DECO,PURRA,Purra,N/A,unreviewed,,,
DECO,ROBUST,ROBUST,N/A,unreviewed,,,
DECO,RYDER,RYDER,N/A,unreviewed,,,
DECO,S45,S45,N/A,unreviewed,,,
DECO,SALLY,Sally,N/A,unreviewed,,,
DECO,STELLA,STELLA,N/A,unreviewed,,,
DECO,SUPER ACE,Super Ace,N/A,unreviewed,,,
DECO,SUSU,SUSU,N/A,unreviewed,,,
DECO,SYLLA,Sylla,N/A,unreviewed,,,
DECO,TITAN,TITAN,N/A,unreviewed,,,
DECO,VIGOR,VIGOR,N/A,unreviewed,,,
DEEPAL + CHANGAN,DEEPAL L07,L07,N/A,unreviewed,,,
DEEPAL + CHANGAN,DEEPAL S07,S07,N/A,unreviewed,,,
DEEPAL + CHANGAN,E07 PERFORMANCE AWD,E07,N/A,unreviewed,,,
DEEPAL + CHANGAN,E07 PLUS,E07,N/A,unreviewed,,,
DEEPAL + CHANGAN,HUNTER K50,HUNTER K50,N/A,unreviewed,,,
DEEPAL + CHANGAN,L07,L07,N/A,unreviewed,,,
DEEPAL + CHANGAN,L07 S,L07,N/A,unreviewed,,,
DEEPAL + CHANGAN,LUMIN,LUMIN,N/A,unreviewed,,,
DEEPAL + CHANGAN,LUMIN L DC,LUMIN,N/A,unreviewed,,,
DEEPAL + CHANGAN,S05 MAX,S05 BEV,N/A,unreviewed,,,
DEEPAL + CHANGAN,S05 MAX LONG RANGE,S05 BEV,N/A,unreviewed,,,
DEEPAL + CHANGAN,S05 PLUS,S05 BEV,N/A,unreviewed,,,
DEEPAL + CHANGAN,S05 REEV MAX,S05 REEV,N/A,unreviewed,,,
DEEPAL + CHANGAN,S07,S07,N/A,unreviewed,,,
DEEPAL + CHANGAN,S07 L,S07,N/A,unreviewed,,,
DEEPAL + CHANGAN,STAR TRUCK 1.0 5MT,STAR TRUCK,N/A,unreviewed,,,
DEEPAL + CHANGAN,STAR TRUCK 1.3 5MT,STAR TRUCK,N/A,unreviewed,,,
DEMAG,DF110P,DF110P,N/A,unreviewed,,,
DENZA,DENZA D9 AWD,DENZA D9,N/A,unreviewed,,,
DENZA,DENZA D9 FWD,DENZA D9,N/A,unreviewed,,,
DEUTZ FAHR,AGROLUX 50 EI DT,AGROLUX 50 EI DT,N/A,unreviewed,,,
DEVA,HERCULES KMC1048D3,HERCULES KMC1048D3,N/A,unreviewed,,,
DEVELON,DX220A-2M,DX220A-2M,N/A,unreviewed,,,
DFM,GLORY580,GLORY580,N/A,unreviewed,,,
DFSK,DFSK EC31,DFSK EC31,N/A,unreviewed,,,
DFSK,EC36,EC36,N/A,unreviewed,,,
DFSK,EQ1021GF24Q7,EQ1021GF24Q7,N/A,unreviewed,,,
DFSK,EQ1021TF22QN11,EQ1021TF22QN11,N/A,unreviewed,,,
DFSK,EQ6390PF22Q,EQ6390PF22Q,N/A,unreviewed,,,
DFSK,EVO-P3,EVO-P3,N/A,unreviewed,,,
DFSK,GLORY 560,GLORY 560,N/A,unreviewed,,,
DFSK,GLORY 580 I-AUTO,GLORY 580 I-AUTO,N/A,unreviewed,,,
DHTT,DH360/550PL,DH360/550PL,N/A,unreviewed,,,
DMDL1,LB600L,LB600L,N/A,unreviewed,,,
DODGE,RAM 1500,RAM 1500,N/A,unreviewed,,,
DONGFENG,NAMMI 06,NAMMI 06,N/A,unreviewed,,,
DONGFENG,S73,S73,N/A,unreviewed,,,
DOOSAN,DH220LC-7,DH220LC-7,N/A,unreviewed,,,
DOOSAN,DH55-V,DH55-V,N/A,unreviewed,,,
DOOSAN,DH60-7,DH60-7,N/A,unreviewed,,,
DOOSAN,DL300,DL300,N/A,unreviewed,,,
DOOSAN,DL300A,DL300A,N/A,unreviewed,,,
DOOSAN,DL420A,DL420A,N/A,unreviewed,,,
DOOSAN,DL550,DL550,N/A,unreviewed,,,
DOOSAN,DX140LC,DX140LC,N/A,unreviewed,,,
DOOSAN,DX140LCA,DX140LCA,N/A,unreviewed,,,
DOOSAN,DX200A,DX200A,N/A,unreviewed,,,
DOOSAN,DX200A-7M,DX200A-7M,N/A,unreviewed,,,
DOOSAN,DX220A,DX220A,N/A,unreviewed,,,
DOOSAN,DX220A-2,DX220A-2,N/A,unreviewed,,,
DOOSAN,DX220LC-7M,DX220LC-7M,N/A,unreviewed,,,
DOOSAN,DX225LC,DX225LC,N/A,unreviewed,,,
DOOSAN,DX225LCA,DX225LCA,N/A,unreviewed,,,
DOOSAN,DX225LCA-7M,DX225LCA-7M,N/A,unreviewed,,,
DOOSAN,DX225SLR,DX225SLR,N/A,unreviewed,,,
DOOSAN,DX300LCA,DX300LCA,N/A,unreviewed,,,
DOOSAN,DX300LCA-7M,DX300LCA-7M,N/A,unreviewed,,,
DOOSAN,DX340LC,DX340LC,N/A,unreviewed,,,
DOOSAN,DX340LCA,DX340LCA,N/A,unreviewed,,,
DOOSAN,DX340LCA-K,DX340LCA-K,N/A,unreviewed,,,
DOOSAN,DX35Z,DX35Z,N/A,unreviewed,,,
DOOSAN,DX35Z-7M,DX35Z-7M,N/A,unreviewed,,,
DOOSAN,DX500LCA,DX500LCA,N/A,unreviewed,,,
DOOSAN,DX520LCA-K,DX520LCA-K,N/A,unreviewed,,,
DOOSAN,DX55-5B,DX55-5B,N/A,unreviewed,,,
DOOSAN,DX55W,DX55W,N/A,unreviewed,,,
DOOSAN,DX55WE,DX55WE,N/A,unreviewed,,,
DOOSAN,DX63-3,DX63-3,N/A,unreviewed,,,
DOOSAN,DX75-5B,DX75-5B,N/A,unreviewed,,,
DOOSAN,DX75-7B,DX75-7B,N/A,unreviewed,,,
DOOSAN,MEGA400V,MEGA400V,N/A,unreviewed,,,
DOOSAN,SD200,SD200,N/A,unreviewed,,,
DOOSAN,SD300,SD300,N/A,unreviewed,,,
DOOSAN,SD310,SD310,N/A,unreviewed,,,
DRESSER,A500E,A500E,N/A,unreviewed,,,
DSFK,DXK6450ECBEV,DXK6450ECBEV,N/A,unreviewed,,,
DUCATI,1299 SUPERLEGGERA,1299 SUPERLEGGERA,N/A,unreviewed,,,
DUCATI,999R,999R,N/A,unreviewed,,,
DUCATI,DESERT X,Desert X,N/A,unreviewed,,,
DUCATI,DESERT X RALLY,Desert X Rally,N/A,unreviewed,,,
DUCATI,DIAVEL (CARBON),DIAVEL (CARBON),N/A,unreviewed,,,
DUCATI,DIAVEL 1260,DIAVEL 1260,N/A,unreviewed,,,
DUCATI,DIAVEL 1260 S,DIAVEL 1260 S,N/A,unreviewed,,,
DUCATI,DIAVEL LAMBORGHINI,DIAVEL LAMBORGHINI,N/A,unreviewed,,,
DUCATI,DIAVEL V4,DIAVEL V4,N/A,unreviewed,,,
DUCATI,HYPER 939,HYPER 939,N/A,unreviewed,,,
DUCATI,HYPER821,HYPER821,N/A,unreviewed,,,
DUCATI,HYPERMOTARD 698 MONO,HYPERMOTARD 698 MONO,N/A,unreviewed,,,
DUCATI,HYPERMOTARD 698 MONO RVE,HYPERMOTARD 698 MONO RVE,N/A,unreviewed,,,
DUCATI,HYPERMOTARD 950,HYPERMOTARD 950,N/A,unreviewed,,,
DUCATI,HYPERMOTARD 950 RVE,HYPERMOTARD 950 RVE,N/A,unreviewed,,,
DUCATI,HYPERMOTARD 950 SP,HYPERMOTARD 950 SP,N/A,unreviewed,,,
DUCATI,MONSTER,MONSTER,N/A,unreviewed,,,
DUCATI,MONSTER +,MONSTER +,N/A,unreviewed,,,
DUCATI,MONSTER 1200S,MONSTER 1200S,N/A,unreviewed,,,
DUCATI,MONSTER 30 ANNIVERSARIO,MONSTER 30 ANNIVERSARIO,N/A,unreviewed,,,
DUCATI,MONSTER 797,MONSTER 797,N/A,unreviewed,,,
DUCATI,MONSTER 821,MONSTER 821,N/A,unreviewed,,,
DUCATI,MONSTER PLUS,MONSTER PLUS,N/A,unreviewed,,,
DUCATI,MONSTER SP,MONSTER SP,N/A,unreviewed,,,
DUCATI,MULTISTRADA 1200,MULTISTRADA 1200,N/A,unreviewed,,,
DUCATI,MULTISTRADA 1200 ENDURO,MULTISTRADA 1200 ENDURO,N/A,unreviewed,,,
DUCATI,MULTISTRADA 1200 S,MULTISTRADA 1200 S,N/A,unreviewed,,,
DUCATI,MULTISTRADA 1260,MULTISTRADA 1260,N/A,unreviewed,,,
DUCATI,MULTISTRADA 1260 ENDURO,MULTISTRADA 1260 ENDURO,N/A,unreviewed,,,
DUCATI,MULTISTRADA 1260 S,MULTISTRADA 1260 S,N/A,unreviewed,,,
DUCATI,MULTISTRADA 950,MULTISTRADA 950,N/A,unreviewed,,,
DUCATI,MULTISTRADA 950 S,MULTISTRADA 950 S,N/A,unreviewed,,,
DUCATI,MULTISTRADA V2,Multistrada V2,N/A,unreviewed,,,
DUCATI,MULTISTRADA V2 S,MULTISTRADA V2 S,N/A,unreviewed,,,
DUCATI,MULTISTRADA V4,MULTISTRADA V4,N/A,unreviewed,,,
DUCATI,MULTISTRADA V4 PIKES PEAK,MULTISTRADA V4 PIKES PEAK,N/A,unreviewed,,,
DUCATI,MULTISTRADA V4 RALLY,MULTISTRADA V4 RALLY,N/A,unreviewed,,,
DUCATI,MULTISTRADA V4 RS,Multistrada V4 RS,N/A,unreviewed,,,
DUCATI,MULTISTRADA V4 S,MULTISTRADA V4 S,N/A,unreviewed,,,
DUCATI,PANIGALE V2,PANIGALE V2,N/A,unreviewed,,,
DUCATI,PANIGALE V2 BAYLISS,PANIGALE V2 BAYLISS,N/A,unreviewed,,,
DUCATI,PANIGALE V2 FINAL EDITION,Panigale V2 Final Edition,N/A,unreviewed,,,
DUCATI,PANIGALE V2 S,PANIGALE V2 S,N/A,unreviewed,,,
DUCATI,PANIGALE V4,PANIGALE V4,N/A,unreviewed,,,
DUCATI,PANIGALE V4 R,PANIGALE V4 R,N/A,unreviewed,,,
DUCATI,PANIGALE V4 REPLICA BAGNAIA,Panigale V4 Replica Bagnaia,N/A,unreviewed,,,
DUCATI,PANIGALE V4 S,PANIGALE V4 S,N/A,unreviewed,,,
DUCATI,PANIGALE V4 SP2,Panigale V4 SP2,N/A,unreviewed,,,
DUCATI,PANIGALE V4 SPECIALE,PANIGALE V4 SPECIALE,N/A,unreviewed,,,
DUCATI,PANIGALE V4 TRICOLORE ITA,PANIGALE V4 TRICOLORE ITA,N/A,unreviewed,,,
DUCATI,PANIGALE V4S,PANIGALE V4S,N/A,unreviewed,,,
DUCATI,PS1000LE,PS1000LE,N/A,unreviewed,,,
DUCATI,SCRAMBLER,SCRAMBLER,N/A,unreviewed,,,
DUCATI,SCRAMBLER 1100,SCRAMBLER 1100,N/A,unreviewed,,,
DUCATI,SCRAMBLER 1100 DARK PRO,SCRAMBLER 1100 DARK PRO,N/A,unreviewed,,,
DUCATI,SCRAMBLER 1100 PRO,SCRAMBLER 1100 PRO,N/A,unreviewed,,,
DUCATI,SCRAMBLER 1100 SPORT PRO,SCRAMBLER 1100 SPORT PRO,N/A,unreviewed,,,
DUCATI,SCRAMBLER 1100 TB PRO,SCRAMBLER 1100 TB PRO,N/A,unreviewed,,,
DUCATI,SCRAMBLER 400,SCRAMBLER 400,N/A,unreviewed,,,
DUCATI,SCRAMBLER CR,SCRAMBLER CR,N/A,unreviewed,,,
DUCATI,SCRAMBLER DESERT SLED,SCRAMBLER DESERT SLED,N/A,unreviewed,,,
DUCATI,SCRAMBLER DESERT SLED FH,SCRAMBLER DESERT SLED FH,N/A,unreviewed,,,
DUCATI,SCRAMBLER DS,SCRAMBLER DS,N/A,unreviewed,,,
DUCATI,SCRAMBLER FULL THROTTLE,SCRAMBLER FULL THROTTLE,N/A,unreviewed,,,
DUCATI,SCRAMBLER FULLTHROTTLE 2G,SCRAMBLER FULLTHROTTLE 2G,N/A,unreviewed,,,
DUCATI,SCRAMBLER ICON,SCRAMBLER ICON,N/A,unreviewed,,,
DUCATI,SCRAMBLER ICON 2G,SCRAMBLER ICON 2G,N/A,unreviewed,,,
DUCATI,SCRAMBLER ICON DARK,SCRAMBLER ICON DARK,N/A,unreviewed,,,
DUCATI,SCRAMBLER NIGHTSHIFT,SCRAMBLER NIGHTSHIFT,N/A,unreviewed,,,
DUCATI,SCRAMBLER NIGHTSHIFT 2G,SCRAMBLER NIGHTSHIFT 2G,N/A,unreviewed,,,
DUCATI,SCRAMBLER URBAN MOTARD,SCRAMBLER URBAN MOTARD,N/A,unreviewed,,,
DUCATI,STREETFIGHTER V2,STREETFIGHTER V2,N/A,unreviewed,,,
DUCATI,STREETFIGHTER V2 S,STREETFIGHTER V2 S,N/A,unreviewed,,,
DUCATI,STREETFIGHTER V4,STREETFIGHTER V4,N/A,unreviewed,,,
DUCATI,STREETFIGHTER V4 LAMBO,STREETFIGHTER V4 LAMBO,N/A,unreviewed,,,
DUCATI,STREETFIGHTER V4 S,STREETFIGHTER V4 S,N/A,unreviewed,,,
DUCATI,STREETFIGHTER V4 SP,STREETFIGHTER V4 SP,N/A,unreviewed,,,
DUCATI,STREETFIGHTER V4 SP2,STREETFIGHTER V4 SP2,N/A,unreviewed,,,
DUCATI,STREETFIGHTER V4 SUPREME,STREETFIGHTER V4 SUPREME,N/A,unreviewed,,,
DUCATI,STREETFIGHTER V4S,STREETFIGHTER V4S,N/A,unreviewed,,,
DUCATI,SUPERBIKE 1199,SUPERBIKE 1199,N/A,unreviewed,,,
DUCATI,SUPERBIKE 959,SUPERBIKE 959,N/A,unreviewed,,,
DUCATI,SUPERSPORT,SUPERSPORT,N/A,unreviewed,,,
DUCATI,SUPERSPORT 950,SUPERSPORT 950,N/A,unreviewed,,,
DUCATI,SUPERSPORT 950 S,SUPERSPORT 950 S,N/A,unreviewed,,,
DUCATI,X DIAVEL V4,X DIAVEL V4,N/A,unreviewed,,,
DUCATI,XDIAVEL,XDIAVEL,N/A,unreviewed,,,
DUCATI,XDIAVEL BLACK STAR,XDIAVEL BLACK STAR,N/A,unreviewed,,,
DUCATI,XDIAVEL DARK,XDiavel Dark,N/A,unreviewed,,,
DUCATI,XDIAVEL NERA,XDiavel Nera,N/A,unreviewed,,,
DUCATI,XDIAVEL S,XDIAVEL S,N/A,unreviewed,,,
DUCATI,XDIAVEL V4,XDIAVEL V4,N/A,unreviewed,,,
DYNAPAC,CA-250D,CA-250D,N/A,unreviewed,,,
DYNAPAC,CA-300D,CA-300D,N/A,unreviewed,,,
DYNAPAC,CA134PD,CA134PD,N/A,unreviewed,,,
DYNAPAC,CA2500D,CA2500D,N/A,unreviewed,,,
DYNAPAC,CA250D,CA250D,N/A,unreviewed,,,
DYNAPAC,CA252D,CA252D,N/A,unreviewed,,,
DYNAPAC,CA252PD,CA252PD,N/A,unreviewed,,,
DYNAPAC,CA25D,CA25D,N/A,unreviewed,,,
DYNAPAC,CA302D,CA302D,N/A,unreviewed,,,
DYNAPAC,CA30D,CA30D,N/A,unreviewed,,,
DYNAPAC,CA30T1,CA30T1,N/A,unreviewed,,,
DYNAPAC,CA35D,CA35D,N/A,unreviewed,,,
DYNAPAC,CA362D,CA362D,N/A,unreviewed,,,
DYNAPAC,CA362PD,CA362PD,N/A,unreviewed,,,
DYNAPAC,CA4600PD,CA4600PD,N/A,unreviewed,,,
DYNAPAC,CA511D,CA511D,N/A,unreviewed,,,
DYNAPAC,CA6000PD,CA6000PD,N/A,unreviewed,,,
DYNAPAC,CA602D,CA602D,N/A,unreviewed,,,
DYNAPAC,CA610D,CA610D,N/A,unreviewed,,,
DYNAPAC,CA612D,CA612D,N/A,unreviewed,,,
DYNAPAC,CA65D,CA65D,N/A,unreviewed,,,
DYNAPAC,CA702D,CA702D,N/A,unreviewed,,,
DYNAPAC,CA702PD,CA702PD,N/A,unreviewed,,,
DYNAPAC,CC1200C,CC1200C,N/A,unreviewed,,,
DYNAPAC,CC1250,CC1250,N/A,unreviewed,,,
DYNAPAC,CC1300,CC1300,N/A,unreviewed,,,
DYNAPAC,CC1300C,CC1300C,N/A,unreviewed,,,
DYNAPAC,CC1300C VI,CC1300C VI,N/A,unreviewed,,,
DYNAPAC,CC1400,CC1400,N/A,unreviewed,,,
DYNAPAC,CC1400C,CC1400C,N/A,unreviewed,,,
DYNAPAC,CC1400C VI,CC1400C VI,N/A,unreviewed,,,
DYNAPAC,CC142C2,CC142C2,N/A,unreviewed,,,
DYNAPAC,CC143C,CC143C,N/A,unreviewed,,,
DYNAPAC,CC150CW,CC150CW,N/A,unreviewed,,,
DYNAPAC,CC21,CC21,N/A,unreviewed,,,
DYNAPAC,CC2200,CC2200,N/A,unreviewed,,,
DYNAPAC,CC222HF,CC222HF,N/A,unreviewed,,,
DYNAPAC,CC224,CC224,N/A,unreviewed,,,
DYNAPAC,CC224HF,CC224HF,N/A,unreviewed,,,
DYNAPAC,CC232,CC232,N/A,unreviewed,,,
DYNAPAC,CC3800,CC3800,N/A,unreviewed,,,
DYNAPAC,CC421,CC421,N/A,unreviewed,,,
DYNAPAC,CC422,CC422,N/A,unreviewed,,,
DYNAPAC,CC424,CC424,N/A,unreviewed,,,
DYNAPAC,CC501,CC501,N/A,unreviewed,,,
DYNAPAC,CC522,CC522,N/A,unreviewed,,,
DYNAPAC,CC522HF,CC522HF,N/A,unreviewed,,,
DYNAPAC,CC522VHF,CC522VHF,N/A,unreviewed,,,
DYNAPAC,CC624HF,CC624HF,N/A,unreviewed,,,
DYNAPAC,CG16CII,CG16CII,N/A,unreviewed,,,
DYNAPAC,CP142,CP142,N/A,unreviewed,,,
DYNAPAC,CP150,CP150,N/A,unreviewed,,,
DYNAPAC,CP201,CP201,N/A,unreviewed,,,
DYNAPAC,CP201W,CP201W,N/A,unreviewed,,,
DYNAPAC,CP201WT,CP201WT,N/A,unreviewed,,,
DYNAPAC,CP202,CP202,N/A,unreviewed,,,
DYNAPAC,CP202W,CP202W,N/A,unreviewed,,,
DYNAPAC,CP205,CP205,N/A,unreviewed,,,
DYNAPAC,CP20W,CP20W,N/A,unreviewed,,,
DYNAPAC,CP275,CP275,N/A,unreviewed,,,
DYNAPAC,CS125,CS125,N/A,unreviewed,,,
DYNAPAC,CS14,CS14,N/A,unreviewed,,,
DYNAPAC,CT3000,CT3000,N/A,unreviewed,,,
DYNAPAC,D.ONE,D.ONE,N/A,unreviewed,,,
DYNAPAC,DRS120D,DRS120D,N/A,unreviewed,,,
DYNAPAC,DRS200D,DRS200D,N/A,unreviewed,,,
DYNAPAC,DTR75D,DTR75D,N/A,unreviewed,,,
DYNAPAC,F1250CS,F1250CS,N/A,unreviewed,,,
DYNAPAC,F1800C,F1800C,N/A,unreviewed,,,
DYNAPAC,F1800W,F1800W,N/A,unreviewed,,,
DYNAPAC,PL350,PL350,N/A,unreviewed,,,
DYNAPAC,R20A,R20A,N/A,unreviewed,,,
DYNAPAC,R20B,R20B,N/A,unreviewed,,,
DYNAPAC,SD2500CS,SD2500CS,N/A,unreviewed,,,
DYNAPAC,SD2500WS,SD2500WS,N/A,unreviewed,,,
DYNAPAC,SD2500WS PAVER,SD2500WS PAVER,N/A,unreviewed,,,
DYNAPAC,WR20W,WR20W,N/A,unreviewed,,,
E-TRON,ZF4000D-A,ZF4000D-A,N/A,unreviewed,,,
E-TUK,LIMO GT,LIMO GT,N/A,unreviewed,,,
EAGLE,EC01,EC01,N/A,unreviewed,,,
ECO,GF,GF,N/A,unreviewed,,,
ECOOTER,E2,E2,N/A,unreviewed,,,
ECOOTER,ELONBB8,ELONBB8,N/A,unreviewed,,,
ECOOTER,ELONE2,ELONE2,N/A,unreviewed,,,
EM,CARGOO,CARGOO,N/A,unreviewed,,,
EM,ENZO,ENZO,N/A,unreviewed,,,
EM,LEGEND,LEGEND,N/A,unreviewed,,,
EM,LEGEND PRO,LEGEND PRO,N/A,unreviewed,,,
EM,MILANO,MILANO,N/A,unreviewed,,,
EM,OWEN,OWEN,N/A,unreviewed,,,
EM,QAREZ,QAREZ,N/A,unreviewed,,,
EME,SMAX,SMAX,N/A,unreviewed,,,
EMOTIVE,NEXI,NEXI,N/A,unreviewed,,,
ENERGREEN,ILF ALPHA 173 HP,ILF ALPHA 173 HP,N/A,unreviewed,,,
ENERGREEN,ILF ALPHA T12,ILF ALPHA T12,N/A,unreviewed,,,
ENGY,GREENER,GREENER,N/A,unreviewed,,,
ENSIGN,YX638,YX638,N/A,unreviewed,,,
ENSIGN,YX670HEV,YX670HEV,N/A,unreviewed,,,
ENSIGN,YX677HV,YX677HV,N/A,unreviewed,,,
EPIROC,FLEXIROC T35,FLEXIROC T35,N/A,unreviewed,,,
EPIROC,SMARTROC T40,SMARTROC T40,N/A,unreviewed,,,
EPIROC,SMARTROC T40-11,SMARTROC T40-11,N/A,unreviewed,,,
ETAN4U,ET-500 4WD,ET-500 4WD,N/A,unreviewed,,,
ETAN4U,PD-2000,PD-2000,N/A,unreviewed,,,
ETAN4U,PS-2000,PS-2000,N/A,unreviewed,,,
ETAN4U,S-1000+4WD,S-1000+4WD,N/A,unreviewed,,,
ETAN4U,S-1000L,S-1000L,N/A,unreviewed,,,
ETAN4U,S-2000L 4WD,S-2000L 4WD,N/A,unreviewed,,,
ETRAN,ETRAN MYRA,ETRAN MYRA,N/A,unreviewed,,,
EULER,ORA-R1,ORA-R1,N/A,unreviewed,,,
EUROMACH,R145,R145,N/A,unreviewed,,,
EUROTRAC,454,454,N/A,unreviewed,,,
EUROTRAC,504,504,N/A,unreviewed,,,
EUROTRAC,55 DI,55 DI,N/A,unreviewed,,,
EUROTRAC,60K,60K,N/A,unreviewed,,,
EUROTRAC,904,904,N/A,unreviewed,,,
EUROTRAC,FT824,FT824,N/A,unreviewed,,,
EUROTRAC,TB,TB,N/A,unreviewed,,,
EUROTRAC,TD,TD,N/A,unreviewed,,,
EVEASY,GSE,GSE,N/A,unreviewed,,,
EVERUN,ER50,ER50,N/A,unreviewed,,,
EVO,ROBOS-V1,ROBOS-V1,N/A,unreviewed,,,
EVO,ROBOS-V2,ROBOS-V2,N/A,unreviewed,,,
EVT,E-VAN,E-VAN,N/A,unreviewed,,,
EVTRON,WIND,WIND,N/A,unreviewed,,,
FARIZON,FARIZON SUPERVAN SV6,FARIZON SUPERVAN SV6,N/A,unreviewed,,,
FARIZON,SUPERVAN SV,SUPERVAN SV,N/A,unreviewed,,,
FARIZON,SUPERVAN SV9,SUPERVAN SV9,N/A,unreviewed,,,
FARIZON,SV,SV,N/A,unreviewed,,,
FARIZON,SV9,SV9,N/A,unreviewed,,,
FARMER,F-8258,F-8258,N/A,unreviewed,,,
FARMER,F-8258R,F-8258R,N/A,unreviewed,,,
FARMER,F4-7248 R1,F4-7248 R1,N/A,unreviewed,,,
FARMER,F47248R1,F47248R1,N/A,unreviewed,,,
FARMER,F8258,F8258,N/A,unreviewed,,,
FAW,CA1040P40K50E5A84,CA1040P40K50E5A84,N/A,unreviewed,,,
FAW,CA1040P40K58LE5YZA84,CA1040P40K58LE5YZA84,N/A,unreviewed,,,
FELQ,FW03,FW03,N/A,unreviewed,,,
FELQ,FW07 SPORT,FW07 SPORT,N/A,unreviewed,,,
FENGCHI,DYQ1030BEV1-H,DYQ1030BEV1-H,N/A,unreviewed,,,
FERRARI,12CILINDRI,12Cilindri,N/A,unreviewed,,,
FERRARI,12CILINDRI SPIDER,12Cilindri Spider,N/A,unreviewed,,,
FERRARI,296 GTB,296 GTB,N/A,unreviewed,,,
FERRARI,296 GTS,296 GTS,N/A,unreviewed,,,
FERRARI,348 SPIDER,348 SPIDER,N/A,unreviewed,,,
FERRARI,360CHALLEGE STRADALE,360CHALLEGE STRADALE,N/A,unreviewed,,,
FERRARI,488 GTB,488 GTB,N/A,unreviewed,,,
FERRARI,488 PISTA,488 PISTA,N/A,unreviewed,,,
FERRARI,488 PISTA PILOTI,488 PISTA PILOTI,N/A,unreviewed,,,
FERRARI,488 PISTA SPIDER,488 PISTA SPIDER,N/A,unreviewed,,,
FERRARI,488 SPIDER,488 SPIDER,N/A,unreviewed,,,
FERRARI,812 COMPETIZIONE,812 COMPETIZIONE,N/A,unreviewed,,,
FERRARI,812 COMPETIZIONE A,812 COMPETIZIONE A,N/A,unreviewed,,,
FERRARI,812 GTS,812 GTS,N/A,unreviewed,,,
FERRARI,812 SUPERFAST,812 SUPERFAST,N/A,unreviewed,,,
FERRARI,CALIFORNIA T,CALIFORNIA T,N/A,unreviewed,,,
FERRARI,F12 TDF,F12 TDF,N/A,unreviewed,,,
FERRARI,F360,F360,N/A,unreviewed,,,
FERRARI,F8 SPIDER,F8 SPIDER,N/A,unreviewed,,,
FERRARI,F8 TRIBUTO,F8 TRIBUTO,N/A,unreviewed,,,
FERRARI,GTC 4 LUSSO,GTC 4 LUSSO,N/A,unreviewed,,,
FERRARI,GTC4LUSSO T,GTC4LUSSO T,N/A,unreviewed,,,
FERRARI,PORTOFINO,PORTOFINO,N/A,unreviewed,,,
FERRARI,PORTOFINO M,PORTOFINO M,N/A,unreviewed,,,
FERRARI,PUROSANGUE,PUROSANGUE,N/A,unreviewed,,,
FERRARI,ROMA,ROMA,N/A,unreviewed,,,
FERRARI,ROMA SPIDER,ROMA SPIDER,N/A,unreviewed,,,
FERRARI,SF90 SPIDER,SF90 SPIDER,N/A,unreviewed,,,
FERRARI,SF90 STRADALE,SF90 STRADALE,N/A,unreviewed,,,
FERRARI,SF90 XX STRADALE,SF90 XX STRADALE,N/A,unreviewed,,,
FIAT,500 ABARTH 595 TURISMO MTA,500 ABARTH 595 TURISMO MTA,N/A,unreviewed,,,
FIAT,500 ABARTH ELECTRIC HATCHBACK,500 ABARTH ELECTRIC HATCHBACK,N/A,unreviewed,,,
FIAT,500 HATCHBACK CONVERTIBLE,500 HATCHBACK CONVERTIBLE,N/A,unreviewed,,,
FIAT,500 LA PRIMA,500 LA PRIMA,N/A,unreviewed,,,
FIAT,500ELECTRIC HATCHBACK LA PRIMA,500ELECTRIC HATCHBACK LA PRIMA,N/A,unreviewed,,,
FIAT,640/8,640/8,N/A,unreviewed,,,
FIAT,ABARTH 595 COMPETIZIONE,ABARTH 595 COMPETIZIONE,N/A,unreviewed,,,
FIAT,ABARTH 595 PISTA,ABARTH 595 PISTA,N/A,unreviewed,,,
FIAT,BENIMAR MILEO 243,BENIMAR MILEO 243,N/A,unreviewed,,,
FIAT,BENIMAR MILEO 282,BENIMAR MILEO 282,N/A,unreviewed,,,
FIAT,DUCATO,DUCATO,N/A,unreviewed,,,
FIAT,DUCATO 335XL PANEL VAN,DUCATO 335XL PANEL VAN,N/A,unreviewed,,,
FIAT,DUCATO SINGLE CAB,DUCATO SINGLE CAB,N/A,unreviewed,,,
FOMM,FOMM ONE,FOMM ONE,N/A,unreviewed,,,
FORD,3000,3000,N/A,unreviewed,,,
FORD,3000(4WD),3000(4WD),N/A,unreviewed,,,
FORD,3600,3600,N/A,unreviewed,,,
FORD,3910,3910,N/A,unreviewed,,,
FORD,3930(4WD),3930(4WD),N/A,unreviewed,,,
FORD,4000,4000,N/A,unreviewed,,,
FORD,4130,4130,N/A,unreviewed,,,
FORD,4600,4600,N/A,unreviewed,,,
FORD,4610,4610,N/A,unreviewed,,,
FORD,5000 65HP,5000 65HP,N/A,unreviewed,,,
FORD,5000 75HP,5000 75HP,N/A,unreviewed,,,
FORD,5000/SF/T3/5/PAS,5000/SF/T3/5/PAS,N/A,unreviewed,,,
FORD,5010,5010,N/A,unreviewed,,,
FORD,5030(4WD),5030(4WD),N/A,unreviewed,,,
FORD,5110,5110,N/A,unreviewed,,,
FORD,5600,5600,N/A,unreviewed,,,
FORD,5610 4WD,5610 4wd,N/A,unreviewed,,,
FORD,5610(4WD),5610(4WD),N/A,unreviewed,,,
FORD,5640DT,5640DT,N/A,unreviewed,,,
FORD,5700,5700,N/A,unreviewed,,,
FORD,5900,5900,N/A,unreviewed,,,
FORD,6000,6000,N/A,unreviewed,,,
FORD,6410 4WD,6410 4wd,N/A,unreviewed,,,
FORD,6410(4WD),6410(4WD),N/A,unreviewed,,,
FORD,6600 (4 WD),6600 (4 WD),N/A,unreviewed,,,
FORD,6600 2WD,6600 2WD,N/A,unreviewed,,,
FORD,6600 4WD,6600 4wd,N/A,unreviewed,,,
FORD,6600(4WD),6600(4WD),N/A,unreviewed,,,
FORD,6600PAS,6600PAS,N/A,unreviewed,,,
FORD,6610 (4 WD),6610 (4 WD),N/A,unreviewed,,,
FORD,6610 2WD,6610 2WD,N/A,unreviewed,,,
FORD,6610(4WD),6610(4WD),N/A,unreviewed,,,
FORD,6610DT,6610DT,N/A,unreviewed,,,
FORD,6611,6611,N/A,unreviewed,,,
FORD,6640 4WD,6640 4WD,N/A,unreviewed,,,
FORD,6640 SLDP,6640 SLDP,N/A,unreviewed,,,
FORD,6640(4X2),6640(4X2),N/A,unreviewed,,,
FORD,6640NEWHOLLAND,6640NEWHOLLAND,N/A,unreviewed,,,
FORD,67/7700,67/7700,N/A,unreviewed,,,
FORD,6700,6700,N/A,unreviewed,,,
FORD,6710,6710,N/A,unreviewed,,,
FORD,6810,6810,N/A,unreviewed,,,
FORD,6810 4WD,6810 4WD,N/A,unreviewed,,,
FORD,6810(4WD),6810(4WD),N/A,unreviewed,,,
FORD,7410,7410,N/A,unreviewed,,,
FORD,7410 4WD,7410 4WD,N/A,unreviewed,,,
FORD,7600,7600,N/A,unreviewed,,,
FORD,7600(4WD),7600(4WD),N/A,unreviewed,,,
FORD,7610 4WD,7610 4WD,N/A,unreviewed,,,
FORD,7610(4WD),7610(4WD),N/A,unreviewed,,,
FORD,7700(4WD),7700(4WD),N/A,unreviewed,,,
FORD,7740 4WD,7740 4WD,N/A,unreviewed,,,
FORD,7810 4WD,7810 4WD,N/A,unreviewed,,,
FORD,7810 4X4,7810 4X4,N/A,unreviewed,,,
FORD,7810(4WD),7810(4WD),N/A,unreviewed,,,
FORD,7811,7811,N/A,unreviewed,,,
FORD,7840 4WD,7840 4WD,N/A,unreviewed,,,
FORD,7840 4X4,7840 4X4,N/A,unreviewed,,,
FORD,7910,7910,N/A,unreviewed,,,
FORD,7910 4WD,7910 4WD,N/A,unreviewed,,,
FORD,7910 4X4,7910 4X4,N/A,unreviewed,,,
FORD,7910(4WD),7910(4WD),N/A,unreviewed,,,
FORD,8010,8010,N/A,unreviewed,,,
FORD,8010(4WD),8010(4WD),N/A,unreviewed,,,
FORD,8100,8100,N/A,unreviewed,,,
FORD,8200,8200,N/A,unreviewed,,,
FORD,8200(4WD),8200(4WD),N/A,unreviewed,,,
FORD,8210 4WD,8210 4WD,N/A,unreviewed,,,
FORD,8210(4WD),8210(4WD),N/A,unreviewed,,,
FORD,8240A,8240A,N/A,unreviewed,,,
FORD,8340(4WD),8340(4WD),N/A,unreviewed,,,
FORD,8430,8430,N/A,unreviewed,,,
FORD,8530,8530,N/A,unreviewed,,,
FORD,BRAVO80 6610,BRAVO80 6610,N/A,unreviewed,,,
FORD,EA414L,EA414L,N/A,unreviewed,,,
FORD,EA4I4C,EA4I4C,N/A,unreviewed,,,
FORD,ECOSPORT,EcoSport,N/A,unreviewed,,,
FORD,EVEREST,EVEREST,N/A,unreviewed,,,
FORD,F-150 HARLEY-DAVIDSON,F-150 HARLEY-DAVIDSON,N/A,unreviewed,,,
FORD,F-150 RAPTOR,F-150 RAPTOR,N/A,unreviewed,,,
FORD,F7740,F7740,N/A,unreviewed,,,
FORD,F7811,F7811,N/A,unreviewed,,,
FORD,F7840,F7840,N/A,unreviewed,,,
FORD,FIESTA,Fiesta,N/A,unreviewed,,,
FORD,FOCUS,Focus,N/A,unreviewed,,,
FORD,FORD 4830 4WD,FORD 4830 4WD,N/A,unreviewed,,,
FORD,FORD ECOSPORT,Ford Ecosport,N/A,unreviewed,,,
FORD,FORD EVEREST,Ford Everest,N/A,unreviewed,,,
FORD,FORD EVEREST ZFAE9BC,FORD EVEREST zFAE9BC,N/A,unreviewed,,,
FORD,FORD EVEREST ZFAE9GD,FORD EVEREST zFAE9GD,N/A,unreviewed,,,
FORD,FORD EVEREST ZJAE9BC,FORD EVEREST zJAE9BC,N/A,unreviewed,,,
FORD,FORD EVEREST ZJAE9GD,FORD EVEREST zJAE9GD,N/A,unreviewed,,,
FORD,FORD EVEREST ZJAJ9BC,FORD EVEREST zJAJ9BC,N/A,unreviewed,,,
FORD,FORD FIESTA,FORD FIESTA,N/A,unreviewed,,,
FORD,FORD FOCUS,Ford Focus,N/A,unreviewed,,,
FORD,FORD RANGER,FORD RANGER,N/A,unreviewed,,,
FORD,FORD RANGER IFAB9A5,FORD RANGER iFAB9A5,N/A,unreviewed,,,
FORD,FORD RANGER IFBT9AH,FORD RANGER iFBT9AH,N/A,unreviewed,,,
FORD,FORD RANGER IFBT9AR,FORD RANGER iFBT9AR,N/A,unreviewed,,,
FORD,FORD RANGER IFBW9AR,FORD RANGER iFBW9AR,N/A,unreviewed,,,
FORD,FORD RANGER IFBW9B4,FORD RANGER iFBW9B4,N/A,unreviewed,,,
FORD,FORD RANGER IFCS9AR,FORD RANGER iFCS9AR,N/A,unreviewed,,,
FORD,FORD RANGER IFCS9D5,FORD RANGER iFCS9D5,N/A,unreviewed,,,
FORD,FORD RANGER IFCS9DH,FORD RANGER iFCS9DH,N/A,unreviewed,,,
FORD,FORD RANGER IFCT9AH,FORD RANGER iFCT9AH,N/A,unreviewed,,,
FORD,FORD RANGER IFCT9AR,FORD RANGER iFCT9AR,N/A,unreviewed,,,
FORD,FORD RANGER IFCX9D5,FORD RANGER iFCX9D5,N/A,unreviewed,,,
FORD,FORD RANGER IFCX9DH,FORD RANGER iFCX9DH,N/A,unreviewed,,,
FORD,FORD RANGER IJBT9A6,FORD RANGER iJBT9A6,N/A,unreviewed,,,
FORD,FORD RANGER IJBT9AH,FORD RANGER iJBT9AH,N/A,unreviewed,,,
FORD,FORD RANGER IJBT9AR,FORD RANGER iJBT9AR,N/A,unreviewed,,,
FORD,FORD RANGER IJBT9B4,FORD RANGER iJBT9B4,N/A,unreviewed,,,
FORD,FORD RANGER IJBW9AH,FORD RANGER iJBW9AH,N/A,unreviewed,,,
FORD,FORD RANGER IJBW9AR,FORD RANGER iJBW9AR,N/A,unreviewed,,,
FORD,FORD RANGER IJBW9B4,FORD RANGER iJBW9B4,N/A,unreviewed,,,
FORD,FORD RANGER IJCT9AH,FORD RANGER iJCT9AH,N/A,unreviewed,,,
FORD,FORD RANGER IJCX9D5,FORD RANGER iJCX9D5,N/A,unreviewed,,,
FORD,FORD RANGER IJCX9DH,FORD RANGER iJCX9DH,N/A,unreviewed,,,
FORD,FORD RANGER ZFEA9GD,FORD RANGER zFEA9GD,N/A,unreviewed,,,
FORD,FORD RANGER ZJEA9GD,FORD RANGER zJEA9GD,N/A,unreviewed,,,
FORD,FORD5000,FORD5000,N/A,unreviewed,,,
FORD,FR415L,FR415L,N/A,unreviewed,,,
FORD,MOXY3212B,MOXY3212B,N/A,unreviewed,,,
FORD,MUSTANG,MUSTANG,N/A,unreviewed,,,
FORD,MUSTANG 2.3 ECOBOOST,MUSTANG 2.3 ECOBOOST,N/A,unreviewed,,,
FORD,MUSTANG 2.3 ECOBOOST FASTBACK,MUSTANG 2.3 ECOBOOST FASTBACK,N/A,unreviewed,,,
FORD,MUSTANG 2.3 ECOBOOST PREMIUM,MUSTANG 2.3 ECOBOOST PREMIUM,N/A,unreviewed,,,
FORD,MUSTANG 2.3L CONVERTIBLE,MUSTANG 2.3L CONVERTIBLE,N/A,unreviewed,,,
FORD,MUSTANG 2.3L ECOBOOST,MUSTANG 2.3L ECOBOOST,N/A,unreviewed,,,
FORD,MUSTANG 2.3L ECOBOOST FASTBACK,MUSTANG 2.3L ECOBOOST FASTBACK,N/A,unreviewed,,,
FORD,MUSTANG 2.3L ECOBOOST PREMIUM,MUSTANG 2.3L ECOBOOST PREMIUM,N/A,unreviewed,,,
FORD,MUSTANG 2.3L FASTBACK,MUSTANG 2.3L FASTBACK,N/A,unreviewed,,,
FORD,MUSTANG 5.0 GT,MUSTANG 5.0 GT,N/A,unreviewed,,,
FORD,MUSTANG 5.0 GT FASTBACK,MUSTANG 5.0 GT FASTBACK,N/A,unreviewed,,,
FORD,MUSTANG 5.0 GT PREMIUM,MUSTANG 5.0 GT PREMIUM,N/A,unreviewed,,,
FORD,MUSTANG 5.0 GT V8 PREMIUM,MUSTANG 5.0 GT V8 PREMIUM,N/A,unreviewed,,,
FORD,MUSTANG 5.0L V8 GT,MUSTANG 5.0L V8 GT,N/A,unreviewed,,,
FORD,MUSTANG DARK HORSE,MUSTANG DARK HORSE,N/A,unreviewed,,,
FORD,MUSTANG ECOBOOST,MUSTANG ECOBOOST,N/A,unreviewed,,,
FORD,MUSTANG ECOBOOST 2.3,MUSTANG ECOBOOST 2.3,N/A,unreviewed,,,
FORD,MUSTANG ECOBOOST FASTBACK,MUSTANG ECOBOOST FASTBACK,N/A,unreviewed,,,
FORD,MUSTANG ECOBOOST PREMIUM,MUSTANG ECOBOOST PREMIUM,N/A,unreviewed,,,
FORD,MUSTANG FASTBACK 2.3L,MUSTANG FASTBACK 2.3L,N/A,unreviewed,,,
FORD,MUSTANG GT FASTBACK 5.0L,MUSTANG GT FASTBACK 5.0L,N/A,unreviewed,,,
FORD,MUSTANG GT PREMIUM FASTBACK,MUSTANG GT PREMIUM FASTBACK,N/A,unreviewed,,,
FORD,MUSTANG HIGH PERFORMANCE,MUSTANG HIGH PERFORMANCE,N/A,unreviewed,,,
FORD,MUSTANG HIGH PERFORMANCE 2.3L,MUSTANG HIGH PERFORMANCE 2.3L,N/A,unreviewed,,,
FORD,MUSTANG MACH 1,MUSTANG MACH 1,N/A,unreviewed,,,
FORD,MUSTANG MACH-E,MUSTANG MACH-E,N/A,unreviewed,,,
FORD,MUSTANG MACH-E 5 DOOR GT,MUSTANG MACH-E 5 DOOR GT,N/A,unreviewed,,,
FORD,MUSTANG MACH-E AWD,MUSTANG MACH-E AWD,N/A,unreviewed,,,
FORD,MUSTANG MACH-E EXTENDED RANGE,MUSTANG MACH-E EXTENDED RANGE,N/A,unreviewed,,,
FORD,MUSTANG MACH-E GT EXTENDED,MUSTANG MACH-E GT EXTENDED,N/A,unreviewed,,,
FORD,MUSTANG MACH-E PREMIUM,MUSTANG MACH-E PREMIUM,N/A,unreviewed,,,
FORD,MUSTANG MACH-E RWD,MUSTANG MACH-E RWD,N/A,unreviewed,,,
FORD,MUSTANG MACH-E STANDARD,MUSTANG MACH-E STANDARD,N/A,unreviewed,,,
FORD,MUSTANG SHELBY GT500,MUSTANG SHELBY GT500,N/A,unreviewed,,,
FORD,MUSTANG SHELBY SUPER SNAKE,MUSTANG SHELBY SUPER SNAKE,N/A,unreviewed,,,
FORD,NH6640,NH6640,N/A,unreviewed,,,
FORD,RANGER,RANGER,N/A,unreviewed,,,
FORD,RANGER MODEL UR53RAA,RANGER MODEL UR53RAA,N/A,unreviewed,,,
FORD,RANGER RAPTOR,RANGER RAPTOR,N/A,unreviewed,,,
FORD,RANGER SUPER DUTY,RANGER SUPER DUTY,N/A,unreviewed,,,
FORD,RANGER SWB,RANGER SWB,N/A,unreviewed,,,
FORD,RANGER UL88RAA,RANGER UL88RAA,N/A,unreviewed,,,
FORD,RANGER/ค.ศ.2005,RANGER/ค.ศ.2005,N/A,unreviewed,,,
FORD,S115,S115,N/A,unreviewed,,,
FORD,SUPER4,SUPER4,N/A,unreviewed,,,
FORD,T3930,T3930,N/A,unreviewed,,,
FORD,T6600,T6600,N/A,unreviewed,,,
FORD,TERRITORY,Territory,N/A,unreviewed,,,
FORD,TS100 4WD,TS100 4WD,N/A,unreviewed,,,
FORD,TW10,TW10,N/A,unreviewed,,,
FORD,TW25,TW25,N/A,unreviewed,,,
FORD-NEWHOLLAND,G01655,G01655,N/A,unreviewed,,,
FOTON,BJ1031EVJA3,BJ1031EVJA3,N/A,unreviewed,,,
FOTON,BJ1031EVJA4,BJ1031EVJA4,N/A,unreviewed,,,
FOTON,BJ1041V8JD3-RF,BJ1041V8JD3-RF,N/A,unreviewed,,,
FOTON,BJ1044EVJAR,BJ1044EVJAR,N/A,unreviewed,,,
FOTON,BJ1044V9JB3-R1,BJ1044V9JB3-R1,N/A,unreviewed,,,
FOTON,BJ1045V8JD3-FA,BJ1045V8JD3-FA,N/A,unreviewed,,,
FOTON,BJ1045V9JD4-R1,BJ1045V9JD4-R1,N/A,unreviewed,,,
FOTON,BJ6536B1DWA - R VIEW,BJ6536B1DWA - R VIEW,N/A,unreviewed,,,
FOTON,BJ6549B1PDA-RA,BJ6549B1PDA-RA,N/A,unreviewed,,,
FOTON,E-TUNLAND,E-TUNLAND,N/A,unreviewed,,,
FOTON,E-VIEW CS2 CARGO,E-VIEW CS2 CARGO,N/A,unreviewed,,,
FOTON,E-VIEW CS2 PASSENGER,E-VIEW CS2 PASSENGER,N/A,unreviewed,,,
FOTON,ETUNLAND,eTUNLAND,N/A,unreviewed,,,
FOTON,EURO FT100,EURO FT100,N/A,unreviewed,,,
FOTON,EUROTRAC 65KP,EUROTRAC 65KP,N/A,unreviewed,,,
FOTON,EUROTRAC FT100,EUROTRAC FT100,N/A,unreviewed,,,
FOTON,EUROTRAC FT90,EUROTRAC FT90,N/A,unreviewed,,,
FOTON,FL920-II,FL920-II,N/A,unreviewed,,,
FOTON,TUNLAND DC 4X2 S,TUNLAND DC 4X2 S,N/A,unreviewed,,,
FOTON,TUNLAND DC 4X2 S PREMIUM,TUNLAND DC 4X2 S PREMIUM,N/A,unreviewed,,,
FOTON,TUNLAND DC 4X4,TUNLAND DC 4X4,N/A,unreviewed,,,
FOTON,TUNLAND SC FLAT BED,TUNLAND SC FLAT BED,N/A,unreviewed,,,
FOTON,TUNLAND SC STANDARD,TUNLAND SC STANDARD,N/A,unreviewed,,,
FOTON,YZR5116GXFPM,YZR5116GXFPM,N/A,unreviewed,,,
FOX,F918,F918,N/A,unreviewed,,,
FOX,F932L,F932L,N/A,unreviewed,,,
FST,F300,F300,N/A,unreviewed,,,
FST,F700,F700,N/A,unreviewed,,,
FUJI,FC235,FC235,N/A,unreviewed,,,
FURD,FYL-900CC,FYL-900CC,N/A,unreviewed,,,
FURUKAWA,FL325,FL325,N/A,unreviewed,,,
FURUKAWA,FL325-3,FL325-3,N/A,unreviewed,,,
FURUKAWA,FL335-3,FL335-3,N/A,unreviewed,,,
FURUKAWA,FR12,FR12,N/A,unreviewed,,,
FURUKAWA,FT20W,FT20W,N/A,unreviewed,,,
FURUKAWA,FT20W-1,FT20W-1,N/A,unreviewed,,,
FURUKAWA,FT25W,FT25W,N/A,unreviewed,,,
FURUKAWA,HCR-C180RV,HCR-C180RV,N/A,unreviewed,,,
FURUKAWA,HCR1000-DSII,HCR1000-DSII,N/A,unreviewed,,,
FURUKAWA,HCR1000-DV,HCR1000-DV,N/A,unreviewed,,,
FURUKAWA,HCR1000-EDSII,HCR1000-EDSII,N/A,unreviewed,,,
FURUKAWA,HCR12-DS,HCR12-DS,N/A,unreviewed,,,
FURUKAWA,HCR12EDS,HCR12EDS,N/A,unreviewed,,,
FURUKAWA,HCR8-DS,HCR8-DS,N/A,unreviewed,,,
FURUKAWA,HCR9-DS,HCR9-DS,N/A,unreviewed,,,
FURUKAWA,HCR900-DSII,HCR900-DSII,N/A,unreviewed,,,
FURUKAWA,HCR900-DSIII,HCR900-DSIII,N/A,unreviewed,,,
FURUKAWA,HCR900DSIII,HCR900DSIII,N/A,unreviewed,,,
FUWA,FCC55C,FCC55C,N/A,unreviewed,,,
GEELY,EX2,EX2,N/A,unreviewed,,,
GEELY,EX5,EX5,N/A,unreviewed,,,
GEELY,GALAXY E5,GALAXY E5,N/A,unreviewed,,,
GEHL,R164,R164,N/A,unreviewed,,,
GEHL,TX-408,TX-408,N/A,unreviewed,,,
GMC,HUMMER EV EDITION 1,HUMMER EV EDITION 1,N/A,unreviewed,,,
GMC,HUMMER EV2X,HUMMER EV2X,N/A,unreviewed,,,
GMC,YUKON DENALI,YUKON DENALI,N/A,unreviewed,,,
GMC,YUKON XL,YUKON XL,N/A,unreviewed,,,
GOMACO,GHP-2800,GHP-2800,N/A,unreviewed,,,
GOMACO,GP-2400,GP-2400,N/A,unreviewed,,,
GOMACO,GT-3600,GT-3600,N/A,unreviewed,,,
GOODENG,GD360-LS,GD360-LS,N/A,unreviewed,,,
GOODSENSE,FD30,FD30,N/A,unreviewed,,,
GPX,200VT0302CS,200VT0302CS,N/A,unreviewed,,,
GPX,COUNTRY125,COUNTRY125,N/A,unreviewed,,,
GPX,CR5,CR5,N/A,unreviewed,,,
GPX,DEMON,DEMON,N/A,unreviewed,,,
GPX,DEMON GR200R,DEMON GR200R,N/A,unreviewed,,,
GPX,DEMON GR200R DACORSA,DEMON GR200R DaCorsa,N/A,unreviewed,,,
GPX,DEMON GR200RDACORSA2,DEMON GR200RDACORSA2,N/A,unreviewed,,,
GPX,DEMON-150GN,DEMON-150GN,N/A,unreviewed,,,
GPX,DEMON-150GR,DEMON-150GR,N/A,unreviewed,,,
GPX,DEMON-150GR LIMITED,DEMON-150GR LIMITED,N/A,unreviewed,,,
GPX,DEMON-150GR LUXURY,DEMON-150GR LUXURY,N/A,unreviewed,,,
GPX,DEMON-150GR SPORT,DEMON-150GR SPORT,N/A,unreviewed,,,
GPX,DEMON-X,DEMON-X,N/A,unreviewed,,,
GPX,DEMON150-GR FI,DEMON150-GR Fi,N/A,unreviewed,,,
GPX,DP125,DP125,N/A,unreviewed,,,
GPX,DRONE KEYLESS,DRONE KEYLESS,N/A,unreviewed,,,
GPX,DRONE KEYLESS-S,DRONE KEYLESS-S,N/A,unreviewed,,,
GPX,DRONE STANDARD,DRONE STANDARD,N/A,unreviewed,,,
GPX,DX1,DX1,N/A,unreviewed,,,
GPX,DZ2,DZ2,N/A,unreviewed,,,
GPX,DZ3,DZ3,N/A,unreviewed,,,
GPX,DZ3 SPORT,DZ3 Sport,N/A,unreviewed,,,
GPX,DZ3 SPORT PLUS,DZ3 Sport Plus,N/A,unreviewed,,,
GPX,LEGEND 150FI,LEGEND 150Fi,N/A,unreviewed,,,
GPX,LEGEND-GENTLEMAN,LEGEND-GENTLEMAN,N/A,unreviewed,,,
GPX,LEGEND150,LEGEND150,N/A,unreviewed,,,
GPX,LEGEND200-A1,LEGEND200-A1,N/A,unreviewed,,,
GPX,LEGEND200-A2,LEGEND200-A2,N/A,unreviewed,,,
GPX,LEGEND200-A3,LEGEND200-A3,N/A,unreviewed,,,
GPX,LEGEND200-A4,LEGEND200-A4,N/A,unreviewed,,,
GPX,LEGEND250 BRIGHTON,LEGEND250 Brighton,N/A,unreviewed,,,
GPX,LEGEND250 TWIN,LEGEND250 TWIN,N/A,unreviewed,,,
GPX,LEGEND250 TWIN II,LEGEND250 TWIN II,N/A,unreviewed,,,
GPX,LEGEND250 TWIN III,LEGEND250 TWIN III,N/A,unreviewed,,,
GPX,MAD300,MAD300,N/A,unreviewed,,,
GPX,MAD300 MAX,MAD300 MAX,N/A,unreviewed,,,
GPX,NEW DEMON GR200R,NEW DEMON GR200R,N/A,unreviewed,,,
GPX,POPZ,POPZ,N/A,unreviewed,,,
GPX,POPZ 110,POPZ 110,N/A,unreviewed,,,
GPX,RAZER,RAZER,N/A,unreviewed,,,
GPX,ROCK CLASSIC,ROCK Classic,N/A,unreviewed,,,
GPX,ROCK ELEGANCE,ROCK Elegance,N/A,unreviewed,,,
GPX,ROCK RACING,ROCK Racing,N/A,unreviewed,,,
GPX,ROCK SPORT,ROCK Sport,N/A,unreviewed,,,
GPX,RZ180 RAPTOR,RZ180 Raptor,N/A,unreviewed,,,
GPX,THUNDER125,THUNDER125,N/A,unreviewed,,,
GPX,TUSCANY150 KEYLESS,Tuscany150 Keyless,N/A,unreviewed,,,
GPX,TUSCANY150 KEYSET,Tuscany150 Keyset,N/A,unreviewed,,,
GPX,WONWAN,WONWAN,N/A,unreviewed,,,
GWM,300 HYBRID,300 HYBRID,N/A,unreviewed,,,
GWM,500 HYBRID,500 HYBRID,N/A,unreviewed,,,
GWM,GOOD CAT,GOOD CAT,N/A,unreviewed,,,
GWM,GRAND CAT,ORA 07,N/A,unreviewed,,,
GWM,GWM TANK 300,GWM TANK 300,N/A,unreviewed,,,
GWM,GWM TANK 500,GWM TANK 500,N/A,unreviewed,,,
GWM,H6 HEV PRO,H6 HEV PRO,N/A,unreviewed,,,
GWM,H6 HEV ULTRA,H6 HEV ULTRA,N/A,unreviewed,,,
GWM,H6 HYBRID,H6 HYBRID,N/A,unreviewed,,,
GWM,H6 PLUG-IN HYBRID,H6 PLUG-IN HYBRID,N/A,unreviewed,,,
GWM,JOLION HYBRID,JOLION HYBRID,N/A,unreviewed,,,
GWM,ORA 07,ORA 07,N/A,unreviewed,,,
GWM,POER,POER,N/A,unreviewed,,,
GWM,POER SAHAR,POER SAHAR,N/A,unreviewed,,,
GWM,WEY G9 PLUG-IN HYBRID,WEY G9 PLUG-IN HYBRID,N/A,unreviewed,,,
H SEM,CIAO,CIAO,N/A,unreviewed,,,
H SEM,LAZER,LAZER,N/A,unreviewed,,,
H SEM,MOBILA G,MOBILA G,N/A,unreviewed,,,
H SEM,MOBILA S,MOBILA S,N/A,unreviewed,,,
H SEM,WINGS,WINGS,N/A,unreviewed,,,
H SEM,WINGS G,WINGS G,N/A,unreviewed,,,
HAMM,2401-S,2401-S,N/A,unreviewed,,,
HAMM,3410,3410,N/A,unreviewed,,,
HAMM,3410P,3410P,N/A,unreviewed,,,
HAMM,3520HT,3520HT,N/A,unreviewed,,,
HAMM,3520P,3520P,N/A,unreviewed,,,
HAMM,3625HT,3625HT,N/A,unreviewed,,,
HAMM,DV70VO,DV70VO,N/A,unreviewed,,,
HAMM,DV90VO,DV90VO,N/A,unreviewed,,,
HAMM,DV90VV,DV90VV,N/A,unreviewed,,,
HAMM,GRW280-10,GRW280-10,N/A,unreviewed,,,
HAMM,GRWS,GRWS,N/A,unreviewed,,,
HAMM,H25I,H25I,N/A,unreviewed,,,
HAMM,HC119,HC119,N/A,unreviewed,,,
HAMM,HC208D,HC208D,N/A,unreviewed,,,
HAMM,HC268D,HC268D,N/A,unreviewed,,,
HAMM,HD 110 P VV,HD 110 P VV,N/A,unreviewed,,,
HAMM,HD 120 VV,HD 120 VV,N/A,unreviewed,,,
HAMM,HD 13 VV,HD 13 VV,N/A,unreviewed,,,
HAMM,HD+120VV,HD+120VV,N/A,unreviewed,,,
HAMM,HD+90VV,HD+90VV,N/A,unreviewed,,,
HAMM,HD+90VV-HV,HD+90VV-HV,N/A,unreviewed,,,
HAMM,HD+90VV-S,HD+90VV-S,N/A,unreviewed,,,
HAMM,HD0120V,HD0120V,N/A,unreviewed,,,
HAMM,HD070V,HD070V,N/A,unreviewed,,,
HAMM,HD090V,HD090V,N/A,unreviewed,,,
HAMM,HD110,HD110,N/A,unreviewed,,,
HAMM,HD120,HD120,N/A,unreviewed,,,
HAMM,HD130,HD130,N/A,unreviewed,,,
HAMM,HD13VV,HD13VV,N/A,unreviewed,,,
HAMM,HD140VO+DOUBLE,HD140VO+DOUBLE,N/A,unreviewed,,,
HAMM,HD75,HD75,N/A,unreviewed,,,
HAMM,HD90,HD90,N/A,unreviewed,,,
HAMM,HD90.4,HD90.4,N/A,unreviewed,,,
HAMM,HD90VV,HD90VV,N/A,unreviewed,,,
HAMM,HD99,HD99,N/A,unreviewed,,,
HAMM,HDO75V,HDO75V,N/A,unreviewed,,,
HAMM,HDO90V,HDO90V,N/A,unreviewed,,,
HAMM,HP180-8,HP180-8,N/A,unreviewed,,,
HANIX,S.B550,S.B550,N/A,unreviewed,,,
HANTA,BP40W3,BP40W3,N/A,unreviewed,,,
HANTA,CRP-35 II,CRP-35 II,N/A,unreviewed,,,
HANTA,F1432W3,F1432W3,N/A,unreviewed,,,
HANTA,F2460W3,F2460W3,N/A,unreviewed,,,
HANTA,F45W,F45W,N/A,unreviewed,,,
HANTA,F50W,F50W,N/A,unreviewed,,,
HANWAY,BLACK CAFE,Black cafe,N/A,unreviewed,,,
HANWAY,HC 150,HC 150,N/A,unreviewed,,,
HANWAY,HM150,HM150,N/A,unreviewed,,,
HANWAY,HS 150,HS 150,N/A,unreviewed,,,
HANWAY,HS150,HS150,N/A,unreviewed,,,
HANWAY,MUSCLE,Muscle,N/A,unreviewed,,,
HANWAY,NEVADA,NEVADA,N/A,unreviewed,,,
HANWAY,RAW150,RAW150,N/A,unreviewed,,,
HANWAY,RAW250,RAW250,N/A,unreviewed,,,
HANWAY,SCRAMBLER250,Scrambler250,N/A,unreviewed,,,
HANWAY,V BOB,V BOB,N/A,unreviewed,,,
HAONAIQI,LION-Q1,LION-Q1,N/A,unreviewed,,,
HAONAIQI,LION-Q1 PLUS,LION-Q1 PLUS,N/A,unreviewed,,,
HAONAIQI,LION-Q1 SMART,LION-Q1 SMART,N/A,unreviewed,,,
HAONAIQI,LION-Q2,LION-Q2,N/A,unreviewed,,,
HARLEY DAVIDSON,CROSS BONES,CROSS BONES,N/A,unreviewed,,,
HARLEY DAVIDSON,DYNA STURGIS,DYNA STURGIS,N/A,unreviewed,,,
HARLEY DAVIDSON,ELECTRA GLIDE,ELECTRA GLIDE,N/A,unreviewed,,,
HARLEY DAVIDSON,ELECTRA GLIDE POLICE,ELECTRA GLIDE POLICE,N/A,unreviewed,,,
HARLEY DAVIDSON,ELECTRA GLIDE REVIVAL,ELECTRA GLIDE REVIVAL,N/A,unreviewed,,,
HARLEY DAVIDSON,FAT BOY 30TH ANNIVERSARY 2020,FAT BOY 30TH ANNIVERSARY 2020,N/A,unreviewed,,,
HARLEY DAVIDSON,FATBOY,FATBOY,N/A,unreviewed,,,
HARLEY DAVIDSON,FLFB,FLFB,N/A,unreviewed,,,
HARLEY DAVIDSON,FLFBS,FLFBS,N/A,unreviewed,,,
HARLEY DAVIDSON,FLFBSANV,FLFBSANV,N/A,unreviewed,,,
HARLEY DAVIDSON,FLH,FLH,N/A,unreviewed,,,
HARLEY DAVIDSON,FLHC,FLHC,N/A,unreviewed,,,
HARLEY DAVIDSON,FLHCS,FLHCS,N/A,unreviewed,,,
HARLEY DAVIDSON,FLHCSANV,FLHCSANV,N/A,unreviewed,,,
HARLEY DAVIDSON,FLHFB,FLHFB,N/A,unreviewed,,,
HARLEY DAVIDSON,FLHP,FLHP,N/A,unreviewed,,,
HARLEY DAVIDSON,FLHR,FLHR,N/A,unreviewed,,,
HARLEY DAVIDSON,FLHRC,FLHRC,N/A,unreviewed,,,
HARLEY DAVIDSON,FLHRXS,FLHRXS,N/A,unreviewed,,,
HARLEY DAVIDSON,FLHT,FLHT,N/A,unreviewed,,,
HARLEY DAVIDSON,FLHTK,FLHTK,N/A,unreviewed,,,
HARLEY DAVIDSON,FLHTKANV,FLHTKANV,N/A,unreviewed,,,
HARLEY DAVIDSON,FLHTKL,FLHTKL,N/A,unreviewed,,,
HARLEY DAVIDSON,FLHTKSE,FLHTKSE,N/A,unreviewed,,,
HARLEY DAVIDSON,FLHTP,FLHTP,N/A,unreviewed,,,
HARLEY DAVIDSON,FLHX,FLHX,N/A,unreviewed,,,
HARLEY DAVIDSON,FLHXS,FLHXS,N/A,unreviewed,,,
HARLEY DAVIDSON,FLHXSANV,FLHXSANV,N/A,unreviewed,,,
HARLEY DAVIDSON,FLHXSE,FLHXSE,N/A,unreviewed,,,
HARLEY DAVIDSON,FLHXST,FLHXST,N/A,unreviewed,,,
HARLEY DAVIDSON,FLHXU,FLHXU,N/A,unreviewed,,,
HARLEY DAVIDSON,FLI,FLI,N/A,unreviewed,,,
HARLEY DAVIDSON,FLSB,FLSB,N/A,unreviewed,,,
HARLEY DAVIDSON,FLSTC,FLSTC,N/A,unreviewed,,,
HARLEY DAVIDSON,FLSTF,FLSTF,N/A,unreviewed,,,
HARLEY DAVIDSON,FLSTFI,FLSTFI,N/A,unreviewed,,,
HARLEY DAVIDSON,FLSTN,FLSTN,N/A,unreviewed,,,
HARLEY DAVIDSON,FLSTS,FLSTS,N/A,unreviewed,,,
HARLEY DAVIDSON,FLSTSB,FLSTSB,N/A,unreviewed,,,
HARLEY DAVIDSON,FLSTSC,FLSTSC,N/A,unreviewed,,,
HARLEY DAVIDSON,FLSTSCI,FLSTSCI,N/A,unreviewed,,,
HARLEY DAVIDSON,FLSTSI,FLSTSI,N/A,unreviewed,,,
HARLEY DAVIDSON,FLTR,FLTR,N/A,unreviewed,,,
HARLEY DAVIDSON,FLTRKSE,FLTRKSE,N/A,unreviewed,,,
HARLEY DAVIDSON,FLTRKSEANV,FLTRKSEANV,N/A,unreviewed,,,
HARLEY DAVIDSON,FLTRSE,FLTRSE,N/A,unreviewed,,,
HARLEY DAVIDSON,FLTRSE3,FLTRSE3,N/A,unreviewed,,,
HARLEY DAVIDSON,FLTRX,FLTRX,N/A,unreviewed,,,
HARLEY DAVIDSON,FLTRXRRSE,FLTRXRRSE,N/A,unreviewed,,,
HARLEY DAVIDSON,FLTRXS,FLTRXS,N/A,unreviewed,,,
HARLEY DAVIDSON,FLTRXSANV,FLTRXSANV,N/A,unreviewed,,,
HARLEY DAVIDSON,FLTRXSE,FLTRXSE,N/A,unreviewed,,,
HARLEY DAVIDSON,FLTRXST,FLTRXST,N/A,unreviewed,,,
HARLEY DAVIDSON,FLTRXSTSE,FLTRXSTSE,N/A,unreviewed,,,
HARLEY DAVIDSON,FXB,FXB,N/A,unreviewed,,,
HARLEY DAVIDSON,FXBB,FXBB,N/A,unreviewed,,,
HARLEY DAVIDSON,FXBBS,FXBBS,N/A,unreviewed,,,
HARLEY DAVIDSON,FXBR,FXBR,N/A,unreviewed,,,
HARLEY DAVIDSON,FXBRS,FXBRS,N/A,unreviewed,,,
HARLEY DAVIDSON,FXD,FXD,N/A,unreviewed,,,
HARLEY DAVIDSON,FXDB,FXDB,N/A,unreviewed,,,
HARLEY DAVIDSON,FXDC,FXDC,N/A,unreviewed,,,
HARLEY DAVIDSON,FXDL,FXDL,N/A,unreviewed,,,
HARLEY DAVIDSON,FXDLS,FXDLS,N/A,unreviewed,,,
HARLEY DAVIDSON,FXDP,FXDP,N/A,unreviewed,,,
HARLEY DAVIDSON,FXDRS,FXDRS,N/A,unreviewed,,,
HARLEY DAVIDSON,FXDS,FXDS,N/A,unreviewed,,,
HARLEY DAVIDSON,FXDSE,FXDSE,N/A,unreviewed,,,
HARLEY DAVIDSON,FXDWG,FXDWG,N/A,unreviewed,,,
HARLEY DAVIDSON,FXDX,FXDX,N/A,unreviewed,,,
HARLEY DAVIDSON,FXDXT,FXDXT,N/A,unreviewed,,,
HARLEY DAVIDSON,FXFB,FXFB,N/A,unreviewed,,,
HARLEY DAVIDSON,FXFBS,FXFBS,N/A,unreviewed,,,
HARLEY DAVIDSON,FXLR,FXLR,N/A,unreviewed,,,
HARLEY DAVIDSON,FXLRS,FXLRS,N/A,unreviewed,,,
HARLEY DAVIDSON,FXLRST,FXLRST,N/A,unreviewed,,,
HARLEY DAVIDSON,FXR,FXR,N/A,unreviewed,,,
HARLEY DAVIDSON,FXR 2,FXR 2,N/A,unreviewed,,,
HARLEY DAVIDSON,FXR3,FXR3,N/A,unreviewed,,,
HARLEY DAVIDSON,FXR4,FXR4,N/A,unreviewed,,,
HARLEY DAVIDSON,FXRC,FXRC,N/A,unreviewed,,,
HARLEY DAVIDSON,FXRD,FXRD,N/A,unreviewed,,,
HARLEY DAVIDSON,FXRL,FXRL,N/A,unreviewed,,,
HARLEY DAVIDSON,FXRP,FXRP,N/A,unreviewed,,,
HARLEY DAVIDSON,FXRS,FXRS,N/A,unreviewed,,,
HARLEY DAVIDSON,FXRST,FXRST,N/A,unreviewed,,,
HARLEY DAVIDSON,FXRT,FXRT,N/A,unreviewed,,,
HARLEY DAVIDSON,FXST,FXST,N/A,unreviewed,,,
HARLEY DAVIDSON,FXSTDSE,FXSTDSE,N/A,unreviewed,,,
HARLEY DAVIDSON,FXSTS,FXSTS,N/A,unreviewed,,,
HARLEY DAVIDSON,FXSTSB,FXSTSB,N/A,unreviewed,,,
HARLEY DAVIDSON,FXSTSI,FXSTSI,N/A,unreviewed,,,
HARLEY DAVIDSON,HERITAGE SPRINGER,HERITAGE SPRINGER,N/A,unreviewed,,,
HARLEY DAVIDSON,HIGHWAY KING,HIGHWAY KING,N/A,unreviewed,,,
HARLEY DAVIDSON,LOW RIDER S,LOW RIDER S,N/A,unreviewed,,,
HARLEY DAVIDSON,RA1250,RA1250,N/A,unreviewed,,,
HARLEY DAVIDSON,RA1250S,RA1250S,N/A,unreviewed,,,
HARLEY DAVIDSON,RA1250ST,RA1250ST,N/A,unreviewed,,,
HARLEY DAVIDSON,RH1250S,RH1250S,N/A,unreviewed,,,
HARLEY DAVIDSON,RH975,RH975,N/A,unreviewed,,,
HARLEY DAVIDSON,RH975S,RH975S,N/A,unreviewed,,,
HARLEY DAVIDSON,ROAD GLIDE,ROAD GLIDE,N/A,unreviewed,,,
HARLEY DAVIDSON,ROAD GLIDE CVO,ROAD GLIDE CVO,N/A,unreviewed,,,
HARLEY DAVIDSON,ROAD GLIDE CVO ST,ROAD GLIDE CVO ST,N/A,unreviewed,,,
HARLEY DAVIDSON,ROAD GLIDE POLICE,ROAD GLIDE POLICE,N/A,unreviewed,,,
HARLEY DAVIDSON,ROAD GLIDE SPECIAL,ROAD GLIDE SPECIAL,N/A,unreviewed,,,
HARLEY DAVIDSON,ROAD GLIDE ST,ROAD GLIDE ST,N/A,unreviewed,,,
HARLEY DAVIDSON,ROADGLIDE SPECIAL,ROADGLIDE SPECIAL,N/A,unreviewed,,,
HARLEY DAVIDSON,SOFTAIL BADBOY,SOFTAIL BADBOY,N/A,unreviewed,,,
HARLEY DAVIDSON,SOFTAIL SPRINGER CLASSIC,SOFTAIL SPRINGER CLASSIC,N/A,unreviewed,,,
HARLEY DAVIDSON,SPRINGER CLASSIC,SPRINGER CLASSIC,N/A,unreviewed,,,
HARLEY DAVIDSON,SPRINGER SOFTAIL,SPRINGER SOFTAIL,N/A,unreviewed,,,
HARLEY DAVIDSON,XG750,XG750,N/A,unreviewed,,,
HARLEY DAVIDSON,XG750A,XG750A,N/A,unreviewed,,,
HARLEY DAVIDSON,XL1200C,XL1200C,N/A,unreviewed,,,
HARLEY DAVIDSON,XL1200CX,XL1200CX,N/A,unreviewed,,,
HARLEY DAVIDSON,XL1200NS,XL1200NS,N/A,unreviewed,,,
HARLEY DAVIDSON,XL1200X,XL1200X,N/A,unreviewed,,,
HARLEY DAVIDSON,XL1200X ANX,XL1200X ANX,N/A,unreviewed,,,
HARLEY DAVIDSON,XL883L,XL883L,N/A,unreviewed,,,
HARLEY DAVIDSON,XL883N,XL883N,N/A,unreviewed,,,
HARLEY DAVIDSON,XL883R,XL883R,N/A,unreviewed,,,
HELI,ZL30GN1-CU1,ZL30GN1-CU1,N/A,unreviewed,,,
HENGTE,HT160W PLUS,HT160W PLUS,N/A,unreviewed,,,
HIDROMEK,HMK102B,HMK102B,N/A,unreviewed,,,
HIDROMEK,HMK102S,HMK102S,N/A,unreviewed,,,
HIDROMEK,HMK110CS3,HMK110CS3,N/A,unreviewed,,,
HIDROMEK,HMK140LC3,HMK140LC3,N/A,unreviewed,,,
HIDROMEK,HMK140W-3,HMK140W-3,N/A,unreviewed,,,
HIDROMEK,HMK140W3,HMK140W3,N/A,unreviewed,,,
HIDROMEK,HMK140WH4,HMK140WH4,N/A,unreviewed,,,
HIDROMEK,HMK220LC2,HMK220LC2,N/A,unreviewed,,,
HIDROMEK,HMK220LC3,HMK220LC3,N/A,unreviewed,,,
HIDROMEK,HMK230LC,HMK230LC,N/A,unreviewed,,,
HIDROMEK,HMK230LC3,HMK230LC3,N/A,unreviewed,,,
HIDROMEK,HMK230LC3 LR,HMK230LC3 LR,N/A,unreviewed,,,
HIDROMEK,HMK310LC3,HMK310LC3,N/A,unreviewed,,,
HIDROMEK,HMK390LC3,HMK390LC3,N/A,unreviewed,,,
HIDROMEK,MG 460,MG 460,N/A,unreviewed,,,
HIDROMEK,MG.330,MG.330,N/A,unreviewed,,,
HIDROMEK,MG.430,MG.430,N/A,unreviewed,,,
HIDROMEK,MG.460,MG.460,N/A,unreviewed,,,
HIGER,H5C EV CARGO,H5C EV CARGO,N/A,unreviewed,,,
HIGER,H5C EV VAN,H5C EV VAN,N/A,unreviewed,,,
HIGER,H5F EV CARGO,H5F EV CARGO,N/A,unreviewed,,,
HIGER,KLQ6540EVN3R,KLQ6540EVN3R,N/A,unreviewed,,,
HINO,FC9JE1A-BBAHF,FC9JE1A-BBAHF,N/A,unreviewed,,,
HINO,FC9JJ1A-CBAHF,FC9JJ1A-CBAHF,N/A,unreviewed,,,
HINO,FG1JGRD,FG1JGRD,N/A,unreviewed,,,
HINO,FG8JF1D-JGT,FG8JF1D-JGT,N/A,unreviewed,,,
HINO,FG8JF1D-JJT,FG8JF1D-JJT,N/A,unreviewed,,,
HINO,FG8JJ1A-JGT,FG8JJ1A-JGT,N/A,unreviewed,,,
HINO,FG8JJ1A-JJT,FG8JJ1A-JJT,N/A,unreviewed,,,
HINO,FG8JT1A-JGT,FG8JT1A-JGT,N/A,unreviewed,,,
HINO,FL8JN1A-SGT,FL8JN1A-SGT,N/A,unreviewed,,,
HINO,FL8JT1A-SGT,FL8JT1A-SGT,N/A,unreviewed,,,
HINO,FM1AN1D-SHT,FM1AN1D-SHT,N/A,unreviewed,,,
HINO,FM2PN1D-XHT,FM2PN1D-XHT,N/A,unreviewed,,,
HINO,FM8JN1D-SGT,FM8JN1D-SGT,N/A,unreviewed,,,
HINO,GY2PS1A-XHT,GY2PS1A-XHT,N/A,unreviewed,,,
HINO,WU,WU,N/A,unreviewed,,,
HINO,XZB70R-ZEMHY,XZB70R-ZEMHY,N/A,unreviewed,,,
HINO,XZU600R-HKMLKT3,XZU600R-HKMLKT3,N/A,unreviewed,,,
HINO,XZU600R-HKMQLT3,XZU600R-HKMQLT3,N/A,unreviewed,,,
HINO,XZU600R-WKMLST3,XZU600R-WKMLST3,N/A,unreviewed,,,
HINO,XZU600R-WKTLST3,XZU600R-WKTLST3,N/A,unreviewed,,,
HINO,XZU650R-HKMRLT3,XZU650R-HKMRLT3,N/A,unreviewed,,,
HINO,XZU710R-HKFTLT3,XZU710R-HKFTLT3,N/A,unreviewed,,,
HINO,XZU720R-HKFTLT3,XZU720R-HKFTLT3,N/A,unreviewed,,,
HINO,XZU720R-HKTQL3,XZU720R-HKTQL3,N/A,unreviewed,,,
HINO,XZU720R-WKFTST3,XZU720R-WKFTST3,N/A,unreviewed,,,
HITACHI,BX100,BX100,N/A,unreviewed,,,
HITACHI,CC150C-2,CC150C-2,N/A,unreviewed,,,
HITACHI,CC150C-3A,CC150C-3A,N/A,unreviewed,,,
HITACHI,CP210,CP210,N/A,unreviewed,,,
HITACHI,CP215,CP215,N/A,unreviewed,,,
HITACHI,CP220-3,CP220-3,N/A,unreviewed,,,
HITACHI,DX175,DX175,N/A,unreviewed,,,
HITACHI,EX120-2,EX120-2,N/A,unreviewed,,,
HITACHI,EX120-3,EX120-3,N/A,unreviewed,,,
HITACHI,EX120-3M,EX120-3M,N/A,unreviewed,,,
HITACHI,EX120-5,EX120-5,N/A,unreviewed,,,
HITACHI,EX135UR-5,EX135UR-5,N/A,unreviewed,,,
HITACHI,EX200LC-2,EX200LC-2,N/A,unreviewed,,,
HITACHI,EX300LC-3C,EX300LC-3C,N/A,unreviewed,,,
HITACHI,EX370HD-5,EX370HD-5,N/A,unreviewed,,,
HITACHI,EX450H-5,EX450H-5,N/A,unreviewed,,,
HITACHI,EX55UR,EX55UR,N/A,unreviewed,,,
HITACHI,EX55UR-3,EX55UR-3,N/A,unreviewed,,,
HITACHI,EX75UR,EX75UR,N/A,unreviewed,,,
HITACHI,KH125-3,KH125-3,N/A,unreviewed,,,
HITACHI,KH125-3D,KH125-3D,N/A,unreviewed,,,
HITACHI,KH125-3ED,KH125-3ED,N/A,unreviewed,,,
HITACHI,KH250HD,KH250HD,N/A,unreviewed,,,
HITACHI,LX100,LX100,N/A,unreviewed,,,
HITACHI,LX100-2C,LX100-2C,N/A,unreviewed,,,
HITACHI,LX110-7,LX110-7,N/A,unreviewed,,,
HITACHI,LX120,LX120,N/A,unreviewed,,,
HITACHI,LX120-2C,LX120-2C,N/A,unreviewed,,,
HITACHI,LX130,LX130,N/A,unreviewed,,,
HITACHI,LX130-7,LX130-7,N/A,unreviewed,,,
HITACHI,LX150,LX150,N/A,unreviewed,,,
HITACHI,LX150-2,LX150-2,N/A,unreviewed,,,
HITACHI,LX160-7,LX160-7,N/A,unreviewed,,,
HITACHI,LX200,LX200,N/A,unreviewed,,,
HITACHI,LX230-7,LX230-7,N/A,unreviewed,,,
HITACHI,LX70-2,LX70-2,N/A,unreviewed,,,
HITACHI,LX70-7,LX70-7,N/A,unreviewed,,,
HITACHI,LX80-5,LX80-5,N/A,unreviewed,,,
HITACHI,LX80-7,LX80-7,N/A,unreviewed,,,
HITACHI,RS120-C,RS120-C,N/A,unreviewed,,,
HITACHI,RT200,RT200,N/A,unreviewed,,,
HITACHI,RT200-C,RT200-C,N/A,unreviewed,,,
HITACHI,RT200W,RT200W,N/A,unreviewed,,,
HITACHI,RT200W-C,RT200W-C,N/A,unreviewed,,,
HITACHI,RT200WT-C,RT200WT-C,N/A,unreviewed,,,
HITACHI,SPD06-3,SPD06-3,N/A,unreviewed,,,
HITACHI,XZ120-3,XZ120-3,N/A,unreviewed,,,
HITACHI,ZC50C,ZC50C,N/A,unreviewed,,,
HITACHI,ZW100,ZW100,N/A,unreviewed,,,
HITACHI,ZW100-5B,ZW100-5B,N/A,unreviewed,,,
HITACHI,ZW100-6,ZW100-6,N/A,unreviewed,,,
HITACHI,ZW100-G,ZW100-G,N/A,unreviewed,,,
HITACHI,ZW100H,ZW100H,N/A,unreviewed,,,
HITACHI,ZW120,ZW120,N/A,unreviewed,,,
HITACHI,ZW120-5B,ZW120-5B,N/A,unreviewed,,,
HITACHI,ZW140-5B,ZW140-5B,N/A,unreviewed,,,
HITACHI,ZW140W-3,ZW140W-3,N/A,unreviewed,,,
HITACHI,ZW150-5B,ZW150-5B,N/A,unreviewed,,,
HITACHI,ZW180-5A,ZW180-5A,N/A,unreviewed,,,
HITACHI,ZW180-5B,ZW180-5B,N/A,unreviewed,,,
HITACHI,ZW180-6,ZW180-6,N/A,unreviewed,,,
HITACHI,ZW220-5A,ZW220-5A,N/A,unreviewed,,,
HITACHI,ZW220-5B,ZW220-5B,N/A,unreviewed,,,
HITACHI,ZW220-6,ZW220-6,N/A,unreviewed,,,
HITACHI,ZW250-5B,ZW250-5B,N/A,unreviewed,,,
HITACHI,ZW310,ZW310,N/A,unreviewed,,,
HITACHI,ZW310-5A,ZW310-5A,N/A,unreviewed,,,
HITACHI,ZW310-5B,ZW310-5B,N/A,unreviewed,,,
HITACHI,ZW310-6,ZW310-6,N/A,unreviewed,,,
HITACHI,ZW330-5B,ZW330-5B,N/A,unreviewed,,,
HITACHI,ZX110-3,ZX110-3,N/A,unreviewed,,,
HITACHI,ZX120,ZX120,N/A,unreviewed,,,
HITACHI,ZX120-3,ZX120-3,N/A,unreviewed,,,
HITACHI,ZX120-5B,ZX120-5B,N/A,unreviewed,,,
HITACHI,ZX120-6,ZX120-6,N/A,unreviewed,,,
HITACHI,ZX120-E,ZX120-E,N/A,unreviewed,,,
HITACHI,ZX125US,ZX125US,N/A,unreviewed,,,
HITACHI,ZX125US-E,ZX125US-E,N/A,unreviewed,,,
HITACHI,ZX130-5G,ZX130-5G,N/A,unreviewed,,,
HITACHI,ZX130-7G,ZX130-7G,N/A,unreviewed,,,
HITACHI,ZX130K,ZX130K,N/A,unreviewed,,,
HITACHI,ZX130K-3,ZX130K-3,N/A,unreviewed,,,
HITACHI,ZX130L-3,ZX130L-3,N/A,unreviewed,,,
HITACHI,ZX130W,ZX130W,N/A,unreviewed,,,
HITACHI,ZX135US,ZX135US,N/A,unreviewed,,,
HITACHI,ZX135US-3,ZX135US-3,N/A,unreviewed,,,
HITACHI,ZX135US-5B,ZX135US-5B,N/A,unreviewed,,,
HITACHI,ZX135US-6,ZX135US-6,N/A,unreviewed,,,
HITACHI,ZX135US-E,ZX135US-E,N/A,unreviewed,,,
HITACHI,ZX135USK,ZX135USK,N/A,unreviewed,,,
HITACHI,ZX135USK-5B,ZX135USK-5B,N/A,unreviewed,,,
HITACHI,ZX135USL,ZX135USL,N/A,unreviewed,,,
HITACHI,ZX135USL-3,ZX135USL-3,N/A,unreviewed,,,
HITACHI,ZX140W-3,ZX140W-3,N/A,unreviewed,,,
HITACHI,ZX140W-3F,ZX140W-3F,N/A,unreviewed,,,
HITACHI,ZX140W-5B,ZX140W-5B,N/A,unreviewed,,,
HITACHI,ZX145W-3,ZX145W-3,N/A,unreviewed,,,
HITACHI,ZX160LC-5G,ZX160LC-5G,N/A,unreviewed,,,
HITACHI,ZX170W-3,ZX170W-3,N/A,unreviewed,,,
HITACHI,ZX170W-5A,ZX170W-5A,N/A,unreviewed,,,
HITACHI,ZX190W-3,ZX190W-3,N/A,unreviewed,,,
HITACHI,ZX200,ZX200,N/A,unreviewed,,,
HITACHI,ZX200-3,ZX200-3,N/A,unreviewed,,,
HITACHI,ZX200-5G,ZX200-5G,N/A,unreviewed,,,
HITACHI,ZX200LC,ZX200LC,N/A,unreviewed,,,
HITACHI,ZX200LC-3,ZX200LC-3,N/A,unreviewed,,,
HITACHI,ZX200LC-5B,ZX200LC-5B,N/A,unreviewed,,,
HITACHI,ZX210-6G,ZX210-6G,N/A,unreviewed,,,
HITACHI,ZX210-7G,ZX210-7G,N/A,unreviewed,,,
HITACHI,ZX210K,ZX210K,N/A,unreviewed,,,
HITACHI,ZX210K-3,ZX210K-3,N/A,unreviewed,,,
HITACHI,ZX210LC-5G,ZX210LC-5G,N/A,unreviewed,,,
HITACHI,ZX210LCH-5G,ZX210LCH-5G,N/A,unreviewed,,,
HITACHI,ZX210LCK-3,ZX210LCK-3,N/A,unreviewed,,,
HITACHI,ZX210W-3,ZX210W-3,N/A,unreviewed,,,
HITACHI,ZX225USR,ZX225USR,N/A,unreviewed,,,
HITACHI,ZX225USR-3,ZX225USR-3,N/A,unreviewed,,,
HITACHI,ZX230LC,ZX230LC,N/A,unreviewed,,,
HITACHI,ZX240LC-3,ZX240LC-3,N/A,unreviewed,,,
HITACHI,ZX240LC-5G,ZX240LC-5G,N/A,unreviewed,,,
HITACHI,ZX250LCH-3,ZX250LCH-3,N/A,unreviewed,,,
HITACHI,ZX330-3,ZX330-3,N/A,unreviewed,,,
HITACHI,ZX330-3G,ZX330-3G,N/A,unreviewed,,,
HITACHI,ZX330-5A,ZX330-5A,N/A,unreviewed,,,
HITACHI,ZX330LC,ZX330LC,N/A,unreviewed,,,
HITACHI,ZX330LC-3,ZX330LC-3,N/A,unreviewed,,,
HITACHI,ZX330LC-5G,ZX330LC-5G,N/A,unreviewed,,,
HITACHI,ZX33U-5A,ZX33U-5A,N/A,unreviewed,,,
HITACHI,ZX350H,ZX350H,N/A,unreviewed,,,
HITACHI,ZX350H-3,ZX350H-3,N/A,unreviewed,,,
HITACHI,ZX350H-5G,ZX350H-5G,N/A,unreviewed,,,
HITACHI,ZX350H-7G,ZX350H-7G,N/A,unreviewed,,,
HITACHI,ZX350LCH-3,ZX350LCH-3,N/A,unreviewed,,,
HITACHI,ZX350LCK,ZX350LCK,N/A,unreviewed,,,
HITACHI,ZX350LCN,ZX350LCN,N/A,unreviewed,,,
HITACHI,ZX350LCN-3,ZX350LCN-3,N/A,unreviewed,,,
HITACHI,ZX350W,ZX350W,N/A,unreviewed,,,
HITACHI,ZX38U-5A,ZX38U-5A,N/A,unreviewed,,,
HITACHI,ZX40U,ZX40U,N/A,unreviewed,,,
HITACHI,ZX40U-3,ZX40U-3,N/A,unreviewed,,,
HITACHI,ZX450,ZX450,N/A,unreviewed,,,
HITACHI,ZX450H,ZX450H,N/A,unreviewed,,,
HITACHI,ZX450LC,ZX450LC,N/A,unreviewed,,,
HITACHI,ZX450LC-3F,ZX450LC-3F,N/A,unreviewed,,,
HITACHI,ZX470H-5G,ZX470H-5G,N/A,unreviewed,,,
HITACHI,ZX470LCH-5G,ZX470LCH-5G,N/A,unreviewed,,,
HITACHI,ZX480LCK-3,ZX480LCK-3,N/A,unreviewed,,,
HITACHI,ZX480LCK-3HL,ZX480LCK-3HL,N/A,unreviewed,,,
HITACHI,ZX48U-5A,ZX48U-5A,N/A,unreviewed,,,
HITACHI,ZX500W,ZX500W,N/A,unreviewed,,,
HITACHI,ZX55U-5A,ZX55U-5A,N/A,unreviewed,,,
HITACHI,ZX55UR,ZX55UR,N/A,unreviewed,,,
HITACHI,ZX55UR-HHE,ZX55UR-HHE,N/A,unreviewed,,,
HITACHI,ZX60,ZX60,N/A,unreviewed,,,
HITACHI,ZX60C-5A,ZX60C-5A,N/A,unreviewed,,,
HITACHI,ZX670LCH-5G,ZX670LCH-5G,N/A,unreviewed,,,
HITACHI,ZX70,ZX70,N/A,unreviewed,,,
HITACHI,ZX70-3,ZX70-3,N/A,unreviewed,,,
HITACHI,ZX70-5A,ZX70-5A,N/A,unreviewed,,,
HITACHI,ZX70-5G,ZX70-5G,N/A,unreviewed,,,
HITACHI,ZX75UR,ZX75UR,N/A,unreviewed,,,
HITACHI,ZX75US-3,ZX75US-3,N/A,unreviewed,,,
HITACHI,ZX75US-5,ZX75US-5,N/A,unreviewed,,,
HITACHI,ZX75US-5B,ZX75US-5B,N/A,unreviewed,,,
HNU,T160KN,T160KN,N/A,unreviewed,,,
HNU,T230KN,T230KN,N/A,unreviewed,,,
HNU,T350KN,T350KN,N/A,unreviewed,,,
HOKUETSU,AX30,AX30,N/A,unreviewed,,,
HOMIDA,PICKMAN-KAI,PICKMAN-KAI,N/A,unreviewed,,,
HONDA,ACCORD,ACCORD,N/A,unreviewed,,,
HONDA,ACCORD HYBRID,ACCORD HYBRID,N/A,unreviewed,,,
HONDA,ACCORD HYBRID'15,ACCORD HYBRID'15,N/A,unreviewed,,,
HONDA,ACCORD'13,ACCORD'13,N/A,unreviewed,,,
HONDA,ACCORD'14,ACCORD'14,N/A,unreviewed,,,
HONDA,ACCORD'15,ACCORD'15,N/A,unreviewed,,,
HONDA,ACCORDHYBRID'14,ACCORDHYBRID'14,N/A,unreviewed,,,
HONDA,ACTY TRUCK,ACTY TRUCK,N/A,unreviewed,,,
HONDA,ADV150,ADV150,N/A,unreviewed,,,
HONDA,ADV160,ADV160,N/A,unreviewed,,,
HONDA,ADV350,ADV350,N/A,unreviewed,,,
HONDA,AIR BLADE,AIR BLADE,N/A,unreviewed,,,
HONDA,AMAZE,AMAZE,N/A,unreviewed,,,
HONDA,BEED,BEED,N/A,unreviewed,,,
HONDA,BENLY E,BENLY e,N/A,unreviewed,,,
HONDA,BENT,BENT,N/A,unreviewed,,,
HONDA,BR-V,BR-V,N/A,unreviewed,,,
HONDA,BRIO,BRIO,N/A,unreviewed,,,
HONDA,BRIO AMAZE,BRIO AMAZE,N/A,unreviewed,,,
HONDA,BRIO AMAZE'14,BRIO AMAZE'14,N/A,unreviewed,,,
HONDA,BRIO'13,BRIO'13,N/A,unreviewed,,,
HONDA,C125,C125,N/A,unreviewed,,,
HONDA,CB1000 HORNET,CB1000 HORNET,N/A,unreviewed,,,
HONDA,CB1000R,CB1000R,N/A,unreviewed,,,
HONDA,CB1100 RS,CB1100 RS,N/A,unreviewed,,,
HONDA,CB1100SA,CB1100SA,N/A,unreviewed,,,
HONDA,CB1300 SUPER BOL D'OR,CB1300 SUPER BOL D'OR,N/A,unreviewed,,,
HONDA,CB1300 SUPER FOUR,CB1300 SUPER FOUR,N/A,unreviewed,,,
HONDA,CB150R,CB150R,N/A,unreviewed,,,
HONDA,CB300F,CB300F,N/A,unreviewed,,,
HONDA,CB300FA,CB300FA,N/A,unreviewed,,,
HONDA,CB300R,CB300R,N/A,unreviewed,,,
HONDA,CB500 HORNET,CB500 HORNET,N/A,unreviewed,,,
HONDA,CB500F,CB500F,N/A,unreviewed,,,
HONDA,CB500FA,CB500FA,N/A,unreviewed,,,
HONDA,CB500X,CB500X,N/A,unreviewed,,,
HONDA,CB500XA,CB500XA,N/A,unreviewed,,,
HONDA,CB650F,CB650F,N/A,unreviewed,,,
HONDA,CB650R,CB650R,N/A,unreviewed,,,
HONDA,CB750 HORNET,CB750 HORNET,N/A,unreviewed,,,
HONDA,CBR1000RR,CBR1000RR,N/A,unreviewed,,,
HONDA,CBR1000RR SP,CBR1000RR SP,N/A,unreviewed,,,
HONDA,CBR1000RR-R,CBR1000RR-R,N/A,unreviewed,,,
HONDA,CBR1000RR-R SP,CBR1000RR-R SP,N/A,unreviewed,,,
HONDA,CBR150R,CBR150R,N/A,unreviewed,,,
HONDA,CBR250R,CBR250R,N/A,unreviewed,,,
HONDA,CBR250RA,CBR250RA,N/A,unreviewed,,,
HONDA,CBR250RR,CBR250RR,N/A,unreviewed,,,
HONDA,CBR300R,CBR300R,N/A,unreviewed,,,
HONDA,CBR300RA,CBR300RA,N/A,unreviewed,,,
HONDA,CBR500R,CBR500R,N/A,unreviewed,,,
HONDA,CBR500RA,CBR500RA,N/A,unreviewed,,,
HONDA,CBR600RR,CBR600RR,N/A,unreviewed,,,
HONDA,CBR650F,CBR650F,N/A,unreviewed,,,
HONDA,CBR650R,CBR650R,N/A,unreviewed,,,
HONDA,CITY,CITY,N/A,unreviewed,,,
HONDA,CITY CNG'14,CITY CNG'14,N/A,unreviewed,,,
HONDA,CITY HATCHBACK,CITY HATCHBACK,N/A,unreviewed,,,
HONDA,CITY'10,CITY'10,N/A,unreviewed,,,
HONDA,CITY'11,CITY'11,N/A,unreviewed,,,
HONDA,CITY'14,CITY'14,N/A,unreviewed,,,
HONDA,CIVIC,CIVIC,N/A,unreviewed,,,
HONDA,CIVIC TYPE R,CIVIC TYPE R,N/A,unreviewed,,,
HONDA,CIVIC TYPE R GT,CIVIC TYPE R GT,N/A,unreviewed,,,
HONDA,CIVIC TYPE R LIMITED EDITION,CIVIC TYPE R LIMITED EDITION,N/A,unreviewed,,,
HONDA,CIVIC TYPE R RACING BLACK,CIVIC TYPE R RACING BLACK,N/A,unreviewed,,,
HONDA,CIVIC TYPE R SPOON,CIVIC TYPE R SPOON,N/A,unreviewed,,,
HONDA,CIVIC'12,CIVIC'12,N/A,unreviewed,,,
HONDA,CL300,CL300,N/A,unreviewed,,,
HONDA,CL500,CL500,N/A,unreviewed,,,
HONDA,CLICK,CLICK,N/A,unreviewed,,,
HONDA,CLICK 125 I,CLICK 125 I,N/A,unreviewed,,,
HONDA,CLICK 125I,CLICK 125i,N/A,unreviewed,,,
HONDA,CLICK 150I,CLICK 150i,N/A,unreviewed,,,
HONDA,CLICK I,CLICK I,N/A,unreviewed,,,
HONDA,CLICK125,CLICK125,N/A,unreviewed,,,
HONDA,CLICK150I,CLICK 150i,N/A,unreviewed,,,
HONDA,CLICK160,CLICK160,N/A,unreviewed,,,
HONDA,CR-V,CR-V,N/A,unreviewed,,,
HONDA,CR-V'07,CR-V'07,N/A,unreviewed,,,
HONDA,CR-V'10,CR-V'10,N/A,unreviewed,,,
HONDA,CR-V'13,CR-V'13,N/A,unreviewed,,,
HONDA,CR-V'14,CR-V'14,N/A,unreviewed,,,
HONDA,CR-V'16,CR-V'16,N/A,unreviewed,,,
HONDA,CRF1000L AFRICA TWIN,CRF1000L AFRICA TWIN,N/A,unreviewed,,,
HONDA,CRF1100A,CRF1100A,N/A,unreviewed,,,
HONDA,CRF1100D4,CRF1100D4,N/A,unreviewed,,,
HONDA,CRF1100L AFRICA TWIN,CRF1100L AFRICA TWIN,N/A,unreviewed,,,
HONDA,CRF250L,CRF250L,N/A,unreviewed,,,
HONDA,CRF250M,CRF250M,N/A,unreviewed,,,
HONDA,CRF250RALLY,CRF250RALLY,N/A,unreviewed,,,
HONDA,CRF300L,CRF300L,N/A,unreviewed,,,
HONDA,CRF300RALLY,CRF300RALLY,N/A,unreviewed,,,
HONDA,CRF450RL,CRF450RL,N/A,unreviewed,,,
HONDA,CT125,CT125,N/A,unreviewed,,,
HONDA,CUV E:,CUV e:,N/A,unreviewed,,,
HONDA,DAX125,DAX125,N/A,unreviewed,,,
HONDA,DREAM,DREAM,N/A,unreviewed,,,
HONDA,E,E,N/A,unreviewed,,,
HONDA,E ADVANCE,E ADVANCE,N/A,unreviewed,,,
HONDA,E AS,E AS,N/A,unreviewed,,,
HONDA,E:N1,e:N1,N/A,unreviewed,,,
HONDA,E:N2,e:N2,N/A,unreviewed,,,
HONDA,ELEVATE,ELEVATE,N/A,unreviewed,,,
HONDA,EVN4L 7U,EVN4L 7U,N/A,unreviewed,,,
HONDA,FIT RS,FIT RS,N/A,unreviewed,,,
HONDA,FORZA350,FORZA350,N/A,unreviewed,,,
HONDA,FORZA750,FORZA750,N/A,unreviewed,,,
HONDA,FREED,FREED,N/A,unreviewed,,,
HONDA,GB350C,GB350C,N/A,unreviewed,,,
HONDA,GIORNO +,GIORNO +,N/A,unreviewed,,,
HONDA,GIORNO+,GIORNO+,N/A,unreviewed,,,
HONDA,GOLDWING F6B,GOLDWING F6B,N/A,unreviewed,,,
HONDA,GOLDWING TOUR,GOLDWING TOUR,N/A,unreviewed,,,
HONDA,GROM,GROM,N/A,unreviewed,,,
HONDA,HR-V,HR-V,N/A,unreviewed,,,
HONDA,HR-V'15,HR-V'15,N/A,unreviewed,,,
HONDA,ICON,ICON,N/A,unreviewed,,,
HONDA,JAZZ,JAZZ,N/A,unreviewed,,,
HONDA,JAZZ HYBRID'12,JAZZ HYBRID'12,N/A,unreviewed,,,
HONDA,JAZZ'09,JAZZ'09,N/A,unreviewed,,,
HONDA,JAZZ'15,JAZZ'15,N/A,unreviewed,,,
HONDA,JAZZ'16,JAZZ'16,N/A,unreviewed,,,
HONDA,LEAD125,LEAD125,N/A,unreviewed,,,
HONDA,LS125,LS125,N/A,unreviewed,,,
HONDA,LS125-R,LS125-R,N/A,unreviewed,,,
HONDA,MOBILIO,MOBILIO,N/A,unreviewed,,,
HONDA,MOBILIO'15,MOBILIO'15,N/A,unreviewed,,,
HONDA,MOOVE,MOOVE,N/A,unreviewed,,,
HONDA,MSX GROM,MSX GROM,N/A,unreviewed,,,
HONDA,MSX125,MSX125,N/A,unreviewed,,,
HONDA,MSX125G(R2),MSX125G(R2),N/A,unreviewed,,,
HONDA,MSX125SF,MSX125SF,N/A,unreviewed,,,
HONDA,N BOX CUSTOM,N BOX CUSTOM,N/A,unreviewed,,,
HONDA,N BOX CUSTOM G EX TURBO,N BOX CUSTOM G EX TURBO,N/A,unreviewed,,,
HONDA,N BOX CUSTOM GL TURBO,N BOX CUSTOM GL TURBO,N/A,unreviewed,,,
HONDA,N BOX CUSTOM L TURBO,N BOX CUSTOM L TURBO,N/A,unreviewed,,,
HONDA,N BOX G,N BOX G,N/A,unreviewed,,,
HONDA,N BOX G EX TURBO,N BOX G EX TURBO,N/A,unreviewed,,,
HONDA,N BOX L TURBO,N BOX L TURBO,N/A,unreviewed,,,
HONDA,N VAN,N VAN,N/A,unreviewed,,,
HONDA,N VAN PLUS TURBO,N VAN PLUS TURBO,N/A,unreviewed,,,
HONDA,N VAN TEN STYLE FUN,N VAN TEN STYLE FUN,N/A,unreviewed,,,
HONDA,N-BOX CUSTOM G-EX TURBO,N-BOX CUSTOM G-EX TURBO,N/A,unreviewed,,,
HONDA,N-BOX CUSTOM G-L TURBO,N-BOX CUSTOM G-L TURBO,N/A,unreviewed,,,
HONDA,N-BOX CUSTOM L TURBO,N-BOX CUSTOM L TURBO,N/A,unreviewed,,,
HONDA,N-BOX CUSTOM TURBO,N-BOX CUSTOM TURBO,N/A,unreviewed,,,
HONDA,N-BOX G EX SENSING,N-BOX G EX SENSING,N/A,unreviewed,,,
HONDA,N-BOX G SLOPE L SENSING,N-BOX G SLOPE L SENSING,N/A,unreviewed,,,
HONDA,N-BOX G-EX TURBO,N-BOX G-EX TURBO,N/A,unreviewed,,,
HONDA,N-BOX JOY TURBO,N-BOX JOY TURBO,N/A,unreviewed,,,
HONDA,N-BOX L,N-BOX L,N/A,unreviewed,,,
HONDA,N-ONE,N-ONE,N/A,unreviewed,,,
HONDA,N-ONE RS,N-ONE RS,N/A,unreviewed,,,
HONDA,N-ONE RS SPOON,N-ONE RS SPOON,N/A,unreviewed,,,
HONDA,NC750X,NC750X,N/A,unreviewed,,,
HONDA,NC750XD,NC750XD,N/A,unreviewed,,,
HONDA,NICE,NICE,N/A,unreviewed,,,
HONDA,NICE 110,NICE 110,N/A,unreviewed,,,
HONDA,NOVA R,NOVA R,N/A,unreviewed,,,
HONDA,NOVA SONIC RS SUPER,NOVA SONIC RS SUPER,N/A,unreviewed,,,
HONDA,NOVA125,NOVA125,N/A,unreviewed,,,
HONDA,NOVA125R,NOVA125R,N/A,unreviewed,,,
HONDA,NSS350AM 2TH,NSS350AM 2TH,N/A,unreviewed,,,
HONDA,NSX,NSX,N/A,unreviewed,,,
HONDA,NSX HYBRID,NSX HYBRID,N/A,unreviewed,,,
HONDA,NSX TYPE S,NSX TYPE S,N/A,unreviewed,,,
HONDA,NSX-R,NSX-R,N/A,unreviewed,,,
HONDA,NSX-T,NSX-T,N/A,unreviewed,,,
HONDA,NT1100,NT1100,N/A,unreviewed,,,
HONDA,NX500,NX500,N/A,unreviewed,,,
HONDA,ODYSSEY ABSOLUTE,ODYSSEY ABSOLUTE,N/A,unreviewed,,,
HONDA,ODYSSEY ABSOLUTE EX,ODYSSEY ABSOLUTE EX,N/A,unreviewed,,,
HONDA,ODYSSEY ABSOLUTE EX 2.4L,ODYSSEY ABSOLUTE EX 2.4L,N/A,unreviewed,,,
HONDA,ODYSSEY ABSOLUTE EX HYBRID,ODYSSEY ABSOLUTE EX HYBRID,N/A,unreviewed,,,
HONDA,ODYSSEY E-HEV ABSOLUTE EX,ODYSSEY e-HEV ABSOLUTE EX,N/A,unreviewed,,,
HONDA,PCX 150,PCX 150,N/A,unreviewed,,,
HONDA,PCX E:HEV,PCX e:HEV,N/A,unreviewed,,,
HONDA,PCX ELECTRIC,PCX ELECTRIC,N/A,unreviewed,,,
HONDA,PCX HYBRID,PCX HYBRID,N/A,unreviewed,,,
HONDA,PCX150,PCX 150,N/A,unreviewed,,,
HONDA,PCX160,PCX160,N/A,unreviewed,,,
HONDA,PRELUDE E:HEV,PRELUDE e:HEV,N/A,unreviewed,,,
HONDA,REBEL,rebel,N/A,unreviewed,,,
HONDA,REBEL1100,rebel1100,N/A,unreviewed,,,
HONDA,REBEL300,rebel300,N/A,unreviewed,,,
HONDA,REBEL500,rebel500,N/A,unreviewed,,,
HONDA,REPSOL,REPSOL,N/A,unreviewed,,,
HONDA,S660,S660,N/A,unreviewed,,,
HONDA,S660 6AT,S660 6AT,N/A,unreviewed,,,
HONDA,S660 6MT,S660 6MT,N/A,unreviewed,,,
HONDA,S660 7AT,S660 7AT,N/A,unreviewed,,,
HONDA,S660 ALPHA,S660 ALPHA,N/A,unreviewed,,,
HONDA,S660 BETA,S660 BETA,N/A,unreviewed,,,
HONDA,S660 CVT TURBO,S660 CVT TURBO,N/A,unreviewed,,,
HONDA,S660 MODULO X 6AT,S660 MODULO X 6AT,N/A,unreviewed,,,
HONDA,S660 MODULO X SPECIAL VER.Z,S660 MODULO X SPECIAL VER.Z,N/A,unreviewed,,,
HONDA,S660 MODULO X VERSION Z,S660 MODULO X VERSION Z,N/A,unreviewed,,,
HONDA,S660 MUGEN RA,S660 MUGEN RA,N/A,unreviewed,,,
HONDA,S660 SPOON 6MT,S660 SPOON 6MT,N/A,unreviewed,,,
HONDA,SCOOPY,SCOOPY,ICE,verified,google,pop,2026-07-21T11:50:40.773506
HONDA,SCOOPY I,SCOOPY I,N/A,unreviewed,,,
HONDA,SH150I,SH150I,N/A,unreviewed,,,
HONDA,SMIL,SMIL,N/A,unreviewed,,,
HONDA,SPACY I,SPACY I,N/A,unreviewed,,,
HONDA,STEP WAGON SPADA HYBRID,STEP WAGON SPADA HYBRID,N/A,unreviewed,,,
HONDA,STEP WGN,STEP WGN,N/A,unreviewed,,,
HONDA,STEP WGN AIR,STEP WGN AIR,N/A,unreviewed,,,
HONDA,STEP WGN E HEV SPADA,STEP WGN E HEV SPADA,N/A,unreviewed,,,
HONDA,STEP WGN E HEV SPADA G EX,STEP WGN E HEV SPADA G EX,N/A,unreviewed,,,
HONDA,STEP WGN E HEV SPADA PREMIUM,STEP WGN E HEV SPADA PREMIUM,N/A,unreviewed,,,
HONDA,STEP WGN E-HEV AIR,STEP WGN e-HEV AIR,N/A,unreviewed,,,
HONDA,STEP WGN E-HEV SPADA,STEP WGN e-HEV SPADA,N/A,unreviewed,,,
HONDA,STEP WGN E-HEV SPADA G,STEP WGN e-HEV SPADA G,N/A,unreviewed,,,
HONDA,STEP WGN E-HEV SPADA G EX,STEP WGN e-HEV SPADA G EX,N/A,unreviewed,,,
HONDA,STEP WGN E-HEV SPADA PREMIUM,STEP WGN e-HEV SPADA PREMIUM,N/A,unreviewed,,,
HONDA,STEP WGN HYBRID AIR 2.0L,STEP WGN HYBRID AIR 2.0L,N/A,unreviewed,,,
HONDA,STEP WGN SPADA,STEP WGN SPADA,N/A,unreviewed,,,
HONDA,STEP WGN SPADA HYBRID,STEP WGN SPADA HYBRID,N/A,unreviewed,,,
HONDA,STEP WGN SPADA HYBRID G,STEP WGN SPADA HYBRID G,N/A,unreviewed,,,
HONDA,STEP WGN SPADA HYBRID PREMIUM,STEP WGN SPADA HYBRID PREMIUM,N/A,unreviewed,,,
HONDA,STEP WGN SPADA PREMIUM LINE,STEP WGN SPADA PREMIUM LINE,N/A,unreviewed,,,
HONDA,STEPWAGON E:HEV PREMIUM LINE,STEPWAGON e:HEV PREMIUM LINE,N/A,unreviewed,,,
HONDA,STEPWAGON E:HEV SPADA,STEPWAGON e:HEV SPADA,N/A,unreviewed,,,
HONDA,STEPWAGON E:HEV SPADA PREMIUM,STEPWAGON e:HEV SPADA PREMIUM,N/A,unreviewed,,,
HONDA,STEPWAGON SPADA 2.0 HYBRID,STEPWAGON SPADA 2.0 HYBRID,N/A,unreviewed,,,
HONDA,STEPWAGON SPADA HYBRID,STEPWAGON SPADA HYBRID,N/A,unreviewed,,,
HONDA,STEPWAGON SPADA HYBRID EHEV G,STEPWAGON SPADA HYBRID EHEV G,N/A,unreviewed,,,
HONDA,STEPWAGON SPADA2.0 HYBRID,STEPWAGON SPADA2.0 HYBRID,N/A,unreviewed,,,
HONDA,STEPWGN E:HEV AIR,STEP WGN e-HEV AIR,N/A,unreviewed,,,
HONDA,STEPWGN E:HEV SPADA,STEP WGN e-HEV SPADA,N/A,unreviewed,,,
HONDA,STEPWGN E:HEV SPADA G EX,STEP WGN e-HEV SPADA G EX,N/A,unreviewed,,,
HONDA,STEPWGN HYBRID MODULO X 2.0L,STEP WGN HYBRID MODULO X 2.0L,N/A,unreviewed,,,
HONDA,STEPWGN SPADA,STEP WGN SPADA,N/A,unreviewed,,,
HONDA,STEPWGN SPADA 1.5L,STEP WGN SPADA 1.5L,N/A,unreviewed,,,
HONDA,STEPWGN SPADA HYBRID G,STEP WGN SPADA HYBRID G,N/A,unreviewed,,,
HONDA,STEPWGN SPADA HYBRID G-EX,STEP WGN SPADA HYBRID G-EX,N/A,unreviewed,,,
HONDA,SUPER CUB,SUPER CUB,N/A,unreviewed,,,
HONDA,SUPER CUB 60TH ANNLVERSARY,SUPER CUB 60TH ANNlVERSARY,N/A,unreviewed,,,
HONDA,TENA,TENA,N/A,unreviewed,,,
HONDA,UC3,UC3,N/A,unreviewed,,,
HONDA,VFR1200XDS,VFR1200XDS,N/A,unreviewed,,,
HONDA,WAVE,WAVE,N/A,unreviewed,,,
HONDA,WAVE 110 I,WAVE 110i,N/A,not_applicable,reason,POP,2026-07-21T11:50:40.773506
HONDA,WAVE 110 I-AT,WAVE 110 I-AT,N/A,unreviewed,,,
HONDA,WAVE 110I,WAVE 110i,N/A,unreviewed,,,
HONDA,WAVE 125 I,WAVE 125i,ICE,verified,google,pop,2026-07-21T11:50:40.773506
HONDA,WAVE 125i,WAVE 125i,ICE,verified,google,pop,2026-07-21T11:50:40.773506
HONDA,WAVE X,WAVE X,N/A,unreviewed,,,
HONDA,WAVE Z,WAVE Z,N/A,unreviewed,,,
HONDA,WAVE100,WAVE100,N/A,unreviewed,,,
HONDA,WAVE100S,WAVE100S,N/A,unreviewed,,,
HONDA,WAVE110,WAVE110,N/A,unreviewed,,,
HONDA,WAVE110i,WAVE 110i,N/A,not_applicable,reason,POP,2026-07-21T11:50:40.773506
HONDA,WAVE125,WAVE125,N/A,unreviewed,,,
HONDA,WAVE1256,WAVE1256,N/A,unreviewed,,,
HONDA,WAVE125i,WAVE 125i,ICE,verified,google,pop,2026-07-21T11:50:40.773506
HONDA,WAVE125X,WAVE125X,N/A,unreviewed,,,
HONDA,WAVEZ,WAVEZ,N/A,unreviewed,,,
HONDA,WR-V,WR-V,N/A,unreviewed,,,
HONDA,X-ADV,X-ADV,N/A,unreviewed,,,
HONDA,XL750 TRANSALP,XL750 TRANSALP,N/A,unreviewed,,,
HONDA,Z125MS 3TH,Z125MS 3TH,N/A,unreviewed,,,
HONDA,Z125MS TH,Z125MS TH,N/A,unreviewed,,,
HONDA,ZOOMER-X,ZOOMER-X,N/A,unreviewed,,,
HONDA,โนวา 125 เอ็น,โนวา 125 เอ็น,N/A,unreviewed,,,
HONGQI,H9,H9,N/A,unreviewed,,,
HONGQI,H9 2.0L,H9 2.0L,N/A,unreviewed,,,
HORWIN,EK 1 MAX,EK 1 MAX,N/A,unreviewed,,,
HORWIN,EK 3,EK 3,N/A,unreviewed,,,
HORWIN,HORWIN EK3,HORWIN EK3,N/A,unreviewed,,,
HOWE TECH,CHR21QEV,CHR21QEV,N/A,unreviewed,,,
HOWE TECH,CHR21QEVF,CHR21QEVF,N/A,unreviewed,,,
HOWE TECH,CHR21SEV,CHR21SEV,N/A,unreviewed,,,
HUAJIAN,ZL921,ZL921,N/A,unreviewed,,,
HUAJIAN,ZL926,ZL926,N/A,unreviewed,,,
HUAYEE,KS18-KB,KS18-KB,N/A,unreviewed,,,
HUAYEE,KS18-LP,KS18-LP,N/A,unreviewed,,,
HUSQVARNA,701 ENDURO,701 ENDURO,N/A,unreviewed,,,
HUSQVARNA,FE 350,FE 350,N/A,unreviewed,,,
HUSQVARNA,FE 350 PRO,FE 350 PRO,N/A,unreviewed,,,
HUSQVARNA,FE 450,FE 450,N/A,unreviewed,,,
HUSQVARNA,NORDEN 901,NORDEN 901,N/A,unreviewed,,,
HUSQVARNA,NORDEN 901 EXPEDITION,NORDEN 901 EXPEDITION,N/A,unreviewed,,,
HUSQVARNA,NORDEN901,NORDEN901,N/A,unreviewed,,,
HUSQVARNA,SVARTPILEN 200,SVARTPILEN 200,N/A,unreviewed,,,
HUSQVARNA,SVARTPILEN 401,SVARTPILEN 401,N/A,unreviewed,,,
HUSQVARNA,TE 150,TE 150,N/A,unreviewed,,,
HUSQVARNA,TE 300,TE 300,N/A,unreviewed,,,
HUSQVARNA,VITPILEN 401,VITPILEN 401,N/A,unreviewed,,,
HYOSUNG,AQUILA,Aquila,N/A,unreviewed,,,
HYUNDAI,COUNTY,COUNTY,N/A,unreviewed,,,
HYUNDAI,CRETA,CRETA,N/A,unreviewed,,,
HYUNDAI,ELANTRA,ELANTRA,N/A,unreviewed,,,
HYUNDAI,ELANTRA N,ELANTRA N,N/A,unreviewed,,,
HYUNDAI,GENESIS G80 EV,GENESIS G80 EV,N/A,unreviewed,,,
HYUNDAI,GRAND STAREX,GRAND STAREX,N/A,unreviewed,,,
HYUNDAI,H-1,H-1,N/A,unreviewed,,,
HYUNDAI,H940C,H940C,N/A,unreviewed,,,
HYUNDAI,HD100,HD100,N/A,unreviewed,,,
HYUNDAI,HG170,HG170,N/A,unreviewed,,,
HYUNDAI,HL635V,HL635V,N/A,unreviewed,,,
HYUNDAI,HL665L,HL665L,N/A,unreviewed,,,
HYUNDAI,HL665VL,HL665VL,N/A,unreviewed,,,
HYUNDAI,HL667VL,HL667VL,N/A,unreviewed,,,
HYUNDAI,HL740-9S,HL740-9S,N/A,unreviewed,,,
HYUNDAI,HL757-9S,HL757-9S,N/A,unreviewed,,,
HYUNDAI,HL760-9,HL760-9,N/A,unreviewed,,,
HYUNDAI,HL760-9S,HL760-9S,N/A,unreviewed,,,
HYUNDAI,HL770-9,HL770-9,N/A,unreviewed,,,
HYUNDAI,HL770-9S,HL770-9S,N/A,unreviewed,,,
HYUNDAI,HX210HD,HX210HD,N/A,unreviewed,,,
HYUNDAI,HX210S,HX210S,N/A,unreviewed,,,
HYUNDAI,HX220HD,HX220HD,N/A,unreviewed,,,
HYUNDAI,HX220S,HX220S,N/A,unreviewed,,,
HYUNDAI,HX225S,HX225S,N/A,unreviewed,,,
HYUNDAI,HX225SL,HX225SL,N/A,unreviewed,,,
HYUNDAI,HX300SG,HX300SG,N/A,unreviewed,,,
HYUNDAI,HX300SL,HX300SL,N/A,unreviewed,,,
HYUNDAI,HX300SL2,HX300SL2,N/A,unreviewed,,,
HYUNDAI,HX35AZ,HX35AZ,N/A,unreviewed,,,
HYUNDAI,HX55S,HX55S,N/A,unreviewed,,,
HYUNDAI,HX60G,HX60G,N/A,unreviewed,,,
HYUNDAI,HX60S,HX60S,N/A,unreviewed,,,
HYUNDAI,HX75S,HX75S,N/A,unreviewed,,,
HYUNDAI,IONIQ EV,IONIQ EV,N/A,unreviewed,,,
HYUNDAI,IONIQ HEV,IONIQ HEV,N/A,unreviewed,,,
HYUNDAI,IONIQ5,IONIQ5,N/A,unreviewed,,,
HYUNDAI,IONIQ5 N,IONIQ5,N/A,unreviewed,,,
HYUNDAI,IONIQ5 N LINE,IONIQ5,N/A,unreviewed,,,
HYUNDAI,IONIQ6,IONIQ6,N/A,unreviewed,,,
HYUNDAI,KMJWTQA,KMJWTQA,N/A,unreviewed,,,
HYUNDAI,KONA EV,KONA EV,N/A,unreviewed,,,
HYUNDAI,PALISADE,PALISADE,N/A,unreviewed,,,
HYUNDAI,R130S,R130S,N/A,unreviewed,,,
HYUNDAI,R140LC-9S,R140LC-9S,N/A,unreviewed,,,
HYUNDAI,R140W-9,R140W-9,N/A,unreviewed,,,
HYUNDAI,R140W-9S,R140W-9S,N/A,unreviewed,,,
HYUNDAI,R170W-9,R170W-9,N/A,unreviewed,,,
HYUNDAI,R210,R210,N/A,unreviewed,,,
HYUNDAI,R220-9S,R220-9S,N/A,unreviewed,,,
HYUNDAI,R220LC-9SLR,R220LC-9SLR,N/A,unreviewed,,,
HYUNDAI,R55-7,R55-7,N/A,unreviewed,,,
HYUNDAI,R60-7,R60-7,N/A,unreviewed,,,
HYUNDAI,R60-9S,R60-9S,N/A,unreviewed,,,
HYUNDAI,R60W-9S,R60W-9S,N/A,unreviewed,,,
HYUNDAI,R60WVSPRO,R60WVSPRO,N/A,unreviewed,,,
HYUNDAI,R80-7,R80-7,N/A,unreviewed,,,
HYUNDAI,ROBEX140LC-9S,ROBEX140LC-9S,N/A,unreviewed,,,
HYUNDAI,ROBEX140W-9S,ROBEX140W-9S,N/A,unreviewed,,,
HYUNDAI,ROBEX160LC-9S,ROBEX160LC-9S,N/A,unreviewed,,,
HYUNDAI,ROBEX210-7,ROBEX210-7,N/A,unreviewed,,,
HYUNDAI,ROBEX220-9S,ROBEX220-9S,N/A,unreviewed,,,
HYUNDAI,ROBEX260LC-9S,ROBEX260LC-9S,N/A,unreviewed,,,
HYUNDAI,ROBEX380LC-9SH,ROBEX380LC-9SH,N/A,unreviewed,,,
HYUNDAI,ROBEX480LC-9S,ROBEX480LC-9S,N/A,unreviewed,,,
HYUNDAI,ROBEX60-9S,ROBEX60-9S,N/A,unreviewed,,,
HYUNDAI,ROBEX60W-9S,ROBEX60W-9S,N/A,unreviewed,,,
HYUNDAI,ROBEX80-7,ROBEX80-7,N/A,unreviewed,,,
HYUNDAI,SANTA FE,SANTA FE,N/A,unreviewed,,,
HYUNDAI,SANTA FE HYBRID,SANTA FE HYBRID,N/A,unreviewed,,,
HYUNDAI,SONATA2.4GLSEXECUTIV,SONATA2.4GLSEXECUTIV,N/A,unreviewed,,,
HYUNDAI,STARGAZER,STARGAZER,N/A,unreviewed,,,
HYUNDAI,STARIA,STARIA,N/A,unreviewed,,,
HYUNDAI,TUCSON,TUCSON,N/A,unreviewed,,,
HYUNDAI,VELOSTER,VELOSTER,N/A,unreviewed,,,
I-MOTOR,BREEZE,BREEZE,N/A,unreviewed,,,
I-MOTOR,THUNDER,THUNDER,N/A,unreviewed,,,
I-MOTOR,VAPOR,VAPOR,N/A,unreviewed,,,
I-MOTOR,VAPOR CBS,VAPOR CBS,N/A,unreviewed,,,
IETL,TAE35,TAE35,N/A,unreviewed,,,
IETL,YMR3000,YMR3000,N/A,unreviewed,,,
IHI,20JX,20JX,N/A,unreviewed,,,
IHI,40VX,40VX,N/A,unreviewed,,,
IHI,55N,55N,N/A,unreviewed,,,
IHI,55N2,55N2,N/A,unreviewed,,,
IHI,55N3,55N3,N/A,unreviewed,,,
IHI,55NS,55NS,N/A,unreviewed,,,
IHI,60NS,60NS,N/A,unreviewed,,,
IHI,65NSL,65NSL,N/A,unreviewed,,,
IHI,CCH650,CCH650,N/A,unreviewed,,,
IHI,CCH700,CCH700,N/A,unreviewed,,,
IHI,IS-30FX,IS-30FX,N/A,unreviewed,,,
IMT,AF180C,AF180C,N/A,unreviewed,,,
INDIAN,CHIEF CLASSIC,CHIEF CLASSIC,N/A,unreviewed,,,
INDIAN MOTORCYCLE,101 SCOUT,101 SCOUT,N/A,unreviewed,,,
INDIAN MOTORCYCLE,CHIEF BOBBER DARK HORSE,CHIEF BOBBER DARK HORSE,N/A,unreviewed,,,
INDIAN MOTORCYCLE,CHIEF DARK HORSE,CHIEF DARK HORSE,N/A,unreviewed,,,
INDIAN MOTORCYCLE,CHIEFTAIN ELITE,CHIEFTAIN ELITE,N/A,unreviewed,,,
INDIAN MOTORCYCLE,CHIEFTAIN LIMITED,CHIEFTAIN LIMITED,N/A,unreviewed,,,
INDIAN MOTORCYCLE,ROADMASTER,ROADMASTER,N/A,unreviewed,,,
INDIAN MOTORCYCLE,SCOUT BOBBER,SCOUT BOBBER,N/A,unreviewed,,,
INDIAN MOTORCYCLE,SCOUT BOBBER LIMITED + TECH,SCOUT BOBBER LIMITED + TECH,N/A,unreviewed,,,
INDIAN MOTORCYCLE,SCOUT BOBBER TWENTY,SCOUT BOBBER TWENTY,N/A,unreviewed,,,
INDIAN MOTORCYCLE,SCOUT CLASSIC,SCOUT CLASSIC,N/A,unreviewed,,,
INDIAN MOTORCYCLE,SPORT CHIEF,SPORT CHIEF,N/A,unreviewed,,,
INDIAN MOTORCYCLE,SPORT SCOUT  LIMITED + TECH,SPORT SCOUT  LIMITED + TECH,N/A,unreviewed,,,
INDIAN MOTORCYCLE,SPRINGFIELD,SPRINGFIELD,N/A,unreviewed,,,
INDIAN MOTORCYCLE,SPRINGFIELD DARK HORSE,SPRINGFIELD DARK HORSE,N/A,unreviewed,,,
INDIAN MOTORCYCLE,VINTAGE,VINTAGE,N/A,unreviewed,,,
INDIAN MOTORCYCLE,VINTAGE DARK HORSE,VINTAGE DARK HORSE,N/A,unreviewed,,,
INGERSOLL,DD130,DD130,N/A,unreviewed,,,
INGERSOLL-RAND,CDH-700C,CDH-700C,N/A,unreviewed,,,
INGERSOLL-RAND,DD-138HFA,DD-138HFA,N/A,unreviewed,,,
INGERSOLL-RAND,DD-70,DD-70,N/A,unreviewed,,,
INGERSOLL-RAND,DD-90HF,DD-90HF,N/A,unreviewed,,,
INGERSOLL-RAND,DD118HF,DD118HF,N/A,unreviewed,,,
INGERSOLL-RAND,DD70,DD70,N/A,unreviewed,,,
INGERSOLL-RAND,DD90,DD90,N/A,unreviewed,,,
INGERSOLL-RAND,MT6520,MT6520,N/A,unreviewed,,,
INGERSOLL-RAND,PT-125R,PT-125R,N/A,unreviewed,,,
INGERSOLL-RAND,XL660II,XL660II,N/A,unreviewed,,,
ISEKI,527,527,N/A,unreviewed,,,
ISEKI,AT5330FE11(TYAT5330F1E),AT5330FE11(TYAT5330F1E),N/A,unreviewed,,,
ISEKI,AT5390FE11(TYAT5390F1E),AT5390FE11(TYAT5390F1E),N/A,unreviewed,,,
ISEKI,AT5520FSE11(TYAT5520F1E),AT5520FSE11(TYAT5520F1E),N/A,unreviewed,,,
ISEKI,HC80PGBHWE1T,HC80PGBHWE1T,N/A,unreviewed,,,
ISEKI,HC80PGHWE1T,HC80PGHWE1T,N/A,unreviewed,,,
ISEKI,NT536FSTE19,NT536FSTE19,N/A,unreviewed,,,
ISEKI,NT540,NT540,N/A,unreviewed,,,
ISEKI,NT540FSRE1T,NT540FSRE1T,N/A,unreviewed,,,
ISEKI,NT542FSRE1T,NT542FSRE1T,N/A,unreviewed,,,
ISEKI,NT548FSTE19,NT548FSTE19,N/A,unreviewed,,,
ISEKI,NT554FSRE1T,NT554FSRE1T,N/A,unreviewed,,,
ISEKI,NTZ227FRE11T,NTZ227FRE11T,N/A,unreviewed,,,
ISEKI,T5000F,T5000F,N/A,unreviewed,,,
ISEKI,T954PWCE1T,T954PWCE1T,N/A,unreviewed,,,
ISEKI,T97PVRE1L,T97PVRE1L,N/A,unreviewed,,,
ISEKI,T97PWCE1T,T97PWCE1T,N/A,unreviewed,,,
ISEKI,T97PWRE1T,T97PWRE1T,N/A,unreviewed,,,
ISEKI,TA527F,TA527F,N/A,unreviewed,,,
ISO,UNO-X,UNO-X,N/A,unreviewed,,,
ISUZU,CAB4 LS 3.0,CAB4 LS 3.0,N/A,unreviewed,,,
ISUZU,CAB4 SL 2.5,CAB4 SL 2.5,N/A,unreviewed,,,
ISUZU,CAB4 SX 2.5,CAB4 SX 2.5,N/A,unreviewed,,,
ISUZU,D-MAX,D-MAX,N/A,unreviewed,,,
ISUZU,D-MAX NEW STYLE,D-MAX New Style,N/A,unreviewed,,,
ISUZU,ISUZU,ISUZU,N/A,unreviewed,,,
ISUZU,MU-X,MU-X,N/A,unreviewed,,,
ISUZU,RODEO S 3.0,RODEO S 3.0,N/A,unreviewed,,,
ISUZU,SX 2.5,SX 2.5,N/A,unreviewed,,,
ITALJET,DRAGSTER 200,DRAGSTER 200,N/A,unreviewed,,,
ITALJET,DRAGSTER 300,DRAGSTER 300,N/A,unreviewed,,,
JAC,EVO-T8,EVO-T8,N/A,unreviewed,,,
JAC,HFC1040EV2,HFC1040EV2,N/A,unreviewed,,,
JAC,HFC1040EV3,HFC1040EV3,N/A,unreviewed,,,
JAC,HFC1042P73K1B2D,HFC1042P73K1B2D,N/A,unreviewed,,,
JAC,T8EV,T8EV,N/A,unreviewed,,,
JAC,T9EV,T9EV,N/A,unreviewed,,,
JAECOO,5 EV LONG RANGE DYNAMIC,5 EV,N/A,unreviewed,,,
JAECOO,5 EV LONG RANGE MAX,5 EV,N/A,unreviewed,,,
JAECOO,6 EV LONG RANGE 2WD,6 EV,N/A,unreviewed,,,
JAECOO,6 EV LONG RANGE 2WD PRO,6 EV,N/A,unreviewed,,,
JAECOO,6 EV LONG RANGE 4WD,6 EV,N/A,unreviewed,,,
JAECOO,6T EV LONG RANGE 4WD,6 EV,N/A,unreviewed,,,
JAECOO,7 SHS MAX,7 SHS Max,N/A,unreviewed,,,
JAECOO,JAECOO 6 EV,6 EV,N/A,unreviewed,,,
JAGUAR,E-PACE 2.0L T/C AWD AUTO,E-PACE 2.0L T/C AWD AUTO,N/A,unreviewed,,,
JAGUAR,F-PACE 2.0 LITRE T/C PETROL,F-PACE 2.0 LITRE T/C PETROL,N/A,unreviewed,,,
JAGUAR,F-PACE 2.0L T/C AWD AUTO,F-PACE 2.0L T/C AWD AUTO,N/A,unreviewed,,,
JAGUAR,F-PACE 5.0L S/C PETROL AWD,F-PACE 5.0L S/C PETROL AWD,N/A,unreviewed,,,
JAGUAR,F-PACE R-SPORT 2.0 D,F-PACE R-SPORT 2.0 D,N/A,unreviewed,,,
JAGUAR,F-TYPE 2.0 LITRE T/C PETROL,F-TYPE 2.0 LITRE T/C PETROL,N/A,unreviewed,,,
JAGUAR,F-TYPE 2.0 LITRE T/C RWD,F-TYPE 2.0 LITRE T/C RWD,N/A,unreviewed,,,
JAGUAR,F-TYPE 2.0L T/C RWD AUTO,F-TYPE 2.0L T/C RWD AUTO,N/A,unreviewed,,,
JAGUAR,F-TYPE R-DYNAMIC COUPE,F-TYPE R-DYNAMIC COUPE,N/A,unreviewed,,,
JAGUAR,F-TYPE S 3.0L V6 S/C RWD,F-TYPE S 3.0L V6 S/C RWD,N/A,unreviewed,,,
JAGUAR,I-PACE AWD,I-PACE AWD,N/A,unreviewed,,,
JAGUAR,I-PACE AWD HSE,I-PACE AWD HSE,N/A,unreviewed,,,
JAGUAR,I-PACE AWD S,I-PACE AWD S,N/A,unreviewed,,,
JAGUAR,MARK II 3.8 LITRE,MARK II 3.8 LITRE,N/A,unreviewed,,,
JAGUAR,MARK IX,MARK IX,N/A,unreviewed,,,
JAGUAR,XE 2.0L I4P PETROL RWD,XE 2.0L I4P PETROL RWD,N/A,unreviewed,,,
JAGUAR,XF 2.0 LITRE T/C RWD AUTO,XF 2.0 LITRE T/C RWD AUTO,N/A,unreviewed,,,
JAGUAR,XF 2.0L T/C RWD AUTO PORTFOLIO,XF 2.0L T/C RWD AUTO PORTFOLIO,N/A,unreviewed,,,
JAGUAR,XF PRESTIGE 2.0 DIESEL,XF PRESTIGE 2.0 DIESEL,N/A,unreviewed,,,
JAGUAR,XJ-6,XJ-6,N/A,unreviewed,,,
JCB,116D,116D,N/A,unreviewed,,,
JCB,155,155,N/A,unreviewed,,,
JCB,155HD,155HD,N/A,unreviewed,,,
JCB,214,214,N/A,unreviewed,,,
JCB,2DX,2DX,N/A,unreviewed,,,
JCB,300T,300T,N/A,unreviewed,,,
JCB,35Z-1,35Z-1,N/A,unreviewed,,,
JCB,3CX,3CX,N/A,unreviewed,,,
JCB,3CX 4WD,3CX 4WD,N/A,unreviewed,,,
JCB,3CX PLUS,3CX PLUS,N/A,unreviewed,,,
JCB,3CX PRO,3CX PRO,N/A,unreviewed,,,
JCB,3CX-2WD,3CX-2WD,N/A,unreviewed,,,
JCB,3CX-4WD,3CX-4WD,N/A,unreviewed,,,
JCB,3CX4WD,3CX4WD,N/A,unreviewed,,,
JCB,3DX,3DX,N/A,unreviewed,,,
JCB,3DX ECO,3DX ECO,N/A,unreviewed,,,
JCB,3DX PLUS,3DX PLUS,N/A,unreviewed,,,
JCB,3DX PRO,3DX PRO,N/A,unreviewed,,,
JCB,432ZX,432ZX,N/A,unreviewed,,,
JCB,455ZX,455ZX,N/A,unreviewed,,,
JCB,4CX,4CX,N/A,unreviewed,,,
JCB,50Z-1,50Z-1,N/A,unreviewed,,,
JCB,51R-1,51R-1,N/A,unreviewed,,,
JCB,530-110,530-110,N/A,unreviewed,,,
JCB,530-70,530-70,N/A,unreviewed,,,
JCB,531-70,531-70,N/A,unreviewed,,,
JCB,540-140,540-140,N/A,unreviewed,,,
JCB,540-170,540-170,N/A,unreviewed,,,
JCB,540-70,540-70,N/A,unreviewed,,,
JCB,541-70,541-70,N/A,unreviewed,,,
JCB,8035ZTS,8035ZTS,N/A,unreviewed,,,
JCB,8056,8056,N/A,unreviewed,,,
JCB,JCB3CXP21,JCB3CXP21,N/A,unreviewed,,,
JCB,JS140,JS140,N/A,unreviewed,,,
JCB,JS140 NXT,JS140 NXT,N/A,unreviewed,,,
JCB,JS200SC,JS200SC,N/A,unreviewed,,,
JCB,JS200W,JS200W,N/A,unreviewed,,,
JCB,JS205SC,JS205SC,N/A,unreviewed,,,
JCB,JS215LC NXT,JS215LC NXT,N/A,unreviewed,,,
JCB,JS305LC,JS305LC,N/A,unreviewed,,,
JCB,JS345LC,JS345LC,N/A,unreviewed,,,
JCB,JS81,JS81,N/A,unreviewed,,,
JCB,VM115D,VM115D,N/A,unreviewed,,,
JCB,VMT860,VMT860,N/A,unreviewed,,,
JEEP,CHEROKEE 2.0,CHEROKEE 2.0,N/A,unreviewed,,,
JEEP,COMPASS 1.4L TURBO,COMPASS 1.4L TURBO,N/A,unreviewed,,,
JEEP,COMPASS LIMITED,COMPASS LIMITED,N/A,unreviewed,,,
JEEP,GLADIATOR RUBICON,GLADIATOR RUBICON,N/A,unreviewed,,,
JEEP,GLADIATOR RUBICON 4DR,GLADIATOR RUBICON 4dr,N/A,unreviewed,,,
JEEP,GLADIATOR RUBICON LAUNCH,GLADIATOR RUBICON LAUNCH,N/A,unreviewed,,,
JEEP,GRAND CHEROKEE SUMMIT,GRAND CHEROKEE SUMMIT,N/A,unreviewed,,,
JEEP,RENEGADE SUMMIT E-HYBRID MHEV,RENEGADE SUMMIT E-HYBRID MHEV,N/A,unreviewed,,,
JEEP,RENEGADE TRAILHAWK 1.3 PHEV,RENEGADE TRAILHAWK 1.3 PHEV,N/A,unreviewed,,,
JEEP,RENEGADE TRAILHAWK 2.0,RENEGADE TRAILHAWK 2.0,N/A,unreviewed,,,
JEEP,WRANGLER 2.2D 4DR OVERLAND,WRANGLER 2.2D 4DR OVERLAND,N/A,unreviewed,,,
JEEP,WRANGLER 4 DOOR 2.0 RUBICON,WRANGLER 4 DOOR 2.0 RUBICON,N/A,unreviewed,,,
JEEP,WRANGLER 80TH ANNIVERSARY,WRANGLER 80TH ANNIVERSARY,N/A,unreviewed,,,
JEEP,WRANGLER OVERLAND,WRANGLER OVERLAND,N/A,unreviewed,,,
JEEP,WRANGLER OVERLAND 2.2,WRANGLER OVERLAND 2.2,N/A,unreviewed,,,
JEEP,WRANGLER RUBICON,WRANGLER RUBICON,N/A,unreviewed,,,
JEEP,WRANGLER RUBICON 2 DOOR,WRANGLER RUBICON 2 DOOR,N/A,unreviewed,,,
JEEP,WRANGLER RUBICON 2.2D,WRANGLER RUBICON 2.2D,N/A,unreviewed,,,
JEEP,WRANGLER RUBICON 2DR,WRANGLER RUBICON 2dr,N/A,unreviewed,,,
JEEP,WRANGLER RUBICON 2DR 2.0,WRANGLER RUBICON 2dr 2.0,N/A,unreviewed,,,
JEEP,WRANGLER RUBICON 4 DOOR,WRANGLER RUBICON 4 DOOR,N/A,unreviewed,,,
JEEP,WRANGLER RUBICON 4DR,WRANGLER RUBICON 4dr,N/A,unreviewed,,,
JEEP,WRANGLER RUBICON 4DR 2.0,WRANGLER RUBICON 4dr 2.0,N/A,unreviewed,,,
JEEP,WRANGLER RUBICON 4DR 2.2,WRANGLER RUBICON 4dr 2.2,N/A,unreviewed,,,
JEEP,WRANGLER RUBICON V6 3-DOOR,WRANGLER RUBICON V6 3-DOOR,N/A,unreviewed,,,
JEEP,WRANGLER SAHARA,WRANGLER SAHARA,N/A,unreviewed,,,
JEEP,WRANGLER SAHARA 2.2,WRANGLER SAHARA 2.2,N/A,unreviewed,,,
JEEP,WRANGLER SAHARA 2.2D,WRANGLER SAHARA 2.2D,N/A,unreviewed,,,
JEEP,WRANGLER SAHARA 4DR,WRANGLER SAHARA 4DR,N/A,unreviewed,,,
JEEP,WRANGLER V6 3-DOOR,WRANGLER V6 3-DOOR,N/A,unreviewed,,,
JEEP,WRANGLER2.2D 4DR OVERLAND,WRANGLER2.2D 4DR OVERLAND,N/A,unreviewed,,,
JETT,JETT,JETT,N/A,unreviewed,,,
JIAYUAN,JY1320-ZLH,JY1320-ZLH,N/A,unreviewed,,,
JIAYUAN,JY7222-ZQR,JY7222-ZQR,N/A,unreviewed,,,
JIAYUAN,JY7252-ZQR,JY7252-ZQR,N/A,unreviewed,,,
JINGONG,JGM737K,JGM737K,N/A,unreviewed,,,
JINGONG,JGM738K,JGM738K,N/A,unreviewed,,,
JINGONG,JGM757K,JGM757K,N/A,unreviewed,,,
JINGONG,JGM857E,JGM857E,N/A,unreviewed,,,
JINGONG,JGM9085LNZ-9G,JGM9085LNZ-9G,N/A,unreviewed,,,
JINPENG,D05,D05,N/A,unreviewed,,,
JINPENG,M22,M22,N/A,unreviewed,,,
JINYI,TRENDY,TRENDY,N/A,unreviewed,,,
JMC,JX1032DBR,JX1032DBR,N/A,unreviewed,,,
JMC,JX5033XXYXAR,JX5033XXYXAR,N/A,unreviewed,,,
JOHN DEERE,2850,2850,N/A,unreviewed,,,
JOHN DEERE,3028EN,3028EN,N/A,unreviewed,,,
JOHN DEERE,3036E,3036E,N/A,unreviewed,,,
JOHN DEERE,3036EN,3036EN,N/A,unreviewed,,,
JOHN DEERE,315SL,315SL,N/A,unreviewed,,,
JOHN DEERE,3510,3510,N/A,unreviewed,,,
JOHN DEERE,3520T,3520T,N/A,unreviewed,,,
JOHN DEERE,3520W,3520W,N/A,unreviewed,,,
JOHN DEERE,5040D,5040D,N/A,unreviewed,,,
JOHN DEERE,5045,5045,N/A,unreviewed,,,
JOHN DEERE,5045D,5045D,N/A,unreviewed,,,
JOHN DEERE,5045DFE,5045DFE,N/A,unreviewed,,,
JOHN DEERE,5050D,5050D,N/A,unreviewed,,,
JOHN DEERE,5050E,5050E,N/A,unreviewed,,,
JOHN DEERE,5055,5055,N/A,unreviewed,,,
JOHN DEERE,5055E,5055E,N/A,unreviewed,,,
JOHN DEERE,5065E,5065E,N/A,unreviewed,,,
JOHN DEERE,5075E,5075E,N/A,unreviewed,,,
JOHN DEERE,5076E,5076E,N/A,unreviewed,,,
JOHN DEERE,5076E OOS,5076E OOS,N/A,unreviewed,,,
JOHN DEERE,5082E,5082E,N/A,unreviewed,,,
JOHN DEERE,5082E OOS,5082E OOS,N/A,unreviewed,,,
JOHN DEERE,5090E,5090E,N/A,unreviewed,,,
JOHN DEERE,5090E CAB,5090E CAB,N/A,unreviewed,,,
JOHN DEERE,5090E OOS,5090E OOS,N/A,unreviewed,,,
JOHN DEERE,5310,5310,N/A,unreviewed,,,
JOHN DEERE,5310J,5310J,N/A,unreviewed,,,
JOHN DEERE,5310J58,5310J58,N/A,unreviewed,,,
JOHN DEERE,5415,5415,N/A,unreviewed,,,
JOHN DEERE,5610J,5610J,N/A,unreviewed,,,
JOHN DEERE,5610J_93,5610J_93,N/A,unreviewed,,,
JOHN DEERE,5615,5615,N/A,unreviewed,,,
JOHN DEERE,5615K,5615K,N/A,unreviewed,,,
JOHN DEERE,5715,5715,N/A,unreviewed,,,
JOHN DEERE,5715S,5715S,N/A,unreviewed,,,
JOHN DEERE,6095B,6095B,N/A,unreviewed,,,
JOHN DEERE,6095B CAB,6095B CAB,N/A,unreviewed,,,
JOHN DEERE,6095B CAB JDA,6095B CAB JDA,N/A,unreviewed,,,
JOHN DEERE,6095B OOS,6095B OOS,N/A,unreviewed,,,
JOHN DEERE,6095B OOS DELUXE-V1,6095B OOS DELUXE-V1,N/A,unreviewed,,,
JOHN DEERE,6095B OOS STANDARD-V1,6095B OOS STANDARD-V1,N/A,unreviewed,,,
JOHN DEERE,6100,6100,N/A,unreviewed,,,
JOHN DEERE,6100B,6100B,N/A,unreviewed,,,
JOHN DEERE,6110B,6110B,N/A,unreviewed,,,
JOHN DEERE,6110B OOS DELUXE,6110B OOS DELUXE,N/A,unreviewed,,,
JOHN DEERE,6110M,6110M,N/A,unreviewed,,,
JOHN DEERE,6120B,6120B,N/A,unreviewed,,,
JOHN DEERE,6125M,6125M,N/A,unreviewed,,,
JOHN DEERE,6135B CAB JDA,6135B CAB JDA,N/A,unreviewed,,,
JOHN DEERE,6140M,6140M,N/A,unreviewed,,,
JOHN DEERE,6165J,6165J,N/A,unreviewed,,,
JOHN DEERE,6175M,6175M,N/A,unreviewed,,,
JOHN DEERE,620G,620G,N/A,unreviewed,,,
JOHN DEERE,6650,6650,N/A,unreviewed,,,
JOHN DEERE,670G,670G,N/A,unreviewed,,,
JOHN DEERE,6750,6750,N/A,unreviewed,,,
JOHN DEERE,6850,6850,N/A,unreviewed,,,
JOHN DEERE,724K,724K,N/A,unreviewed,,,
JOHN DEERE,CH3520,CH3520,N/A,unreviewed,,,
JOHN DEERE,CH570,CH570,N/A,unreviewed,,,
JOHN DEERE,CHW3520,CHW3520,N/A,unreviewed,,,
JOHN DEERE,E130,E130,N/A,unreviewed,,,
JOHN DEERE,E210,E210,N/A,unreviewed,,,
JOHN DEERE,E210LC,E210LC,N/A,unreviewed,,,
JOHN DEERE,E210SC,E210SC,N/A,unreviewed,,,
JOHN DEERE,E360,E360,N/A,unreviewed,,,
JOHN DEERE,JD770B,JD770B,N/A,unreviewed,,,
JOHN DEERE,JD772B-H,JD772B-H,N/A,unreviewed,,,
JOHN DEERE,R40,R40,N/A,unreviewed,,,
JOHN DEERE,WL56,WL56,N/A,unreviewed,,,
JONWAY,IONAXS,IONAXS,N/A,unreviewed,,,
JONWAY,T21,T21,N/A,unreviewed,,,
JOYLONG,HKL6540RBEV,HKL6540RBEV,N/A,unreviewed,,,
JRD,JOOP JOOP,JOOP JOOP,N/A,unreviewed,,,
JRD,SANOOK-D,SANOOK-D,N/A,unreviewed,,,
JRD,SNOW-Z 125,SNOW-z 125,N/A,unreviewed,,,
JRD,STORM JR125Z,STORM JR125Z,N/A,unreviewed,,,
JRD,SURF 125,SURF 125,N/A,unreviewed,,,
JRD,SURF-Z 125,SURF-Z 125,N/A,unreviewed,,,
JRD,TORNADO JTR 150,TORNADO JTR 150,N/A,unreviewed,,,
JRD,TYPHOON-R,TYPHOON-R,N/A,unreviewed,,,
JUNENG,DREAMERS FUN-A,DREAMERS FUN-A,N/A,unreviewed,,,
JUNEYAO,JY AIR PLUS,JY AIR,N/A,unreviewed,,,
JUNEYAO,JY AIR STANDARD,JY AIR,N/A,unreviewed,,,
JUNMA,JM612H,JM612H,N/A,unreviewed,,,
JUST,J2-P,J2-P,N/A,unreviewed,,,
KAMA,ESP7,ESP7,N/A,unreviewed,,,
KANTO,P20A,P20A,N/A,unreviewed,,,
KANTO,PT20WA,PT20WA,N/A,unreviewed,,,
KARBA,NEW TBS FIREFIGHTING TRUCK,NEW TBS FIREFIGHTING TRUCK,N/A,unreviewed,,,
KAT,KAT920,KAT920,N/A,unreviewed,,,
KAT,WZ30-25,WZ30-25,N/A,unreviewed,,,
KATO,HD512-R5,HD512-R5,N/A,unreviewed,,,
KATO,HD55V4,HD55V4,N/A,unreviewed,,,
KATO,HD820-R5,HD820-R5,N/A,unreviewed,,,
KAVALLO,EASY WATT,EASY WATT,N/A,unreviewed,,,
KAVALLO,MINI SCOOTER,MINI SCOOTER,N/A,unreviewed,,,
KAVALLO,VESPAL,VESPAL,N/A,unreviewed,,,
KAWASAKI,50ZV-2,50ZV-2,N/A,unreviewed,,,
KAWASAKI,70Z7,70Z7,N/A,unreviewed,,,
KAWASAKI,85ZV-2,85ZV-2,N/A,unreviewed,,,
KAWASAKI,90ZV-2,90ZV-2,N/A,unreviewed,,,
KAWASAKI,AM105B,AM105B,N/A,unreviewed,,,
KAWASAKI,AN112 C1,AN112 C1,N/A,unreviewed,,,
KAWASAKI,AN112-D1,AN112-D1,N/A,unreviewed,,,
KAWASAKI,AN112A,AN112A,N/A,unreviewed,,,
KAWASAKI,AN130A,AN130A,N/A,unreviewed,,,
KAWASAKI,AN130B,AN130B,N/A,unreviewed,,,
KAWASAKI,AR080H,AR080H,N/A,unreviewed,,,
KAWASAKI,AS110B,AS110B,N/A,unreviewed,,,
KAWASAKI,AS110C,AS110C,N/A,unreviewed,,,
KAWASAKI,AS110C(TUXEDO SE),AS110C(TUXEDO SE),N/A,unreviewed,,,
KAWASAKI,AS120B(SE),AS120B(SE),N/A,unreviewed,,,
KAWASAKI,BR125GHF,BR125GHF,N/A,unreviewed,,,
KAWASAKI,BR125HHF,BR125HHF,N/A,unreviewed,,,
KAWASAKI,BR250F,BR250F,N/A,unreviewed,,,
KAWASAKI,BX250BGFA,BX250BGFA,N/A,unreviewed,,,
KAWASAKI,D-TRACKER 125,D-TRACKER 125,N/A,unreviewed,,,
KAWASAKI,D-TRACKER 150,D-TRACKER 150,N/A,unreviewed,,,
KAWASAKI,D-TRACKER 250,D-TRACKER 250,N/A,unreviewed,,,
KAWASAKI,D-TRACKER X,D-TRACKER X,N/A,unreviewed,,,
KAWASAKI,D-TRACKER150LW,D-TRACKER150LW,N/A,unreviewed,,,
KAWASAKI,ELIMINATOR 400,ELIMINATOR 400,N/A,unreviewed,,,
KAWASAKI,ELIMINATOR 400 SE,ELIMINATOR 400 SE,N/A,unreviewed,,,
KAWASAKI,EN650EJF,EN650EJF,N/A,unreviewed,,,
KAWASAKI,ER-6N ABS,ER-6N ABS,N/A,unreviewed,,,
KAWASAKI,EX650KJFA,EX650KJFA,N/A,unreviewed,,,
KAWASAKI,K10,K10,N/A,unreviewed,,,
KAWASAKI,K12A,K12A,N/A,unreviewed,,,
KAWASAKI,K12I,K12I,N/A,unreviewed,,,
KAWASAKI,K12II,K12II,N/A,unreviewed,,,
KAWASAKI,K20 II,K20 II,N/A,unreviewed,,,
KAWASAKI,K20-2,K20-2,N/A,unreviewed,,,
KAWASAKI,K202,K202,N/A,unreviewed,,,
KAWASAKI,K20II,K20II,N/A,unreviewed,,,
KAWASAKI,K20TA,K20TA,N/A,unreviewed,,,
KAWASAKI,K20TB,K20TB,N/A,unreviewed,,,
KAWASAKI,K20W-2,K20W-2,N/A,unreviewed,,,
KAWASAKI,K20W2,K20W2,N/A,unreviewed,,,
KAWASAKI,K20WII,K20WII,N/A,unreviewed,,,
KAWASAKI,KAZE,KAZE,N/A,unreviewed,,,
KAWASAKI,KAZE125,KAZE125,N/A,unreviewed,,,
KAWASAKI,KL110B,KL110B,N/A,unreviewed,,,
KAWASAKI,KL110EFFA,KL110EFFA,N/A,unreviewed,,,
KAWASAKI,KLD6,KLD6,N/A,unreviewed,,,
KAWASAKI,KLE300AJF,KLE300AJF,N/A,unreviewed,,,
KAWASAKI,KLE500,KLE500,N/A,unreviewed,,,
KAWASAKI,KLE500 SE,KLE500 SE,N/A,unreviewed,,,
KAWASAKI,KLE650FJF,KLE650FJF,N/A,unreviewed,,,
KAWASAKI,KLR650,KLR650,N/A,unreviewed,,,
KAWASAKI,KLR650 ABS,KLR650 ABS,N/A,unreviewed,,,
KAWASAKI,KLR650 ABS ADVENTURE,KLR650 ABS ADVENTURE,N/A,unreviewed,,,
KAWASAKI,KLR650 ADVENTURE,KLR650 ADVENTURE,N/A,unreviewed,,,
KAWASAKI,KLX 125,KLX 125,N/A,unreviewed,,,
KAWASAKI,KLX 150,KLX 150,N/A,unreviewed,,,
KAWASAKI,KLX 250,KLX 250,N/A,unreviewed,,,
KAWASAKI,KLX150,KLX150,N/A,unreviewed,,,
KAWASAKI,KLX150BF,KLX150BF,N/A,unreviewed,,,
KAWASAKI,KLX150G,KLX150G,N/A,unreviewed,,,
KAWASAKI,KLX150L,KLX150L,N/A,unreviewed,,,
KAWASAKI,KLX230,KLX230,N/A,unreviewed,,,
KAWASAKI,KLX230 ABS SE,KLX230 ABS SE,N/A,unreviewed,,,
KAWASAKI,KLX230 S,KLX230 S,N/A,unreviewed,,,
KAWASAKI,KLX230 SE,KLX230 SE,N/A,unreviewed,,,
KAWASAKI,KLX230 SHERPA,KLX230 SHERPA,N/A,unreviewed,,,
KAWASAKI,KLX230SM SE,KLX230SM SE,N/A,unreviewed,,,
KAWASAKI,KLX250,KLX250,N/A,unreviewed,,,
KAWASAKI,KP150A,KP150A,N/A,unreviewed,,,
KAWASAKI,KR150P,KR150P,N/A,unreviewed,,,
KAWASAKI,KR20C,KR20C,N/A,unreviewed,,,
KAWASAKI,KR20II,KR20II,N/A,unreviewed,,,
KAWASAKI,KRR-SSR,KRR-SSR,N/A,unreviewed,,,
KAWASAKI,KRR-ZX,KRR-ZX,N/A,unreviewed,,,
KAWASAKI,KSR,KSR,N/A,unreviewed,,,
KAWASAKI,KSR DIRT,KSR DIRT,N/A,unreviewed,,,
KAWASAKI,KSR LIMITED,KSR LIMITED,N/A,unreviewed,,,
KAWASAKI,KSR PRO,KSR PRO,N/A,unreviewed,,,
KAWASAKI,KSR PRO LIMITED,KSR PRO LIMITED,N/A,unreviewed,,,
KAWASAKI,LEO,LEO,N/A,unreviewed,,,
KAWASAKI,MEGURO K3,MEGURO K3,N/A,unreviewed,,,
KAWASAKI,MEGURO S1,MEGURO S1,N/A,unreviewed,,,
KAWASAKI,NINJA 1000,NINJA 1000,N/A,unreviewed,,,
KAWASAKI,NINJA 1000SX,NINJA 1000SX,N/A,unreviewed,,,
KAWASAKI,NINJA 250,NINJA 250,N/A,unreviewed,,,
KAWASAKI,NINJA 250R,NINJA 250R,N/A,unreviewed,,,
KAWASAKI,NINJA 300 KRT EDITION,NINJA 300 KRT EDITION,N/A,unreviewed,,,
KAWASAKI,NINJA 400,NINJA 400,N/A,unreviewed,,,
KAWASAKI,NINJA 400 SE,NINJA 400 SE,N/A,unreviewed,,,
KAWASAKI,NINJA 500 SE,NINJA 500 SE,N/A,unreviewed,,,
KAWASAKI,NINJA 650,NINJA 650,N/A,unreviewed,,,
KAWASAKI,NINJA E-1,NINJA e-1,N/A,unreviewed,,,
KAWASAKI,NINJA H2,NINJA H2,N/A,unreviewed,,,
KAWASAKI,NINJA H2 SX,NINJA H2 SX,N/A,unreviewed,,,
KAWASAKI,NINJA H2 SX SE PLUS,NINJA H2 SX SE PLUS,N/A,unreviewed,,,
KAWASAKI,NINJA H2R,NINJA H2R,N/A,unreviewed,,,
KAWASAKI,NINJA ZX-10R,NINJA ZX-10R,N/A,unreviewed,,,
KAWASAKI,NINJA ZX-10R ABS,NINJA ZX-10R ABS,N/A,unreviewed,,,
KAWASAKI,NINJA ZX-10R SE,NINJA ZX-10R SE,N/A,unreviewed,,,
KAWASAKI,NINJA ZX-10RR,NINJA ZX-10RR,N/A,unreviewed,,,
KAWASAKI,NINJA ZX-14R ABS,NINJA ZX-14R ABS,N/A,unreviewed,,,
KAWASAKI,NINJA ZX-25R ABS SE,NINJA ZX-25R ABS SE,N/A,unreviewed,,,
KAWASAKI,NINJA ZX-4R,NINJA ZX-4R,N/A,unreviewed,,,
KAWASAKI,NINJA ZX-4R SE,NINJA ZX-4R SE,N/A,unreviewed,,,
KAWASAKI,NINJA ZX-6R,NINJA ZX-6R,N/A,unreviewed,,,
KAWASAKI,NINJA1000,NINJA1000,N/A,unreviewed,,,
KAWASAKI,NINJA250,NINJA250,N/A,unreviewed,,,
KAWASAKI,NINJA250SL,NINJA250SL,N/A,unreviewed,,,
KAWASAKI,NINJA250SLKRTEDITION,NINJA250SLKRTEDITION,N/A,unreviewed,,,
KAWASAKI,NINJA300,NINJA300,N/A,unreviewed,,,
KAWASAKI,NINJA400,NINJA400,N/A,unreviewed,,,
KAWASAKI,NINJA400 HG,NINJA400 HG,N/A,unreviewed,,,
KAWASAKI,NINJA400 SE,NINJA400 SE,N/A,unreviewed,,,
KAWASAKI,NINJA650,NINJA650,N/A,unreviewed,,,
KAWASAKI,SERPICO-SS,SERPICO-SS,N/A,unreviewed,,,
KAWASAKI,TAXEDO,TAXEDO,N/A,unreviewed,,,
KAWASAKI,VERSYS 1000,VERSYS 1000,N/A,unreviewed,,,
KAWASAKI,VERSYS 650,VERSYS 650,N/A,unreviewed,,,
KAWASAKI,VERSYS-X 300 ABS,VERSYS-X 300 ABS,N/A,unreviewed,,,
KAWASAKI,VERSYS-X 300 ABS CITY,VERSYS-X 300 ABS CITY,N/A,unreviewed,,,
KAWASAKI,VERSYS-X 300 ABS TOURING,VERSYS-X 300 ABS TOURING,N/A,unreviewed,,,
KAWASAKI,VERSYS-X300ABSTOURER,VERSYS-X300ABSTOURER,N/A,unreviewed,,,
KAWASAKI,VERSYS1000,VERSYS1000,N/A,unreviewed,,,
KAWASAKI,VERSYS1000 SE,VERSYS1000 SE,N/A,unreviewed,,,
KAWASAKI,VERSYS1000 STD,VERSYS1000 STD,N/A,unreviewed,,,
KAWASAKI,VERSYS650,VERSYS650,N/A,unreviewed,,,
KAWASAKI,VERSYS650ABSEDITION,VERSYS650ABSEDITION,N/A,unreviewed,,,
KAWASAKI,VICTORS,VICTORS,N/A,unreviewed,,,
KAWASAKI,VNT50D,VNT50D,N/A,unreviewed,,,
KAWASAKI,VULCAN CAFE,VULCAN CAFE,N/A,unreviewed,,,
KAWASAKI,VULCAN S,VULCAN S,N/A,unreviewed,,,
KAWASAKI,VULCAN S ABS,VULCAN S ABS,N/A,unreviewed,,,
KAWASAKI,VULCAN S CAFE,VULCAN S CAFE,N/A,unreviewed,,,
KAWASAKI,VULCAN S STD,VULCAN S STD,N/A,unreviewed,,,
KAWASAKI,W175,W175,N/A,unreviewed,,,
KAWASAKI,W175 CAFE,W175 CAFE,N/A,unreviewed,,,
KAWASAKI,W175 SE,W175 SE,N/A,unreviewed,,,
KAWASAKI,W230,W230,N/A,unreviewed,,,
KAWASAKI,W800,W800,N/A,unreviewed,,,
KAWASAKI,W800 CAFE,W800 CAFE,N/A,unreviewed,,,
KAWASAKI,W800 SE,W800 SE,N/A,unreviewed,,,
KAWASAKI,W800 STREET,W800 STREET,N/A,unreviewed,,,
KAWASAKI,W800SPECIALEDITION,W800SPECIALEDITION,N/A,unreviewed,,,
KAWASAKI,Z H2,Z H2,N/A,unreviewed,,,
KAWASAKI,Z1000,Z1000,N/A,unreviewed,,,
KAWASAKI,Z1000 ABS,Z1000 ABS,N/A,unreviewed,,,
KAWASAKI,Z125,Z125,N/A,unreviewed,,,
KAWASAKI,Z125 PRO,Z125 PRO,N/A,unreviewed,,,
KAWASAKI,Z125 PRO KRT EDITION,Z125 PRO KRT EDITION,N/A,unreviewed,,,
KAWASAKI,Z250,Z250,N/A,unreviewed,,,
KAWASAKI,Z250SL ABS,Z250SL ABS,N/A,unreviewed,,,
KAWASAKI,Z300 ABS,Z300 ABS,N/A,unreviewed,,,
KAWASAKI,Z400 ABS,Z400 ABS,N/A,unreviewed,,,
KAWASAKI,Z400 ABS SE,Z400 ABS SE,N/A,unreviewed,,,
KAWASAKI,Z500 SE,Z500 SE,N/A,unreviewed,,,
KAWASAKI,Z650,Z650,N/A,unreviewed,,,
KAWASAKI,Z650RS,Z650RS,N/A,unreviewed,,,
KAWASAKI,Z650RS 50TH ANNIVERSARY,Z650RS 50TH ANNIVERSARY,N/A,unreviewed,,,
KAWASAKI,Z900,Z900,N/A,unreviewed,,,
KAWASAKI,Z900 ABS,Z900 ABS,N/A,unreviewed,,,
KAWASAKI,Z900 ABS SE,Z900 ABS SE,N/A,unreviewed,,,
KAWASAKI,Z900 SE,Z900 SE,N/A,unreviewed,,,
KAWASAKI,Z900 SE ACC,Z900 SE ACC,N/A,unreviewed,,,
KAWASAKI,Z900 SPECIAL,Z900 SPECIAL,N/A,unreviewed,,,
KAWASAKI,Z900RS,Z900RS,N/A,unreviewed,,,
KAWASAKI,Z900RS SE,Z900RS SE,N/A,unreviewed,,,
KAWASAKI,ZR900BJF,ZR900BJF,N/A,unreviewed,,,
KCM,62Z7,62Z7,N/A,unreviewed,,,
KCM,90Z7,90Z7,N/A,unreviewed,,,
KEESTRACK,F6,F6,N/A,unreviewed,,,
KEESTRACK,F6 CR,F6 CR,N/A,unreviewed,,,
KEESTRACK,F8 CR,F8 CR,N/A,unreviewed,,,
KEESTRACK,F8CR,F8CR,N/A,unreviewed,,,
KEEWAY,GT270 ABS,GT270 ABS,N/A,unreviewed,,,
KEEWAY,GT270 EXTREAM,GT270 EXTREAM,N/A,unreviewed,,,
KEEWAY,JL200GY-3C,JL200GY-3C,N/A,unreviewed,,,
KEEWAY,JL200GY-4C,JL200GY-4C,N/A,unreviewed,,,
KEEWAY,K-LIGHT202,K-LIGHT202,N/A,unreviewed,,,
KEEWAY,QJ250-L,QJ250-L,N/A,unreviewed,,,
KEEWAY,SHINY 150,SHINY 150,N/A,unreviewed,,,
KEEWAY,V302C,V302C,N/A,unreviewed,,,
KEEWAY,VERSIRIA 150,VERSIRIA 150,N/A,unreviewed,,,
KEEWAY,VICTORIA 200,VICTORIA 200,N/A,unreviewed,,,
KENCHO,MD-50-2,MD-50-2,N/A,unreviewed,,,
KENCHO,MD-60,MD-60,N/A,unreviewed,,,
KEYTON,M70L EV,M70L EV,N/A,unreviewed,,,
KH,ZL20F,ZL20F,N/A,unreviewed,,,
KIA,CANIVAL,CANIVAL,N/A,unreviewed,,,
KIA,CARNIVAL,CARNIVAL,N/A,unreviewed,,,
KIA,CARNIVAL HEV 7P LUXURY,CARNIVAL HEV 7P LUXURY,N/A,unreviewed,,,
KIA,CARNIVAL HEV 7P PREMIUM,CARNIVAL HEV 7P PREMIUM,N/A,unreviewed,,,
KIA,EV5,EV5,N/A,unreviewed,,,
KIA,EV9 EARTH LONG RANGE,EV9,N/A,unreviewed,,,
KIA,EV9 GT LINE AWD,EV9,N/A,unreviewed,,,
KIA,EV9 GT-LINE,EV9,N/A,unreviewed,,,
KIA,GRAND CARNIVAL,GRAND CARNIVAL,N/A,unreviewed,,,
KIA,GRAND CARNIVAL 2.9L LX,GRAND CARNIVAL 2.9L LX,N/A,unreviewed,,,
KIA,K2500,K2500,N/A,unreviewed,,,
KIA,K2500(COOL BOX),K2500(COOL BOX),N/A,unreviewed,,,
KIA,K2500(DRY BOX),K2500(DRY BOX),N/A,unreviewed,,,
KIA,SORENTO,SORENTO,N/A,unreviewed,,,
KIA,SOUL,SOUL,N/A,unreviewed,,,
KIA,SOUL EV,SOUL EV,N/A,unreviewed,,,
KING LONG,DRACON,DRACON,N/A,unreviewed,,,
KING LONG,VENUS 3,VENUS 3,N/A,unreviewed,,,
KING TONI,FHR-1200,FHR-1200,N/A,unreviewed,,,
KING TONI,FHR-2000C,FHR-2000C,N/A,unreviewed,,,
KINKI ISHIKO,1820,1820,N/A,unreviewed,,,
KINZAN,RHD620 EU COMFORT,RHD620 EU COMFORT,N/A,unreviewed,,,
KIOTI,CK22,CK22,N/A,unreviewed,,,
KIOTI,CK2810,CK2810,N/A,unreviewed,,,
KIOTI,DK5010,DK5010,N/A,unreviewed,,,
KIOTI,DK5510,DK5510,N/A,unreviewed,,,
KIOTI,DK901,DK901,N/A,unreviewed,,,
KIOTI,DS3510,DS3510,N/A,unreviewed,,,
KIOTI,DS4110,DS4110,N/A,unreviewed,,,
KIOTI,DS4510,DS4510,N/A,unreviewed,,,
KIOTI,EX50,EX50,N/A,unreviewed,,,
KIOTI,PX1053,PX1053,N/A,unreviewed,,,
KIOTI,PX9020,PX9020,N/A,unreviewed,,,
KIOTI,PX9020-TH,PX9020-TH,N/A,unreviewed,,,
KIOTI,PX9020C,PX9020C,N/A,unreviewed,,,
KIOTI,RX6030C,RX6030C,N/A,unreviewed,,,
KIOTI,RX7620,RX7620,N/A,unreviewed,,,
KISSE,KEV1200,KEV1200,N/A,unreviewed,,,
KMT,5095,5095,N/A,unreviewed,,,
KOBELCO,7065,7065,N/A,unreviewed,,,
KOBELCO,7070-1F,7070-1F,N/A,unreviewed,,,
KOBELCO,BM700HD,BM700HD,N/A,unreviewed,,,
KOBELCO,BM800HD,BM800HD,N/A,unreviewed,,,
KOBELCO,CKS900,CKS900,N/A,unreviewed,,,
KOBELCO,SD380D-8,SD380D-8,N/A,unreviewed,,,
KOBELCO,SK 200,SK 200,N/A,unreviewed,,,
KOBELCO,SK-200,SK-200,N/A,unreviewed,,,
KOBELCO,SK030-2,SK030-2,N/A,unreviewed,,,
KOBELCO,SK035,SK035,N/A,unreviewed,,,
KOBELCO,SK042,SK042,N/A,unreviewed,,,
KOBELCO,SK045,SK045,N/A,unreviewed,,,
KOBELCO,SK045-2,SK045-2,N/A,unreviewed,,,
KOBELCO,SK045-N2,SK045-N2,N/A,unreviewed,,,
KOBELCO,SK100,SK100,N/A,unreviewed,,,
KOBELCO,SK100-1,SK100-1,N/A,unreviewed,,,
KOBELCO,SK100-2,SK100-2,N/A,unreviewed,,,
KOBELCO,SK100-3,SK100-3,N/A,unreviewed,,,
KOBELCO,SK100W-2,SK100W-2,N/A,unreviewed,,,
KOBELCO,SK115SR,SK115SR,N/A,unreviewed,,,
KOBELCO,SK115SR-1E,SK115SR-1E,N/A,unreviewed,,,
KOBELCO,SK115SR-1ES,SK115SR-1ES,N/A,unreviewed,,,
KOBELCO,SK120,SK120,N/A,unreviewed,,,
KOBELCO,SK120-1,SK120-1,N/A,unreviewed,,,
KOBELCO,SK120-2,SK120-2,N/A,unreviewed,,,
KOBELCO,SK120-3,SK120-3,N/A,unreviewed,,,
KOBELCO,SK120-5,SK120-5,N/A,unreviewed,,,
KOBELCO,SK1201,SK1201,N/A,unreviewed,,,
KOBELCO,SK120LC,SK120LC,N/A,unreviewed,,,
KOBELCO,SK120LC-1,SK120LC-1,N/A,unreviewed,,,
KOBELCO,SK120LC-3,SK120LC-3,N/A,unreviewed,,,
KOBELCO,SK125SR,SK125SR,N/A,unreviewed,,,
KOBELCO,SK125SR-2,SK125SR-2,N/A,unreviewed,,,
KOBELCO,SK125SR-3,SK125SR-3,N/A,unreviewed,,,
KOBELCO,SK125SR-5,SK125SR-5,N/A,unreviewed,,,
KOBELCO,SK130-10,SK130-10,N/A,unreviewed,,,
KOBELCO,SK130-10E,SK130-10E,N/A,unreviewed,,,
KOBELCO,SK130-8,SK130-8,N/A,unreviewed,,,
KOBELCO,SK130-8 SUPER X,SK130-8 SUPER X,N/A,unreviewed,,,
KOBELCO,SK130SR+-3,SK130SR+-3,N/A,unreviewed,,,
KOBELCO,SK130UR-1E,SK130UR-1E,N/A,unreviewed,,,
KOBELCO,SK135,SK135,N/A,unreviewed,,,
KOBELCO,SK135SR,SK135SR,N/A,unreviewed,,,
KOBELCO,SK135SR-1E,SK135SR-1E,N/A,unreviewed,,,
KOBELCO,SK135SR-1ES,SK135SR-1ES,N/A,unreviewed,,,
KOBELCO,SK135SR-2,SK135SR-2,N/A,unreviewed,,,
KOBELCO,SK135SR-3,SK135SR-3,N/A,unreviewed,,,
KOBELCO,SK135SR-3F,SK135SR-3F,N/A,unreviewed,,,
KOBELCO,SK135SR-5,SK135SR-5,N/A,unreviewed,,,
KOBELCO,SK135SRD-2,SK135SRD-2,N/A,unreviewed,,,
KOBELCO,SK135SRD-2T,SK135SRD-2T,N/A,unreviewed,,,
KOBELCO,SK135SRD-3,SK135SRD-3,N/A,unreviewed,,,
KOBELCO,SK135SRD-5,SK135SRD-5,N/A,unreviewed,,,
KOBELCO,SK135SRLC,SK135SRLC,N/A,unreviewed,,,
KOBELCO,SK135SRLC-2,SK135SRLC-2,N/A,unreviewed,,,
KOBELCO,SK135SRLC-3,SK135SRLC-3,N/A,unreviewed,,,
KOBELCO,SK140-8,SK140-8,N/A,unreviewed,,,
KOBELCO,SK140LC-11,SK140LC-11,N/A,unreviewed,,,
KOBELCO,SK140LC-8,SK140LC-8,N/A,unreviewed,,,
KOBELCO,SK140LC-8 SUPER,SK140LC-8 SUPER,N/A,unreviewed,,,
KOBELCO,SK140LC-8 SUPER X,SK140LC-8 SUPER X,N/A,unreviewed,,,
KOBELCO,SK140LC-8 SUPER XM,SK140LC-8 SUPER XM,N/A,unreviewed,,,
KOBELCO,SK200,SK200,N/A,unreviewed,,,
KOBELCO,SK200-1,SK200-1,N/A,unreviewed,,,
KOBELCO,SK200-10,SK200-10,N/A,unreviewed,,,
KOBELCO,SK200-10 SM,SK200-10 SM,N/A,unreviewed,,,
KOBELCO,SK200-10 SM X,SK200-10 SM X,N/A,unreviewed,,,
KOBELCO,SK200-2,SK200-2,N/A,unreviewed,,,
KOBELCO,SK200-3,SK200-3,N/A,unreviewed,,,
KOBELCO,SK200-6,SK200-6,N/A,unreviewed,,,
KOBELCO,SK200-6E,SK200-6E,N/A,unreviewed,,,
KOBELCO,SK200-6ES,SK200-6ES,N/A,unreviewed,,,
KOBELCO,SK200-8,SK200-8,N/A,unreviewed,,,
KOBELCO,SK200-8 SUPER,SK200-8 SUPER,N/A,unreviewed,,,
KOBELCO,SK200-8 SUPER X,SK200-8 SUPER X,N/A,unreviewed,,,
KOBELCO,SK200-8 SUPER XM,SK200-8 SUPER XM,N/A,unreviewed,,,
KOBELCO,SK200-9,SK200-9,N/A,unreviewed,,,
KOBELCO,SK200-VIS,SK200-VIS,N/A,unreviewed,,,
KOBELCO,SK200-VS,SK200-VS,N/A,unreviewed,,,
KOBELCO,SK200D-8,SK200D-8,N/A,unreviewed,,,
KOBELCO,SK200LC,SK200LC,N/A,unreviewed,,,
KOBELCO,SK200LC-3,SK200LC-3,N/A,unreviewed,,,
KOBELCO,SK200LC-6,SK200LC-6,N/A,unreviewed,,,
KOBELCO,SK200LC-6E,SK200LC-6E,N/A,unreviewed,,,
KOBELCO,SK200LC-6ES,SK200LC-6ES,N/A,unreviewed,,,
KOBELCO,SK200LC-8,SK200LC-8,N/A,unreviewed,,,
KOBELCO,SK200SR,SK200SR,N/A,unreviewed,,,
KOBELCO,SK200SR-1S,SK200SR-1S,N/A,unreviewed,,,
KOBELCO,SK200SR-IS,SK200SR-IS,N/A,unreviewed,,,
KOBELCO,SK200VI LC,SK200VI LC,N/A,unreviewed,,,
KOBELCO,SK20SR,SK20SR,N/A,unreviewed,,,
KOBELCO,SK20SR-2,SK20SR-2,N/A,unreviewed,,,
KOBELCO,SK210-8,SK210-8,N/A,unreviewed,,,
KOBELCO,SK210D-6E,SK210D-6E,N/A,unreviewed,,,
KOBELCO,SK210D-6ES,SK210D-6ES,N/A,unreviewed,,,
KOBELCO,SK210D-8,SK210D-8,N/A,unreviewed,,,
KOBELCO,SK210D-9,SK210D-9,N/A,unreviewed,,,
KOBELCO,SK210DLC-8,SK210DLC-8,N/A,unreviewed,,,
KOBELCO,SK210DLC-9,SK210DLC-9,N/A,unreviewed,,,
KOBELCO,SK210LC,SK210LC,N/A,unreviewed,,,
KOBELCO,SK210LC-10,SK210LC-10,N/A,unreviewed,,,
KOBELCO,SK210LC-6E,SK210LC-6E,N/A,unreviewed,,,
KOBELCO,SK210LC-8,SK210LC-8,N/A,unreviewed,,,
KOBELCO,SK210LC-8 SUPER,SK210LC-8 SUPER,N/A,unreviewed,,,
KOBELCO,SK210LC-8 SUPER X,SK210LC-8 SUPER X,N/A,unreviewed,,,
KOBELCO,SK210LC-8 SUPER XM,SK210LC-8 SUPER XM,N/A,unreviewed,,,
KOBELCO,SK210LC-9,SK210LC-9,N/A,unreviewed,,,
KOBELCO,SK220,SK220,N/A,unreviewed,,,
KOBELCO,SK225SR,SK225SR,N/A,unreviewed,,,
KOBELCO,SK225SR-3,SK225SR-3,N/A,unreviewed,,,
KOBELCO,SK230-6,SK230-6,N/A,unreviewed,,,
KOBELCO,SK235SR,SK235SR,N/A,unreviewed,,,
KOBELCO,SK235SR-1ES,SK235SR-1ES,N/A,unreviewed,,,
KOBELCO,SK235SRD-3,SK235SRD-3,N/A,unreviewed,,,
KOBELCO,SK235SRDLC-3,SK235SRDLC-3,N/A,unreviewed,,,
KOBELCO,SK250LCD-6ES,SK250LCD-6ES,N/A,unreviewed,,,
KOBELCO,SK260DLC-10,SK260DLC-10,N/A,unreviewed,,,
KOBELCO,SK260DLC-8,SK260DLC-8,N/A,unreviewed,,,
KOBELCO,SK260LC-10,SK260LC-10,N/A,unreviewed,,,
KOBELCO,SK260LC-8 SUPER,SK260LC-8 SUPER,N/A,unreviewed,,,
KOBELCO,SK260LC-8 SUPER X,SK260LC-8 SUPER X,N/A,unreviewed,,,
KOBELCO,SK30SR,SK30SR,N/A,unreviewed,,,
KOBELCO,SK320LC,SK320LC,N/A,unreviewed,,,
KOBELCO,SK330-10,SK330-10,N/A,unreviewed,,,
KOBELCO,SK330-8,SK330-8,N/A,unreviewed,,,
KOBELCO,SK330-9,SK330-9,N/A,unreviewed,,,
KOBELCO,SK35,SK35,N/A,unreviewed,,,
KOBELCO,SK35SR-5,SK35SR-5,N/A,unreviewed,,,
KOBELCO,SK35SR-6,SK35SR-6,N/A,unreviewed,,,
KOBELCO,SK380XDLC-10,SK380XDLC-10,N/A,unreviewed,,,
KOBELCO,SK40SR,SK40SR,N/A,unreviewed,,,
KOBELCO,SK40SR-3,SK40SR-3,N/A,unreviewed,,,
KOBELCO,SK40SR-5,SK40SR-5,N/A,unreviewed,,,
KOBELCO,SK45SR,SK45SR,N/A,unreviewed,,,
KOBELCO,SK45SR-6,SK45SR-6,N/A,unreviewed,,,
KOBELCO,SK45SR-6E,SK45SR-6E,N/A,unreviewed,,,
KOBELCO,SK470-9,SK470-9,N/A,unreviewed,,,
KOBELCO,SK480LC-8,SK480LC-8,N/A,unreviewed,,,
KOBELCO,SK50P-6,SK50P-6,N/A,unreviewed,,,
KOBELCO,SK50UR-2,SK50UR-2,N/A,unreviewed,,,
KOBELCO,SK55-C,SK55-C,N/A,unreviewed,,,
KOBELCO,SK55SR,SK55SR,N/A,unreviewed,,,
KOBELCO,SK55SR-5,SK55SR-5,N/A,unreviewed,,,
KOBELCO,SK60,SK60,N/A,unreviewed,,,
KOBELCO,SK60-1,SK60-1,N/A,unreviewed,,,
KOBELCO,SK60-10,SK60-10,N/A,unreviewed,,,
KOBELCO,SK60-2,SK60-2,N/A,unreviewed,,,
KOBELCO,SK60-3,SK60-3,N/A,unreviewed,,,
KOBELCO,SK60-8,SK60-8,N/A,unreviewed,,,
KOBELCO,SK60-C,SK60-C,N/A,unreviewed,,,
KOBELCO,SK60SR,SK60SR,N/A,unreviewed,,,
KOBELCO,SK60SR-1E,SK60SR-1E,N/A,unreviewed,,,
KOBELCO,SK70SR,SK70SR,N/A,unreviewed,,,
KOBELCO,SK70SR-1ES,SK70SR-1ES,N/A,unreviewed,,,
KOBELCO,SK70SR-2,SK70SR-2,N/A,unreviewed,,,
KOBELCO,SK70UR-3ES,SK70UR-3ES,N/A,unreviewed,,,
KOBELCO,SK75,SK75,N/A,unreviewed,,,
KOBELCO,SK75-11,SK75-11,N/A,unreviewed,,,
KOBELCO,SK75-8,SK75-8,N/A,unreviewed,,,
KOBELCO,SK75SR-3,SK75SR-3,N/A,unreviewed,,,
KOBELCO,SK75SR-3E,SK75SR-3E,N/A,unreviewed,,,
KOBELCO,SK75SRD-3E,SK75SRD-3E,N/A,unreviewed,,,
KOBELCO,SK75UR-3,SK75UR-3,N/A,unreviewed,,,
KOBELCO,SK75UR-3E,SK75UR-3E,N/A,unreviewed,,,
KOBELCO,SK75UR-3ES,SK75UR-3ES,N/A,unreviewed,,,
KOBELCO,SK75UR-5,SK75UR-5,N/A,unreviewed,,,
KOBELCO,SK95UR,SK95UR,N/A,unreviewed,,,
KOMATSU,0PC200-6,0PC200-6,N/A,unreviewed,,,
KOMATSU,128US-2,128US-2,N/A,unreviewed,,,
KOMATSU,507,507,N/A,unreviewed,,,
KOMATSU,510,510,N/A,unreviewed,,,
KOMATSU,515,515,N/A,unreviewed,,,
KOMATSU,515-2,515-2,N/A,unreviewed,,,
KOMATSU,530,530,N/A,unreviewed,,,
KOMATSU,D20P-6,D20P-6,N/A,unreviewed,,,
KOMATSU,D20P-7,D20P-7,N/A,unreviewed,,,
KOMATSU,D20P-7E,D20P-7E,N/A,unreviewed,,,
KOMATSU,D20P-8,D20P-8,N/A,unreviewed,,,
KOMATSU,D20P-8EO,D20P-8EO,N/A,unreviewed,,,
KOMATSU,D20PL-7E,D20PL-7E,N/A,unreviewed,,,
KOMATSU,D21P-7E,D21P-7E,N/A,unreviewed,,,
KOMATSU,D21P-8,D21P-8,N/A,unreviewed,,,
KOMATSU,D21P-8E0,D21P-8E0,N/A,unreviewed,,,
KOMATSU,D31P-20,D31P-20,N/A,unreviewed,,,
KOMATSU,D31PX-21,D31PX-21,N/A,unreviewed,,,
KOMATSU,D31PX-22,D31PX-22,N/A,unreviewed,,,
KOMATSU,D37PX-23,D37PX-23,N/A,unreviewed,,,
KOMATSU,D39EX-22,D39EX-22,N/A,unreviewed,,,
KOMATSU,D39PX-22,D39PX-22,N/A,unreviewed,,,
KOMATSU,D39PX-23,D39PX-23,N/A,unreviewed,,,
KOMATSU,D41E-6,D41E-6,N/A,unreviewed,,,
KOMATSU,D41P-6                200,D41P-6                200,N/A,unreviewed,,,
KOMATSU,D41P-6E0,D41P-6E0,N/A,unreviewed,,,
KOMATSU,D60-3,D60-3,N/A,unreviewed,,,
KOMATSU,D60P,D60P,N/A,unreviewed,,,
KOMATSU,D60P-6,D60P-6,N/A,unreviewed,,,
KOMATSU,D60PL,D60PL,N/A,unreviewed,,,
KOMATSU,D65E-12,D65E-12,N/A,unreviewed,,,
KOMATSU,D65EX-16,D65EX-16,N/A,unreviewed,,,
KOMATSU,D85EX-15R,D85EX-15R,N/A,unreviewed,,,
KOMATSU,FD430-2,FD430-2,N/A,unreviewed,,,
KOMATSU,FD45T-10,FD45T-10,N/A,unreviewed,,,
KOMATSU,GC380F-2,GC380F-2,N/A,unreviewed,,,
KOMATSU,GD355A-3,GD355A-3,N/A,unreviewed,,,
KOMATSU,GD37-4H,GD37-4H,N/A,unreviewed,,,
KOMATSU,GD405A-1,GD405A-1,N/A,unreviewed,,,
KOMATSU,GD405A-2,GD405A-2,N/A,unreviewed,,,
KOMATSU,GD405A-3,GD405A-3,N/A,unreviewed,,,
KOMATSU,GD405A-3Y,GD405A-3Y,N/A,unreviewed,,,
KOMATSU,GD505A-3,GD505A-3,N/A,unreviewed,,,
KOMATSU,GD511A-1,GD511A-1,N/A,unreviewed,,,
KOMATSU,GD555-5,GD555-5,N/A,unreviewed,,,
KOMATSU,GD605A-5,GD605A-5,N/A,unreviewed,,,
KOMATSU,GD623A-1,GD623A-1,N/A,unreviewed,,,
KOMATSU,GD655-3EO,GD655-3EO,N/A,unreviewed,,,
KOMATSU,GD655-5,GD655-5,N/A,unreviewed,,,
KOMATSU,GD705R-1A,GD705R-1A,N/A,unreviewed,,,
KOMATSU,GH320-2,GH320-2,N/A,unreviewed,,,
KOMATSU,GH320-2E,GH320-2E,N/A,unreviewed,,,
KOMATSU,HB205,HB205,N/A,unreviewed,,,
KOMATSU,HB205-2,HB205-2,N/A,unreviewed,,,
KOMATSU,HB215-2,HB215-2,N/A,unreviewed,,,
KOMATSU,JH30B,JH30B,N/A,unreviewed,,,
KOMATSU,JM120,JM120,N/A,unreviewed,,,
KOMATSU,JV100WA-2,JV100WA-2,N/A,unreviewed,,,
KOMATSU,JV25CW-1,JV25CW-1,N/A,unreviewed,,,
KOMATSU,JV25CW-2,JV25CW-2,N/A,unreviewed,,,
KOMATSU,JV40C,JV40C,N/A,unreviewed,,,
KOMATSU,JV40CW-2A,JV40CW-2A,N/A,unreviewed,,,
KOMATSU,JV40CW-3,JV40CW-3,N/A,unreviewed,,,
KOMATSU,JV40CW-5,JV40CW-5,N/A,unreviewed,,,
KOMATSU,JW200,JW200,N/A,unreviewed,,,
KOMATSU,JW210,JW210,N/A,unreviewed,,,
KOMATSU,JW215,JW215,N/A,unreviewed,,,
KOMATSU,LZ360W-1,LZ360W-1,N/A,unreviewed,,,
KOMATSU,PC110-7,PC110-7,N/A,unreviewed,,,
KOMATSU,PC120-11,PC120-11,N/A,unreviewed,,,
KOMATSU,PC120-5,PC120-5,N/A,unreviewed,,,
KOMATSU,PC120-5S,PC120-5S,N/A,unreviewed,,,
KOMATSU,PC120-5W,PC120-5W,N/A,unreviewed,,,
KOMATSU,PC120-6,PC120-6,N/A,unreviewed,,,
KOMATSU,PC120-6E,PC120-6E,N/A,unreviewed,,,
KOMATSU,PC120-6E0,PC120-6E0,N/A,unreviewed,,,
KOMATSU,PC120-6EO,PC120-6EO,N/A,unreviewed,,,
KOMATSU,PC120-6M,PC120-6M,N/A,unreviewed,,,
KOMATSU,PC120-6Z,PC120-6Z,N/A,unreviewed,,,
KOMATSU,PC120-6ZE,PC120-6ZE,N/A,unreviewed,,,
KOMATSU,PC120-8,PC120-8,N/A,unreviewed,,,
KOMATSU,PC120SC-6E,PC120SC-6E,N/A,unreviewed,,,
KOMATSU,PC128US-10,PC128US-10,N/A,unreviewed,,,
KOMATSU,PC128US-11,PC128US-11,N/A,unreviewed,,,
KOMATSU,PC128US-2,PC128US-2,N/A,unreviewed,,,
KOMATSU,PC128US-2E0,PC128US-2E0,N/A,unreviewed,,,
KOMATSU,PC128US-2E1,PC128US-2E1,N/A,unreviewed,,,
KOMATSU,PC128US-8,PC128US-8,N/A,unreviewed,,,
KOMATSU,PC128UU-1,PC128UU-1,N/A,unreviewed,,,
KOMATSU,PC128UU-1E,PC128UU-1E,N/A,unreviewed,,,
KOMATSU,PC130-10M0,PC130-10M0,N/A,unreviewed,,,
KOMATSU,PC130-6E,PC130-6E,N/A,unreviewed,,,
KOMATSU,PC130-6K,PC130-6K,N/A,unreviewed,,,
KOMATSU,PC130-7,PC130-7,N/A,unreviewed,,,
KOMATSU,PC130-7K,PC130-7K,N/A,unreviewed,,,
KOMATSU,PC130-8,PC130-8,N/A,unreviewed,,,
KOMATSU,PC130-8(SLF),PC130-8(SLF),N/A,unreviewed,,,
KOMATSU,PC130-8M0,PC130-8M0,N/A,unreviewed,,,
KOMATSU,PC138US,PC138US,N/A,unreviewed,,,
KOMATSU,PC138US-10,PC138US-10,N/A,unreviewed,,,
KOMATSU,PC138US-2,PC138US-2,N/A,unreviewed,,,
KOMATSU,PC138US-2E0,PC138US-2E0,N/A,unreviewed,,,
KOMATSU,PC138US-2E1,PC138US-2E1,N/A,unreviewed,,,
KOMATSU,PC138US-8,PC138US-8,N/A,unreviewed,,,
KOMATSU,PC138USLC-8,PC138USLC-8,N/A,unreviewed,,,
KOMATSU,PC150-5,PC150-5,N/A,unreviewed,,,
KOMATSU,PC150LC-3,PC150LC-3,N/A,unreviewed,,,
KOMATSU,PC160LC-7,PC160LC-7,N/A,unreviewed,,,
KOMATSU,PC160LC-8,PC160LC-8,N/A,unreviewed,,,
KOMATSU,PC170LC-10,PC170LC-10,N/A,unreviewed,,,
KOMATSU,PC18MR-2,PC18MR-2,N/A,unreviewed,,,
KOMATSU,PC20-7E,PC20-7E,N/A,unreviewed,,,
KOMATSU,PC200-10,PC200-10,N/A,unreviewed,,,
KOMATSU,PC200-10M0,PC200-10M0,N/A,unreviewed,,,
KOMATSU,PC200-10M0 STD,PC200-10M0 STD,N/A,unreviewed,,,
KOMATSU,PC200-11,PC200-11,N/A,unreviewed,,,
KOMATSU,PC200-5,PC200-5,N/A,unreviewed,,,
KOMATSU,PC200-6,PC200-6,N/A,unreviewed,,,
KOMATSU,PC200-7,PC200-7,N/A,unreviewed,,,
KOMATSU,PC200-7A,PC200-7A,N/A,unreviewed,,,
KOMATSU,PC200-7A (SLF),PC200-7A (SLF),N/A,unreviewed,,,
KOMATSU,PC200-8,PC200-8,N/A,unreviewed,,,
KOMATSU,PC200-8 (SLF),PC200-8 (SLF),N/A,unreviewed,,,
KOMATSU,PC200-8(SLF),PC200-8(SLF),N/A,unreviewed,,,
KOMATSU,PC200-8A,PC200-8A,N/A,unreviewed,,,
KOMATSU,PC200-8A (SLF),PC200-8A (SLF),N/A,unreviewed,,,
KOMATSU,PC200-8M0,PC200-8M0,N/A,unreviewed,,,
KOMATSU,PC200-8MO,PC200-8MO,N/A,unreviewed,,,
KOMATSU,PC200-8N1,PC200-8N1,N/A,unreviewed,,,
KOMATSU,PC200I-10,PC200I-10,N/A,unreviewed,,,
KOMATSU,PC200LC-10,PC200LC-10,N/A,unreviewed,,,
KOMATSU,PC200LC-7,PC200LC-7,N/A,unreviewed,,,
KOMATSU,PC200LC-8,PC200LC-8,N/A,unreviewed,,,
KOMATSU,PC200LC-8(SLF),PC200LC-8(SLF),N/A,unreviewed,,,
KOMATSU,PC200LC-8M0,PC200LC-8M0,N/A,unreviewed,,,
KOMATSU,PC200LC-8M0(SLF),PC200LC-8M0(SLF),N/A,unreviewed,,,
KOMATSU,PC200LC-8N1,PC200LC-8N1,N/A,unreviewed,,,
KOMATSU,PC200SC-6E,PC200SC-6E,N/A,unreviewed,,,
KOMATSU,PC210-10M0,PC210-10M0,N/A,unreviewed,,,
KOMATSU,PC210-8,PC210-8,N/A,unreviewed,,,
KOMATSU,PC210LC-10M0,PC210LC-10M0,N/A,unreviewed,,,
KOMATSU,PC210LC-7,PC210LC-7,N/A,unreviewed,,,
KOMATSU,PC210LC-7K,PC210LC-7K,N/A,unreviewed,,,
KOMATSU,PC210LC-8,PC210LC-8,N/A,unreviewed,,,
KOMATSU,PC220-8,PC220-8,N/A,unreviewed,,,
KOMATSU,PC220LC-10,PC220LC-10,N/A,unreviewed,,,
KOMATSU,PC220LC-8N1,PC220LC-8N1,N/A,unreviewed,,,
KOMATSU,PC225LC-10M0,PC225LC-10M0,N/A,unreviewed,,,
KOMATSU,PC228US-2,PC228US-2,N/A,unreviewed,,,
KOMATSU,PC228US-3,PC228US-3,N/A,unreviewed,,,
KOMATSU,PC228US-3E0,PC228US-3E0,N/A,unreviewed,,,
KOMATSU,PC228US-3N0,PC228US-3N0,N/A,unreviewed,,,
KOMATSU,PC228US-3NO,PC228US-3NO,N/A,unreviewed,,,
KOMATSU,PC25R-8,PC25R-8,N/A,unreviewed,,,
KOMATSU,PC28UU-2,PC28UU-2,N/A,unreviewed,,,
KOMATSU,PC28UU-2E,PC28UU-2E,N/A,unreviewed,,,
KOMATSU,PC30-3,PC30-3,N/A,unreviewed,,,
KOMATSU,PC30-5,PC30-5,N/A,unreviewed,,,
KOMATSU,PC30-6,PC30-6,N/A,unreviewed,,,
KOMATSU,PC30-7,PC30-7,N/A,unreviewed,,,
KOMATSU,PC30-7E,PC30-7E,N/A,unreviewed,,,
KOMATSU,PC300-8,PC300-8,N/A,unreviewed,,,
KOMATSU,PC300-8M0,PC300-8M0,N/A,unreviewed,,,
KOMATSU,PC300LC-6LC,PC300LC-6LC,N/A,unreviewed,,,
KOMATSU,PC307,PC307,N/A,unreviewed,,,
KOMATSU,PC30MR,PC30MR,N/A,unreviewed,,,
KOMATSU,PC30MR-1,PC30MR-1,N/A,unreviewed,,,
KOMATSU,PC30MR-2,PC30MR-2,N/A,unreviewed,,,
KOMATSU,PC30MR-3,PC30MR-3,N/A,unreviewed,,,
KOMATSU,PC30MR-3N1,PC30MR-3N1,N/A,unreviewed,,,
KOMATSU,PC30MR-5,PC30MR-5,N/A,unreviewed,,,
KOMATSU,PC30UU-3,PC30UU-3,N/A,unreviewed,,,
KOMATSU,PC350-8,PC350-8,N/A,unreviewed,,,
KOMATSU,PC350-8M0,PC350-8M0,N/A,unreviewed,,,
KOMATSU,PC350-8M2,PC350-8M2,N/A,unreviewed,,,
KOMATSU,PC350LC-8M2,PC350LC-8M2,N/A,unreviewed,,,
KOMATSU,PC350NLC-8,PC350NLC-8,N/A,unreviewed,,,
KOMATSU,PC35MR-1,PC35MR-1,N/A,unreviewed,,,
KOMATSU,PC35MR-2,PC35MR-2,N/A,unreviewed,,,
KOMATSU,PC35MR-3,PC35MR-3,N/A,unreviewed,,,
KOMATSU,PC35R-8,PC35R-8,N/A,unreviewed,,,
KOMATSU,PC38UUM-2,PC38UUM-2,N/A,unreviewed,,,
KOMATSU,PC40-7,PC40-7,N/A,unreviewed,,,
KOMATSU,PC40-7E,PC40-7E,N/A,unreviewed,,,
KOMATSU,PC400-5,PC400-5,N/A,unreviewed,,,
KOMATSU,PC40MR-1,PC40MR-1,N/A,unreviewed,,,
KOMATSU,PC40MR-1F,PC40MR-1F,N/A,unreviewed,,,
KOMATSU,PC40MR-2,PC40MR-2,N/A,unreviewed,,,
KOMATSU,PC40MR-3,PC40MR-3,N/A,unreviewed,,,
KOMATSU,PC40R-8,PC40R-8,N/A,unreviewed,,,
KOMATSU,PC45-1,PC45-1,N/A,unreviewed,,,
KOMATSU,PC45-1E,PC45-1E,N/A,unreviewed,,,
KOMATSU,PC450LC-6,PC450LC-6,N/A,unreviewed,,,
KOMATSU,PC450LC-8R,PC450LC-8R,N/A,unreviewed,,,
KOMATSU,PC45MR-1,PC45MR-1,N/A,unreviewed,,,
KOMATSU,PC45MR-3,PC45MR-3,N/A,unreviewed,,,
KOMATSU,PC45MR-5,PC45MR-5,N/A,unreviewed,,,
KOMATSU,PC500LC-10R,PC500LC-10R,N/A,unreviewed,,,
KOMATSU,PC50MR-2,PC50MR-2,N/A,unreviewed,,,
KOMATSU,PC50US-6NO,PC50US-6NO,N/A,unreviewed,,,
KOMATSU,PC50UU-1,PC50UU-1,N/A,unreviewed,,,
KOMATSU,PC50UU-2,PC50UU-2,N/A,unreviewed,,,
KOMATSU,PC50UU-2E,PC50UU-2E,N/A,unreviewed,,,
KOMATSU,PC55MR-2,PC55MR-2,N/A,unreviewed,,,
KOMATSU,PC55MR-3,PC55MR-3,N/A,unreviewed,,,
KOMATSU,PC56-7,PC56-7,N/A,unreviewed,,,
KOMATSU,PC58,PC58,N/A,unreviewed,,,
KOMATSU,PC58-8,PC58-8,N/A,unreviewed,,,
KOMATSU,PC58UU-3E0,PC58UU-3E0,N/A,unreviewed,,,
KOMATSU,PC60-5,PC60-5,N/A,unreviewed,,,
KOMATSU,PC60-6,PC60-6,N/A,unreviewed,,,
KOMATSU,PC60-7,PC60-7,N/A,unreviewed,,,
KOMATSU,PC60-7B,PC60-7B,N/A,unreviewed,,,
KOMATSU,PC60-7C,PC60-7C,N/A,unreviewed,,,
KOMATSU,PC60-7E,PC60-7E,N/A,unreviewed,,,
KOMATSU,PC60-8,PC60-8,N/A,unreviewed,,,
KOMATSU,PC600-8R1,PC600-8R1,N/A,unreviewed,,,
KOMATSU,PC607,PC607,N/A,unreviewed,,,
KOMATSU,PC70,PC70,N/A,unreviewed,,,
KOMATSU,PC70-7,PC70-7,N/A,unreviewed,,,
KOMATSU,PC70-7C,PC70-7C,N/A,unreviewed,,,
KOMATSU,PC70-8,PC70-8,N/A,unreviewed,,,
KOMATSU,PC70-8 BLD,PC70-8 BLD,N/A,unreviewed,,,
KOMATSU,PC75UU-3,PC75UU-3,N/A,unreviewed,,,
KOMATSU,PC75UU-3C,PC75UU-3C,N/A,unreviewed,,,
KOMATSU,PC78US-10,PC78US-10,N/A,unreviewed,,,
KOMATSU,PC78US-6,PC78US-6,N/A,unreviewed,,,
KOMATSU,PC78US-6N0,PC78US-6N0,N/A,unreviewed,,,
KOMATSU,PC78US-6NO,PC78US-6NO,N/A,unreviewed,,,
KOMATSU,PC78US-8,PC78US-8,N/A,unreviewed,,,
KOMATSU,PC78UU-6,PC78UU-6,N/A,unreviewed,,,
KOMATSU,PC78UU-6EO,PC78UU-6EO,N/A,unreviewed,,,
KOMATSU,PW100-3,PW100-3,N/A,unreviewed,,,
KOMATSU,PW100-3A,PW100-3A,N/A,unreviewed,,,
KOMATSU,PW128UU-1,PW128UU-1,N/A,unreviewed,,,
KOMATSU,PW130-6,PW130-6,N/A,unreviewed,,,
KOMATSU,PW130-7K,PW130-7K,N/A,unreviewed,,,
KOMATSU,PW130ES-6K,PW130ES-6K,N/A,unreviewed,,,
KOMATSU,PW140-7,PW140-7,N/A,unreviewed,,,
KOMATSU,PW150ES-6K,PW150ES-6K,N/A,unreviewed,,,
KOMATSU,PW160-7,PW160-7,N/A,unreviewed,,,
KOMATSU,PW160-7E0,PW160-7E0,N/A,unreviewed,,,
KOMATSU,PW180-7K,PW180-7K,N/A,unreviewed,,,
KOMATSU,PW20-1,PW20-1,N/A,unreviewed,,,
KOMATSU,PW200-7,PW200-7,N/A,unreviewed,,,
KOMATSU,W100,W100,N/A,unreviewed,,,
KOMATSU,WA100-1,WA100-1,N/A,unreviewed,,,
KOMATSU,WA100-3,WA100-3,N/A,unreviewed,,,
KOMATSU,WA100-3E,WA100-3E,N/A,unreviewed,,,
KOMATSU,WA100-3F,WA100-3F,N/A,unreviewed,,,
KOMATSU,WA100-5,WA100-5,N/A,unreviewed,,,
KOMATSU,WA100-6,WA100-6,N/A,unreviewed,,,
KOMATSU,WA100-7,WA100-7,N/A,unreviewed,,,
KOMATSU,WA100-8,WA100-8,N/A,unreviewed,,,
KOMATSU,WA100M-3,WA100M-3,N/A,unreviewed,,,
KOMATSU,WA120-3,WA120-3,N/A,unreviewed,,,
KOMATSU,WA150-1,WA150-1,N/A,unreviewed,,,
KOMATSU,WA150-3,WA150-3,N/A,unreviewed,,,
KOMATSU,WA150-3E,WA150-3E,N/A,unreviewed,,,
KOMATSU,WA150-5,WA150-5,N/A,unreviewed,,,
KOMATSU,WA150-6,WA150-6,N/A,unreviewed,,,
KOMATSU,WA180,WA180,N/A,unreviewed,,,
KOMATSU,WA180-3A,WA180-3A,N/A,unreviewed,,,
KOMATSU,WA200-1,WA200-1,N/A,unreviewed,,,
KOMATSU,WA200-3,WA200-3,N/A,unreviewed,,,
KOMATSU,WA200-3E,WA200-3E,N/A,unreviewed,,,
KOMATSU,WA200-5,WA200-5,N/A,unreviewed,,,
KOMATSU,WA200-5Y,WA200-5Y,N/A,unreviewed,,,
KOMATSU,WA200-6,WA200-6,N/A,unreviewed,,,
KOMATSU,WA200-6Y,WA200-6Y,N/A,unreviewed,,,
KOMATSU,WA200-7,WA200-7,N/A,unreviewed,,,
KOMATSU,WA200-8,WA200-8,N/A,unreviewed,,,
KOMATSU,WA270-5,WA270-5,N/A,unreviewed,,,
KOMATSU,WA270-5Y,WA270-5Y,N/A,unreviewed,,,
KOMATSU,WA270-6,WA270-6,N/A,unreviewed,,,
KOMATSU,WA270-7,WA270-7,N/A,unreviewed,,,
KOMATSU,WA270-8,WA270-8,N/A,unreviewed,,,
KOMATSU,WA30-1,WA30-1,N/A,unreviewed,,,
KOMATSU,WA300,WA300,N/A,unreviewed,,,
KOMATSU,WA300-1,WA300-1,N/A,unreviewed,,,
KOMATSU,WA300-3,WA300-3,N/A,unreviewed,,,
KOMATSU,WA300-3E,WA300-3E,N/A,unreviewed,,,
KOMATSU,WA320-3,WA320-3,N/A,unreviewed,,,
KOMATSU,WA320-3A,WA320-3A,N/A,unreviewed,,,
KOMATSU,WA320-5,WA320-5,N/A,unreviewed,,,
KOMATSU,WA320-6,WA320-6,N/A,unreviewed,,,
KOMATSU,WA320-7,WA320-7,N/A,unreviewed,,,
KOMATSU,WA320-8,WA320-8,N/A,unreviewed,,,
KOMATSU,WA350-1,WA350-1,N/A,unreviewed,,,
KOMATSU,WA350-3,WA350-3,N/A,unreviewed,,,
KOMATSU,WA350-3E,WA350-3E,N/A,unreviewed,,,
KOMATSU,WA3501,WA3501,N/A,unreviewed,,,
KOMATSU,WA380-3,WA380-3,N/A,unreviewed,,,
KOMATSU,WA380-3A,WA380-3A,N/A,unreviewed,,,
KOMATSU,WA380-5,WA380-5,N/A,unreviewed,,,
KOMATSU,WA380-5T,WA380-5T,N/A,unreviewed,,,
KOMATSU,WA380-6,WA380-6,N/A,unreviewed,,,
KOMATSU,WA380-7,WA380-7,N/A,unreviewed,,,
KOMATSU,WA380-7N0,WA380-7N0,N/A,unreviewed,,,
KOMATSU,WA380-8,WA380-8,N/A,unreviewed,,,
KOMATSU,WA380Z-6,WA380Z-6,N/A,unreviewed,,,
KOMATSU,WA40-3E,WA40-3E,N/A,unreviewed,,,
KOMATSU,WA400-1,WA400-1,N/A,unreviewed,,,
KOMATSU,WA400-3,WA400-3,N/A,unreviewed,,,
KOMATSU,WA400-3E,WA400-3E,N/A,unreviewed,,,
KOMATSU,WA430-5,WA430-5,N/A,unreviewed,,,
KOMATSU,WA430-6,WA430-6,N/A,unreviewed,,,
KOMATSU,WA470-10,WA470-10,N/A,unreviewed,,,
KOMATSU,WA470-5,WA470-5,N/A,unreviewed,,,
KOMATSU,WA470-6,WA470-6,N/A,unreviewed,,,
KOMATSU,WA470-6R,WA470-6R,N/A,unreviewed,,,
KOMATSU,WA470-7,WA470-7,N/A,unreviewed,,,
KOMATSU,WA470-8,WA470-8,N/A,unreviewed,,,
KOMATSU,WA480-5,WA480-5,N/A,unreviewed,,,
KOMATSU,WA50-6,WA50-6,N/A,unreviewed,,,
KOMATSU,WA500-1,WA500-1,N/A,unreviewed,,,
KOMATSU,WA500-3,WA500-3,N/A,unreviewed,,,
KOMATSU,WA500-6,WA500-6,N/A,unreviewed,,,
KOMATSU,WA500-7,WA500-7,N/A,unreviewed,,,
KOMATSU,WA500-8,WA500-8,N/A,unreviewed,,,
KOMATSU,WA80-3,WA80-3,N/A,unreviewed,,,
KOMATSU,WB93R-2,WB93R-2,N/A,unreviewed,,,
KOMATSU,WF350-1,WF350-1,N/A,unreviewed,,,
KOMATSU,WF450T-1,WF450T-1,N/A,unreviewed,,,
KOMATSU,WR8-1,WR8-1,N/A,unreviewed,,,
KRONOS,HYDRA-S,HYDRA-S,N/A,unreviewed,,,
KTM,1090 ADVENTURE,1090 Adventure,N/A,unreviewed,,,
KTM,1190 ADVENTURE R,1190 ADVENTURE R,N/A,unreviewed,,,
KTM,1290 SUPER ADVENTURE,1290 SUPER ADVENTURE,N/A,unreviewed,,,
KTM,1290 SUPER ADVENTURE R,1290 Super Adventure R,N/A,unreviewed,,,
KTM,1290 SUPER ADVENTURE S,1290 Super Adventure S,N/A,unreviewed,,,
KTM,1290 SUPER DUKE GT,1290 Super Duke GT,N/A,unreviewed,,,
KTM,1290 SUPER DUKE R,1290 SUPER DUKE R,N/A,unreviewed,,,
KTM,200 DUKE,200 DUKE,N/A,unreviewed,,,
KTM,250 DUKE,250 DUKE,N/A,unreviewed,,,
KTM,300 EXC SIX DAYS,300 EXC SIX DAYS,N/A,unreviewed,,,
KTM,350 EXC-F FACTORY EDITION,350 EXC-F FACTORY EDITION,N/A,unreviewed,,,
KTM,350 EXC-F SIX DAYS,350 EXC-F SIX DAYS,N/A,unreviewed,,,
KTM,350 EXC-F SIXDAYS,350 EXC-F SIXDAYS,N/A,unreviewed,,,
KTM,390 ADVENTURE,390 ADVENTURE,N/A,unreviewed,,,
KTM,390 DUKE,390 DUKE,N/A,unreviewed,,,
KTM,450EXC-F SIX DAYS,450EXC-F SIX DAYS,N/A,unreviewed,,,
KTM,690 DUKE R,690 DUKE R,N/A,unreviewed,,,
KTM,790 ADVENTURE,790 ADVENTURE,N/A,unreviewed,,,
KTM,790 ADVENTURE R,790 ADVENTURE R,N/A,unreviewed,,,
KTM,790 DUKE,790 DUKE,N/A,unreviewed,,,
KTM,890 ADVENTURE R,890 ADVENTURE R,N/A,unreviewed,,,
KTM,890 DUKE R,890 DUKE R,N/A,unreviewed,,,
KTM,KTM RC200,KTM RC200,N/A,unreviewed,,,
KTM,KTM200DUKE ABS,KTM200DUKE ABS,N/A,unreviewed,,,
KTM,RC 250,RC 250,N/A,unreviewed,,,
KTM,RC390,RC390,N/A,unreviewed,,,
KUBOTA,-3C TH H NBK,-3C TH H NBK,N/A,unreviewed,,,
KUBOTA,040SU HILUG,040SU HILUG,N/A,unreviewed,,,
KUBOTA,91-3C TH H NBK,91-3C TH H NBK,N/A,unreviewed,,,
KUBOTA,91-3S2TH HSPLA NBK,91-3S2TH HSPLA NBK,N/A,unreviewed,,,
KUBOTA,B2140,B2140,N/A,unreviewed,,,
KUBOTA,B2140D,B2140D,N/A,unreviewed,,,
KUBOTA,B2140D(6C517-11110),B2140D(6C517-11110),N/A,unreviewed,,,
KUBOTA,B2140SD (6C617-11100),B2140SD (6C617-11100),N/A,unreviewed,,,
KUBOTA,B2140SD (6C617-11110),B2140SD (6C617-11110),N/A,unreviewed,,,
KUBOTA,B2401D-THA (6C657-11000),B2401D-THA (6C657-11000),N/A,unreviewed,,,
KUBOTA,B2401DWO-USA,B2401DWO-USA,N/A,unreviewed,,,
KUBOTA,B2420D-THA,B2420D-THA,N/A,unreviewed,,,
KUBOTA,B2440,B2440,N/A,unreviewed,,,
KUBOTA,B2440D,B2440D,N/A,unreviewed,,,
KUBOTA,B2440D (6C527-11000),B2440D (6C527-11000),N/A,unreviewed,,,
KUBOTA,B2440D(6C527-11000),B2440D(6C527-11000),N/A,unreviewed,,,
KUBOTA,B2440SD (6C627-11000),B2440SD (6C627-11000),N/A,unreviewed,,,
KUBOTA,B2440SPD (6F337-11000),B2440SPD (6F337-11000),N/A,unreviewed,,,
KUBOTA,B2440SPDN (6F337-11110),B2440SPDN (6F337-11110),N/A,unreviewed,,,
KUBOTA,B2740SD (6C637-12000),B2740SD (6C637-12000),N/A,unreviewed,,,
KUBOTA,B2740SD-AC(6C699-12000),B2740SD-AC(6C699-12000),N/A,unreviewed,,,
KUBOTA,B2740SPD (6F347-12000),B2740SPD (6F347-12000),N/A,unreviewed,,,
KUBOTA,B2740SPDN (6F347-11110),B2740SPDN (6F347-11110),N/A,unreviewed,,,
KUBOTA,CB-105X (5T124-90000),CB-105X (5T124-90000),N/A,unreviewed,,,
KUBOTA,CB-108X-TH (5T286-90000),CB-108X-TH (5T286-90000),N/A,unreviewed,,,
KUBOTA,CB-108X-THK (5T286-90001),CB-108X-THK (5T286-90001),N/A,unreviewed,,,
KUBOTA,CB-120X-TH (5T262-90000),CB-120X-TH (5T262-90000),N/A,unreviewed,,,
KUBOTA,CB-70,CB-70,N/A,unreviewed,,,
KUBOTA,CB-70 (5T078-90000),CB-70 (5T078-90000),N/A,unreviewed,,,
KUBOTA,CB-70(5T078-90000),CB-70(5T078-90000),N/A,unreviewed,,,
KUBOTA,CB-70(5T078-91000),CB-70(5T078-91000),N/A,unreviewed,,,
KUBOTA,CB-70G (5T078-91000),CB-70G (5T078-91000),N/A,unreviewed,,,
KUBOTA,CB-93G-TH (5T127-90000),CB-93G-TH (5T127-90000),N/A,unreviewed,,,
KUBOTA,CB-93G-TH-K (5T127-90001),CB-93G-TH-K (5T127-90001),N/A,unreviewed,,,
KUBOTA,CB70G-1TH (5T277-80000),CB70G-1TH (5T277-80000),N/A,unreviewed,,,
KUBOTA,CB70G-1TH-K (5T277-80014),CB70G-1TH-K (5T277-80014),N/A,unreviewed,,,
KUBOTA,CB70G-3TH (5T277-80300),CB70G-3TH (5T277-80300),N/A,unreviewed,,,
KUBOTA,CB70G3THCCH (5T277-83000),CB70G3THCCH (5T277-83000),N/A,unreviewed,,,
KUBOTA,DC-105X,DC-105X,N/A,unreviewed,,,
KUBOTA,DC-105X (5T124-00000),DC-105X (5T124-00000),N/A,unreviewed,,,
KUBOTA,DC-105X(5T124-00000),DC-105X(5T124-00000),N/A,unreviewed,,,
KUBOTA,DC-108X-TH (5T286-00000),DC-108X-TH (5T286-00000),N/A,unreviewed,,,
KUBOTA,DC-108X-THK (5T286-00001),DC-108X-THK (5T286-00001),N/A,unreviewed,,,
KUBOTA,DC-120X-TH (5T262-00000),DC-120X-TH (5T262-00000),N/A,unreviewed,,,
KUBOTA,DC-35-LAOS,DC-35-LAOS,N/A,unreviewed,,,
KUBOTA,DC-35-PH,DC-35-PH,N/A,unreviewed,,,
KUBOTA,DC-35-TH,DC-35-TH,N/A,unreviewed,,,
KUBOTA,DC-60 PLUS,DC-60 PLUS,N/A,unreviewed,,,
KUBOTA,DC-68G,DC-68G,N/A,unreviewed,,,
KUBOTA,DC-70,DC-70,N/A,unreviewed,,,
KUBOTA,DC-70 (5T078-10000),DC-70 (5T078-10000),N/A,unreviewed,,,
KUBOTA,DC-70 (5T079-10000),DC-70 (5T079-10000),N/A,unreviewed,,,
KUBOTA,DC-70(5T078-10000),DC-70(5T078-10000),N/A,unreviewed,,,
KUBOTA,DC-70G,DC-70G,N/A,unreviewed,,,
KUBOTA,DC-70G-KH,DC-70G-KH,N/A,unreviewed,,,
KUBOTA,DC-93G-MM,DC-93G-MM,N/A,unreviewed,,,
KUBOTA,DC-93G-TH (5T127-00000),DC-93G-TH (5T127-00000),N/A,unreviewed,,,
KUBOTA,DC-93G-TH-K (5T127-00001),DC-93G-TH-K (5T127-00001),N/A,unreviewed,,,
KUBOTA,DC-93H (5T131-00000),DC-93H (5T131-00000),N/A,unreviewed,,,
KUBOTA,DC-93H-TH (5T131-00000),DC-93H-TH (5T131-00000),N/A,unreviewed,,,
KUBOTA,DC-93H-TH-K (5T131-00001),DC-93H-TH-K (5T131-00001),N/A,unreviewed,,,
KUBOTA,DC-95GM,DC-95GM,N/A,unreviewed,,,
KUBOTA,DC70,DC70,N/A,unreviewed,,,
KUBOTA,DC70G-1TH (5T277-10000),DC70G-1TH (5T277-10000),N/A,unreviewed,,,
KUBOTA,DC70G-1TH-K (5T277-10014),DC70G-1TH-K (5T277-10014),N/A,unreviewed,,,
KUBOTA,DC70G-3TH (5T277-10300),DC70G-3TH (5T277-10300),N/A,unreviewed,,,
KUBOTA,DC70G3THCCH (5T277-82000),DC70G3THCCH (5T277-82000),N/A,unreviewed,,,
KUBOTA,DC70H-1TH (5T276-10000),DC70H-1TH (5T276-10000),N/A,unreviewed,,,
KUBOTA,DC70H-3TH (5T276-10300),DC70H-3TH (5T276-10300),N/A,unreviewed,,,
KUBOTA,DC95GMKH,DC95GMKH,N/A,unreviewed,,,
KUBOTA,GL53,GL53,N/A,unreviewed,,,
KUBOTA,K-120-3,K-120-3,N/A,unreviewed,,,
KUBOTA,K-135US-3,K-135US-3,N/A,unreviewed,,,
KUBOTA,KH12FD,KH12FD,N/A,unreviewed,,,
KUBOTA,KL500,KL500,N/A,unreviewed,,,
KUBOTA,KX033-4,KX033-4,N/A,unreviewed,,,
KUBOTA,KX033-4 AC,KX033-4 AC,N/A,unreviewed,,,
KUBOTA,KX080-3S,KX080-3S,N/A,unreviewed,,,
KUBOTA,KX080MC TH NS HW NBK,KX080MC TH NS HW NBK,N/A,unreviewed,,,
KUBOTA,KX155-3SZ,KX155-3SZ,N/A,unreviewed,,,
KUBOTA,KX155-5,KX155-5,N/A,unreviewed,,,
KUBOTA,KX161-3C AC,KX161-3C AC,N/A,unreviewed,,,
KUBOTA,KX161-3C TH H NBK,KX161-3C TH H NBK,N/A,unreviewed,,,
KUBOTA,KX161-3C TH SPAC NBK,KX161-3C TH SPAC NBK,N/A,unreviewed,,,
KUBOTA,KX161-3S,KX161-3S,N/A,unreviewed,,,
KUBOTA,KX161-3SC,KX161-3SC,N/A,unreviewed,,,
KUBOTA,KX161-3SZ,KX161-3SZ,N/A,unreviewed,,,
KUBOTA,KX163-5,KX163-5,N/A,unreviewed,,,
KUBOTA,KX185-3,KX185-3,N/A,unreviewed,,,
KUBOTA,KX200-2,KX200-2,N/A,unreviewed,,,
KUBOTA,KX91-3C,KX91-3C,N/A,unreviewed,,,
KUBOTA,KX91-3S2,KX91-3S2,N/A,unreviewed,,,
KUBOTA,KX91-3SX,KX91-3SX,N/A,unreviewed,,,
KUBOTA,KX91-3SX AC,KX91-3SX AC,N/A,unreviewed,,,
KUBOTA,L1-20DT,L1-20DT,N/A,unreviewed,,,
KUBOTA,L1-22DT,L1-22DT,N/A,unreviewed,,,
KUBOTA,L1-235,L1-235,N/A,unreviewed,,,
KUBOTA,L26054WD,L26054WD,N/A,unreviewed,,,
KUBOTA,L2808DT,L2808DT,N/A,unreviewed,,,
KUBOTA,L2808F,L2808F,N/A,unreviewed,,,
KUBOTA,L3008DT,L3008DT,N/A,unreviewed,,,
KUBOTA,L3208SP,L3208SP,N/A,unreviewed,,,
KUBOTA,L3218DT,L3218DT,N/A,unreviewed,,,
KUBOTA,L3218DT (TC812-15100),L3218DT (TC812-15100),N/A,unreviewed,,,
KUBOTA,L3218DT(TC812-15100),L3218DT(TC812-15100),N/A,unreviewed,,,
KUBOTA,L3218SP (TC872-15100),L3218SP (TC872-15100),N/A,unreviewed,,,
KUBOTA,L3218SP-F (TC872-16100),L3218SP-F (TC872-16100),N/A,unreviewed,,,
KUBOTA,L3228 (TC912-15100),L3228 (TC912-15100),N/A,unreviewed,,,
KUBOTA,L3228-C (TC912-55100),L3228-C (TC912-55100),N/A,unreviewed,,,
KUBOTA,L3228-C-F (TC912-59100),L3228-C-F (TC912-59100),N/A,unreviewed,,,
KUBOTA,L3228-F (TC912-19100),L3228-F (TC912-19100),N/A,unreviewed,,,
KUBOTA,L3408 4WD,L3408 4WD,N/A,unreviewed,,,
KUBOTA,L3408DI,L3408DI,N/A,unreviewed,,,
KUBOTA,L3408DT,L3408DT,N/A,unreviewed,,,
KUBOTA,L3608DT,L3608DT,N/A,unreviewed,,,
KUBOTA,L3608SP,L3608SP,N/A,unreviewed,,,
KUBOTA,L3608SP(TC522-15100),L3608SP(TC522-15100),N/A,unreviewed,,,
KUBOTA,L4018CE (TC822-19100),L4018CE (TC822-19100),N/A,unreviewed,,,
KUBOTA,L4018DT (TC822-15100),L4018DT (TC822-15100),N/A,unreviewed,,,
KUBOTA,L4018DT (TC822-15500),L4018DT (TC822-15500),N/A,unreviewed,,,
KUBOTA,L4018DT VARI.TIRE,L4018DT VARI.TIRE,N/A,unreviewed,,,
KUBOTA,L4018DT(TC822-15100),L4018DT(TC822-15100),N/A,unreviewed,,,
KUBOTA,L4018DT(TC822-15500),L4018DT(TC822-15500),N/A,unreviewed,,,
KUBOTA,L4018SP (TC882-15100),L4018SP (TC882-15100),N/A,unreviewed,,,
KUBOTA,L4018SP V.KHM W/FDG,L4018SP V.KHM W/FDG,N/A,unreviewed,,,
KUBOTA,L4018SP-F (TC882-16100),L4018SP-F (TC882-16100),N/A,unreviewed,,,
KUBOTA,L4018SP-M (TC882-15200),L4018SP-M (TC882-15200),N/A,unreviewed,,,
KUBOTA,L4018SP-MF (TC882-16200),L4018SP-MF (TC882-16200),N/A,unreviewed,,,
KUBOTA,L4018SP-VF (TC882-16500),L4018SP-VF (TC882-16500),N/A,unreviewed,,,
KUBOTA,L4018SP-VT (TC882-15500),L4018SP-VT (TC882-15500),N/A,unreviewed,,,
KUBOTA,L4028 (TC922-15100),L4028 (TC922-15100),N/A,unreviewed,,,
KUBOTA,L4028-C-T (TC922-55300),L4028-C-T (TC922-55300),N/A,unreviewed,,,
KUBOTA,L4028-C-TF (TC922-59300),L4028-C-TF (TC922-59300),N/A,unreviewed,,,
KUBOTA,L4028-F (TC922-19100),L4028-F (TC922-19100),N/A,unreviewed,,,
KUBOTA,L4028-V (TC922-15500),L4028-V (TC922-15500),N/A,unreviewed,,,
KUBOTA,L4028-VF (TC922-19500),L4028-VF (TC922-19500),N/A,unreviewed,,,
KUBOTA,L4212DT,L4212DT,N/A,unreviewed,,,
KUBOTA,L4508D,L4508D,N/A,unreviewed,,,
KUBOTA,L4508DI,L4508DI,N/A,unreviewed,,,
KUBOTA,L4508DT,L4508DT,N/A,unreviewed,,,
KUBOTA,L4708DT,L4708DT,N/A,unreviewed,,,
KUBOTA,L4708DT-2,L4708DT-2,N/A,unreviewed,,,
KUBOTA,L4708SP,L4708SP,N/A,unreviewed,,,
KUBOTA,L5018 DT (TRACTOR L5018),L5018 DT (TRACTOR L5018),N/A,unreviewed,,,
KUBOTA,L5018DT,L5018DT,N/A,unreviewed,,,
KUBOTA,L5018DT (TC832-15100),L5018DT (TC832-15100),N/A,unreviewed,,,
KUBOTA,L5018DT (TC832-15500),L5018DT (TC832-15500),N/A,unreviewed,,,
KUBOTA,L5018DT(TC832-15100),L5018DT(TC832-15100),N/A,unreviewed,,,
KUBOTA,L5018DT(TC832-15500),L5018DT(TC832-15500),N/A,unreviewed,,,
KUBOTA,L5018SP (TC892-15100),L5018SP (TC892-15100),N/A,unreviewed,,,
KUBOTA,L5018SP-C (TC892-55100),L5018SP-C (TC892-55100),N/A,unreviewed,,,
KUBOTA,L5018SP-CF (TC892-56100),L5018SP-CF (TC892-56100),N/A,unreviewed,,,
KUBOTA,L5018SP-CV (TC892-55500),L5018SP-CV (TC892-55500),N/A,unreviewed,,,
KUBOTA,L5018SP-CVF (TC892-56500),L5018SP-CVF (TC892-56500),N/A,unreviewed,,,
KUBOTA,L5018SP-F (TC892-16100),L5018SP-F (TC892-16100),N/A,unreviewed,,,
KUBOTA,L5018SP-M (TC892-15200),L5018SP-M (TC892-15200),N/A,unreviewed,,,
KUBOTA,L5018SP-MF (TC892-16200),L5018SP-MF (TC892-16200),N/A,unreviewed,,,
KUBOTA,L5018SP-SF (TC892-16103),L5018SP-SF (TC892-16103),N/A,unreviewed,,,
KUBOTA,L5018SP-SG (TC892-15103),L5018SP-SG (TC892-15103),N/A,unreviewed,,,
KUBOTA,L5018SP-VF (TC892-16500),L5018SP-VF (TC892-16500),N/A,unreviewed,,,
KUBOTA,L5018SP-VSF (TC892-16503),L5018SP-VSF (TC892-16503),N/A,unreviewed,,,
KUBOTA,L5018SP-VT (TC892-15500),L5018SP-VT (TC892-15500),N/A,unreviewed,,,
KUBOTA,L5018SPVTSG (TC892-15503),L5018SPVTSG (TC892-15503),N/A,unreviewed,,,
KUBOTA,L5228 (TC942-15100),L5228 (TC942-15100),N/A,unreviewed,,,
KUBOTA,L5228-C-T (TC942-55300),L5228-C-T (TC942-55300),N/A,unreviewed,,,
KUBOTA,L5228-C-TF (TC942-59300),L5228-C-TF (TC942-59300),N/A,unreviewed,,,
KUBOTA,L5228-C-TL (TC942-56300),L5228-C-TL (TC942-56300),N/A,unreviewed,,,
KUBOTA,L5228-C-TVF (TC942-59700),L5228-C-TVF (TC942-59700),N/A,unreviewed,,,
KUBOTA,L5228-C-TVL (TC942-56700),L5228-C-TVL (TC942-56700),N/A,unreviewed,,,
KUBOTA,L5228-F (TC942-19100),L5228-F (TC942-19100),N/A,unreviewed,,,
KUBOTA,L5228-FS (TC942-14100),L5228-FS (TC942-14100),N/A,unreviewed,,,
KUBOTA,L5228-S (TC942-13100),L5228-S (TC942-13100),N/A,unreviewed,,,
KUBOTA,L5228-V (TC942-15500),L5228-V (TC942-15500),N/A,unreviewed,,,
KUBOTA,L5228-VF (TC942-19500),L5228-VF (TC942-19500),N/A,unreviewed,,,
KUBOTA,L5228-VFS (TC942-14500),L5228-VFS (TC942-14500),N/A,unreviewed,,,
KUBOTA,L5228-VFS(TC942-14500),L5228-VFS(TC942-14500),N/A,unreviewed,,,
KUBOTA,L5228-VS (TC942-13500),L5228-VS (TC942-13500),N/A,unreviewed,,,
KUBOTA,M108S,M108S,N/A,unreviewed,,,
KUBOTA,M108SDTR-MM,M108SDTR-MM,N/A,unreviewed,,,
KUBOTA,M135X,M135X,N/A,unreviewed,,,
KUBOTA,M5000,M5000,N/A,unreviewed,,,
KUBOTA,M5000DT,M5000DT,N/A,unreviewed,,,
KUBOTA,M5000SUD,M5000SUD,N/A,unreviewed,,,
KUBOTA,M500SUD,M500SUD,N/A,unreviewed,,,
KUBOTA,M6040DT-SU-MM,M6040DT-SU-MM,N/A,unreviewed,,,
KUBOTA,M6040DT-TH (3C319-00000),M6040DT-TH (3C319-00000),N/A,unreviewed,,,
KUBOTA,M6040SU,M6040SU,N/A,unreviewed,,,
KUBOTA,M6040SU HILUG,M6040SU HILUG,N/A,unreviewed,,,
KUBOTA,M6040SU NORMAL,M6040SU NORMAL,N/A,unreviewed,,,
KUBOTA,M6040SU-HL,M6040SU-HL,N/A,unreviewed,,,
KUBOTA,M6240DTH-SU-MM,M6240DTH-SU-MM,N/A,unreviewed,,,
KUBOTA,M6240DTH-SU-MM-K1,M6240DTH-SU-MM-K1,N/A,unreviewed,,,
KUBOTA,M6240SUH,M6240SUH,N/A,unreviewed,,,
KUBOTA,M7040,M7040,N/A,unreviewed,,,
KUBOTA,M7040DT,M7040DT,N/A,unreviewed,,,
KUBOTA,M7040DT-MM,M7040DT-MM,N/A,unreviewed,,,
KUBOTA,M7172S3C-MLHT1-P,M7172S3C-MLHT1-P,N/A,unreviewed,,,
KUBOTA,M7508DTH,M7508DTH,N/A,unreviewed,,,
KUBOTA,M8540,M8540,N/A,unreviewed,,,
KUBOTA,M8540-B W/FD210-LAO,M8540-B W/FD210-LAO,N/A,unreviewed,,,
KUBOTA,M8540DTH,M8540DTH,N/A,unreviewed,,,
KUBOTA,M8540DTH-MM,M8540DTH-MM,N/A,unreviewed,,,
KUBOTA,M8808DTH,M8808DTH,N/A,unreviewed,,,
KUBOTA,M9000 4WD,M9000 4WD,N/A,unreviewed,,,
KUBOTA,M9000DT,M9000DT,N/A,unreviewed,,,
KUBOTA,M9540,M9540,N/A,unreviewed,,,
KUBOTA,M9540DTH,M9540DTH,N/A,unreviewed,,,
KUBOTA,M9540DTH (19ทวิ),M9540DTH (19ทวิ),N/A,unreviewed,,,
KUBOTA,M9540DTH-MM,M9540DTH-MM,N/A,unreviewed,,,
KUBOTA,M9808DTH,M9808DTH,N/A,unreviewed,,,
KUBOTA,MU4902DT (TE012-15000),MU4902DT (TE012-15000),N/A,unreviewed,,,
KUBOTA,MU5501DT (TC752-15000),MU5501DT (TC752-15000),N/A,unreviewed,,,
KUBOTA,MU5501DT THAI,MU5501DT THAI,N/A,unreviewed,,,
KUBOTA,MU5702DT,MU5702DT,N/A,unreviewed,,,
KUBOTA,MU5702DT (TE022-15000),MU5702DT (TE022-15000),N/A,unreviewed,,,
KUBOTA,R430M,R430M,N/A,unreviewed,,,
KUBOTA,RA300,RA300,N/A,unreviewed,,,
KUBOTA,RX-301,RX-301,N/A,unreviewed,,,
KUBOTA,RX-306,RX-306,N/A,unreviewed,,,
KUBOTA,RX-403S,RX-403S,N/A,unreviewed,,,
KUBOTA,RX-405,RX-405,N/A,unreviewed,,,
KUBOTA,RX-505,RX-505,N/A,unreviewed,,,
KUBOTA,RX303S,RX303S,N/A,unreviewed,,,
KUBOTA,U-20-3S,U-20-3S,N/A,unreviewed,,,
KUBOTA,U-30-5,U-30-5,N/A,unreviewed,,,
KUBOTA,U-35-5,U-35-5,N/A,unreviewed,,,
KUBOTA,U-40-3S,U-40-3S,N/A,unreviewed,,,
KUBOTA,U-40-5,U-40-5,N/A,unreviewed,,,
KUBOTA,U-40-6,U-40-6,N/A,unreviewed,,,
KUBOTA,U-50-3S,U-50-3S,N/A,unreviewed,,,
KUBOTA,U008-5SVFRGX0TH,U008-5SVFRGX0TH,N/A,unreviewed,,,
KUBOTA,U15-3,U15-3,N/A,unreviewed,,,
KUBOTA,U15-3CHN T,U15-3CHN T,N/A,unreviewed,,,
KUBOTA,U15-3TH2 T,U15-3TH2 T,N/A,unreviewed,,,
KUBOTA,U17,U17,N/A,unreviewed,,,
KUBOTA,U30-3,U30-3,N/A,unreviewed,,,
KUBOTA,U30-5,U30-5,N/A,unreviewed,,,
KUBOTA,U35-6,U35-6,N/A,unreviewed,,,
KUBOTA,U35-6HX,U35-6HX,N/A,unreviewed,,,
KUBOTA,U36-6,U36-6,N/A,unreviewed,,,
KUBOTA,U36-6 AC,U36-6 AC,N/A,unreviewed,,,
KUBOTA,U40-3,U40-3,N/A,unreviewed,,,
KUBOTA,U40-6,U40-6,N/A,unreviewed,,,
KUBOTA,U55-6,U55-6,N/A,unreviewed,,,
KUBOTA,U55-6 AC,U55-6 AC,N/A,unreviewed,,,
KUBOTA,U55-6AC,U55-6AC,N/A,unreviewed,,,
KUBOTA,U55-6S,U55-6S,N/A,unreviewed,,,
KUBOTA,U55-6S AC,U55-6S AC,N/A,unreviewed,,,
KWAI THONG,RM754,RM754,N/A,unreviewed,,,
KYBURZ,DXP 5.0 TH,DXP 5.0 TH,N/A,unreviewed,,,
KYC,V5EV,V5EV,N/A,unreviewed,,,
KYC,X5EV,X5EV,N/A,unreviewed,,,
KYMCO,I-ONE,I-ONE,N/A,unreviewed,,,
KYMCO,S7,S7,N/A,unreviewed,,,
KYMCO,S7 KEYLESS CBS,S7 Keyless CBS,N/A,unreviewed,,,
LAIGONG,LG926,LG926,N/A,unreviewed,,,
LAIGONG,LG926L,LG926L,N/A,unreviewed,,,
LAMBORGHINI,AVENTADOR S,AVENTADOR S,N/A,unreviewed,,,
LAMBORGHINI,AVENTADOR S ROADSTER,AVENTADOR S ROADSTER,N/A,unreviewed,,,
LAMBORGHINI,AVENTADOR SVJ,AVENTADOR SVJ,N/A,unreviewed,,,
LAMBORGHINI,AVENTADOR SVJ 63 COUPE,AVENTADOR SVJ 63 COUPE,N/A,unreviewed,,,
LAMBORGHINI,AVENTADOR SVJ 63 ROADSTER,AVENTADOR SVJ 63 ROADSTER,N/A,unreviewed,,,
LAMBORGHINI,AVENTADOR SVJ ROADSTER,AVENTADOR SVJ ROADSTER,N/A,unreviewed,,,
LAMBORGHINI,AVENTADOR ULTIMAE,AVENTADOR ULTIMAE,N/A,unreviewed,,,
LAMBORGHINI,AVENTADOR ULTIMAE ROADSTER,AVENTADOR ULTIMAE ROADSTER,N/A,unreviewed,,,
LAMBORGHINI,GALLARDO LP 560-4,GALLARDO LP 560-4,N/A,unreviewed,,,
LAMBORGHINI,HURACAN 610-4,HURACAN 610-4,N/A,unreviewed,,,
LAMBORGHINI,HURACAN EVO,HURACAN EVO,N/A,unreviewed,,,
LAMBORGHINI,HURACAN EVO RWD,HURACAN EVO RWD,N/A,unreviewed,,,
LAMBORGHINI,HURACAN EVO RWD SPYDER,HURACAN EVO RWD SPYDER,N/A,unreviewed,,,
LAMBORGHINI,HURACAN EVO SPYDER,HURACAN EVO SPYDER,N/A,unreviewed,,,
LAMBORGHINI,HURACAN PERFORMANTE,HURACAN PERFORMANTE,N/A,unreviewed,,,
LAMBORGHINI,HURACAN STERRATO,HURACAN STERRATO,N/A,unreviewed,,,
LAMBORGHINI,HURACAN STO,HURACAN STO,N/A,unreviewed,,,
LAMBORGHINI,HURACAN TECNICA,HURACAN TECNICA,N/A,unreviewed,,,
LAMBORGHINI,REVUELTO,REVUELTO,N/A,unreviewed,,,
LAMBORGHINI,URUS,URUS,N/A,unreviewed,,,
LAMBORGHINI,URUS PERFORMANTE,URUS PERFORMANTE,N/A,unreviewed,,,
LAMBORGHINI,URUS PERFORMANTE V8,URUS PERFORMANTE V8,N/A,unreviewed,,,
LAMBORGHINI,URUS S,URUS S,N/A,unreviewed,,,
LAMBORGHINI,URUS SE,URUS SE,N/A,unreviewed,,,
LAMBORGHINI,URUS V8 4.0 AUTO,URUS V8 4.0 AUTO,N/A,unreviewed,,,
LAMBRETTA,G350,G350,N/A,unreviewed,,,
LAMBRETTA,J200,J200,N/A,unreviewed,,,
LAMBRETTA,LN 151,LN 151,N/A,unreviewed,,,
LAMBRETTA,V125 SPECIAL,V125 Special,N/A,unreviewed,,,
LAMBRETTA,V125 SPECIAL FLEX,V125 Special Flex,N/A,unreviewed,,,
LAMBRETTA,V200 GP,V200 GP,N/A,unreviewed,,,
LAMBRETTA,V200 SPECIAL,V200 Special,N/A,unreviewed,,,
LAMBRETTA,V200 SPECIAL FIX,V200 Special Fix,N/A,unreviewed,,,
LAMBRETTA,V200 SPECIAL FLEX,V200 Special Flex,N/A,unreviewed,,,
LAMBRETTA,X200,X200,N/A,unreviewed,,,
LAMBRETTA,X300,X300,N/A,unreviewed,,,
LAMBRETTA,X300 2025,X300 2025,N/A,unreviewed,,,
LAMBRETTA,X300 GT,X300 GT,N/A,unreviewed,,,
LAND ROVER,DEFENDER 110 D250,DEFENDER 110 D250,N/A,unreviewed,,,
LAND ROVER,DEFENDER 110 D300 75TH LIMITED,DEFENDER 110 D300 75TH LIMITED,N/A,unreviewed,,,
LAND ROVER,DEFENDER 110 DOUBLE CAB PICKUP,DEFENDER 110 DOUBLE CAB PICKUP,N/A,unreviewed,,,
LAND ROVER,DEFENDER 110 FIRST EDITION,DEFENDER 110 FIRST EDITION,N/A,unreviewed,,,
LAND ROVER,DEFENDER 110 HERITAGE STATION,DEFENDER 110 HERITAGE STATION,N/A,unreviewed,,,
LAND ROVER,DEFENDER 110 PICK UP,DEFENDER 110 PICK UP,N/A,unreviewed,,,
LAND ROVER,DEFENDER 110 X 3.0 MHEV,DEFENDER 110 X 3.0 MHEV,N/A,unreviewed,,,
LAND ROVER,DEFENDER 110XP400,DEFENDER 110XP400,N/A,unreviewed,,,
LAND ROVER,DEFENDER 2.0L T/C AWD,DEFENDER 2.0L T/C AWD,N/A,unreviewed,,,
LAND ROVER,DEFENDER 2.0L T/C AWD AUTO S,DEFENDER 2.0L T/C AWD AUTO S,N/A,unreviewed,,,
LAND ROVER,DEFENDER 2.0L T/C AWD AUTO SE,DEFENDER 2.0L T/C AWD AUTO SE,N/A,unreviewed,,,
LAND ROVER,DEFENDER 2.0L T/C PETROL,DEFENDER 2.0L T/C PETROL,N/A,unreviewed,,,
LAND ROVER,DEFENDER 2.0L T/C PETROL PHEV,DEFENDER 2.0L T/C PETROL PHEV,N/A,unreviewed,,,
LAND ROVER,DEFENDER 3.0 LITRE T/C AWD,DEFENDER 3.0 LITRE T/C AWD,N/A,unreviewed,,,
LAND ROVER,DEFENDER 3.0 LITRE T/C MHEV,DEFENDER 3.0 LITRE T/C MHEV,N/A,unreviewed,,,
LAND ROVER,DEFENDER 3.0L T/C AWD AUTO SE,DEFENDER 3.0L T/C AWD AUTO SE,N/A,unreviewed,,,
LAND ROVER,DEFENDER 3.0L T/C PETROL MHEV,DEFENDER 3.0L T/C PETROL MHEV,N/A,unreviewed,,,
LAND ROVER,DEFENDER 4.4 LITRE T/C PETROL,DEFENDER 4.4 LITRE T/C PETROL,N/A,unreviewed,,,
LAND ROVER,DEFENDER 5.0 LITRE S/C PETROL,DEFENDER 5.0 LITRE S/C PETROL,N/A,unreviewed,,,
LAND ROVER,DEFENDER 75TH LIMITED EDITION,DEFENDER 75TH LIMITED EDITION,N/A,unreviewed,,,
LAND ROVER,DEFENDER 90 75TH ANNIVERSARY,DEFENDER 90 75TH ANNIVERSARY,N/A,unreviewed,,,
LAND ROVER,DEFENDER 90 75TH  LIMITED,DEFENDER 90 75TH  LIMITED,N/A,unreviewed,,,
LAND ROVER,DEFENDER 90 D300 75TH LIMITED,DEFENDER 90 D300 75th LIMITED,N/A,unreviewed,,,
LAND ROVER,DEFENDER 90 HARD TOP HERITAGE,DEFENDER 90 HARD TOP HERITAGE,N/A,unreviewed,,,
LAND ROVER,DEFENDER 90 HERITAGE STATION,DEFENDER 90 HERITAGE STATION,N/A,unreviewed,,,
LAND ROVER,DEFENDER 90 STATION WAGON,DEFENDER 90 STATION WAGON,N/A,unreviewed,,,
LAND ROVER,DEFENDER 90 SVX 60TH ANNIVERSARY,DEFENDER 90 SVX 60TH ANNIVERSARY,N/A,unreviewed,,,
LAND ROVER,DEFENDER V8 BOND EDITION,DEFENDER V8 BOND EDITION,N/A,unreviewed,,,
LAND ROVER,DEFENDER WORKS V8 70TH EDITION,DEFENDER WORKS V8 70TH EDITION,N/A,unreviewed,,,
LAND ROVER,DEFENDER WORKS V8 TROPHY,DEFENDER WORKS V8 TROPHY,N/A,unreviewed,,,
LAND ROVER,DEFENDER X 110 P425 5.0L V8,DEFENDER X 110 P425 5.0L V8,N/A,unreviewed,,,
LAND ROVER,DEFENDER110TDCI XS DOUBLE CAB,DEFENDER110TDCI XS DOUBLE CAB,N/A,unreviewed,,,
LAND ROVER,DEFENDER3.0LITRE T/C AWD AUTO,DEFENDER3.0LITRE T/C AWD AUTO,N/A,unreviewed,,,
LAND ROVER,DISCOVERY 3.0L T/C AWD,DISCOVERY 3.0L T/C AWD,N/A,unreviewed,,,
LAND ROVER,DISCOVERY SPORT 1.5L T/C,DISCOVERY SPORT 1.5L T/C,N/A,unreviewed,,,
LAND ROVER,DISCOVERY SPORT 2.0L T/C,DISCOVERY SPORT 2.0L T/C,N/A,unreviewed,,,
LAND ROVER,DISCOVERY SPORT 2.2L SD4,DISCOVERY SPORT 2.2L SD4,N/A,unreviewed,,,
LAND ROVER,RANGE ROVER 2.0L,RANGE ROVER 2.0L,N/A,unreviewed,,,
LAND ROVER,RANGE ROVER 2.0L T/C PETROL,RANGE ROVER 2.0L T/C PETROL,N/A,unreviewed,,,
LAND ROVER,RANGE ROVER 2.0L T/C PHEV,RANGE ROVER 2.0L T/C PHEV,N/A,unreviewed,,,
LAND ROVER,RANGE ROVER 3.0 LITRE T/C,RANGE ROVER 3.0 LITRE T/C,N/A,unreviewed,,,
LAND ROVER,RANGE ROVER 3.0 LITRE T/C AWD,RANGE ROVER 3.0 LITRE T/C AWD,N/A,unreviewed,,,
LAND ROVER,RANGE ROVER 4.4 LITRE  T/C,RANGE ROVER 4.4 LITRE  T/C,N/A,unreviewed,,,
LAND ROVER,RANGE ROVER AUTOBIOGRAPHY LWB,RANGE ROVER AUTOBIOGRAPHY LWB,N/A,unreviewed,,,
LAND ROVER,RANGE ROVER EVOQUE,RANGE ROVER EVOQUE,N/A,unreviewed,,,
LAND ROVER,RANGE ROVER EVOQUE 1.5LITRE,RANGE ROVER EVOQUE 1.5LITRE,N/A,unreviewed,,,
LAND ROVER,RANGE ROVER EVOQUE 2.0,RANGE ROVER EVOQUE 2.0,N/A,unreviewed,,,
LAND ROVER,RANGE ROVER EVOQUE 2.0L,RANGE ROVER EVOQUE 2.0L,N/A,unreviewed,,,
LAND ROVER,RANGE ROVER P440E,RANGE ROVER P440E,N/A,unreviewed,,,
LAND ROVER,RANGE ROVER P440E PHEV,RANGE ROVER P440E PHEV,N/A,unreviewed,,,
LAND ROVER,RANGE ROVER P460E PHEV,RANGE ROVER P460E PHEV,N/A,unreviewed,,,
LAND ROVER,RANGE ROVER SPORT,RANGE ROVER SPORT,N/A,unreviewed,,,
LAND ROVER,RANGE ROVER SPORT 2.0 T/C,RANGE ROVER SPORT 2.0 T/C,N/A,unreviewed,,,
LAND ROVER,RANGE ROVER SPORT 2.0L,RANGE ROVER SPORT 2.0L,N/A,unreviewed,,,
LAND ROVER,RANGE ROVER SPORT 2.0L T/C,RANGE ROVER SPORT 2.0L T/C,N/A,unreviewed,,,
LAND ROVER,RANGE ROVER SPORT 3.0 L PHEV,RANGE ROVER SPORT 3.0 L PHEV,N/A,unreviewed,,,
LAND ROVER,RANGE ROVER SPORT 3.0 LITRE,RANGE ROVER SPORT 3.0 LITRE,N/A,unreviewed,,,
LAND ROVER,RANGE ROVER SPORT SVR,RANGE ROVER SPORT SVR,N/A,unreviewed,,,
LAND ROVER,RANGE ROVER SPORT2.0L T/C,RANGE ROVER SPORT2.0L T/C,N/A,unreviewed,,,
LAND ROVER,RANGE ROVER SPORT3.0LSDV6,RANGE ROVER SPORT3.0LSDV6,N/A,unreviewed,,,
LAND ROVER,RANGE ROVER SV P615 LWB,RANGE ROVER SV P615 LWB,N/A,unreviewed,,,
LAND ROVER,RANGE ROVER VELAR 2.0 LITRE,RANGE ROVER VELAR 2.0 LITRE,N/A,unreviewed,,,
LAND ROVER,RANGE ROVER VELAR 2.0L,RANGE ROVER VELAR 2.0L,N/A,unreviewed,,,
LAND ROVER,RANGE ROVER VELAR DYNAMIC HSE,RANGE ROVER VELAR DYNAMIC HSE,N/A,unreviewed,,,
LAND ROVER,RANGE ROVER VELAR3.0LITRE T/C,RANGE ROVER VELAR3.0LITRE T/C,N/A,unreviewed,,,
LAND ROVER,RANGEROVER EVOQUE1.5LITRE T/C,RANGEROVER EVOQUE1.5LITRE T/C,N/A,unreviewed,,,
LAND ROVER,RANGEROVER SPORTSV EDITION ONE,RANGEROVER SPORTSV EDITION ONE,N/A,unreviewed,,,
LAND ROVER,RANGEROVER2.0L T/C PETROL,RANGEROVER2.0L T/C PETROL,N/A,unreviewed,,,
LAND ROVER,RANGEROVER2.0L T/C PETROL PHEV,RANGEROVER2.0L T/C PETROL PHEV,N/A,unreviewed,,,
LEAPMOTOR,B10 DESIGN BEV,B10,N/A,unreviewed,,,
LEAPMOTOR,B10 LIFE BEV,B10,N/A,unreviewed,,,
LEAPMOTOR,B10 STYLE BEV,B10,N/A,unreviewed,,,
LEAPMOTOR,C10 EV,C10,N/A,unreviewed,,,
LEAPMOTOR,T03 300,T03 300,N/A,unreviewed,,,
LEAPMOTOR,T03 400,T03 400,N/A,unreviewed,,,
LEVC,TX5,TX5,N/A,unreviewed,,,
LEVDEO,LITTLE PRINCE,LITTLE PRINCE,N/A,unreviewed,,,
LEVO,930,930,N/A,unreviewed,,,
LEVO,TT,TT,N/A,unreviewed,,,
LEXUS,CT200H,CT200h,N/A,unreviewed,,,
LEXUS,ES300H,ES300H,N/A,unreviewed,,,
LEXUS,GS250,GS250,N/A,unreviewed,,,
LEXUS,GSE20R-AETLHW  E4,GSE20R-AETLHW  E4,N/A,unreviewed,,,
LEXUS,GX550,GX550,N/A,unreviewed,,,
LEXUS,IS300,IS300,N/A,unreviewed,,,
LEXUS,IS300H,IS300H,N/A,unreviewed,,,
LEXUS,LBX,LBX,N/A,unreviewed,,,
LEXUS,LC 500 EDGE,LC 500 EDGE,N/A,unreviewed,,,
LEXUS,LC500,LC500,N/A,unreviewed,,,
LEXUS,LC500 5.0 V8,LC500 5.0 V8,N/A,unreviewed,,,
LEXUS,LC500 5.0 V8 CONVERTIBLE,LC500 5.0 V8 CONVERTIBLE,N/A,unreviewed,,,
LEXUS,LC500 L PACKAGE,LC500 L PACKAGE,N/A,unreviewed,,,
LEXUS,LC500 SPORT PACK,LC500 SPORT PACK,N/A,unreviewed,,,
LEXUS,LM300H,LM300h,N/A,unreviewed,,,
LEXUS,LM350 EMPEROR SUITE,LM350 EMPEROR SUITE,N/A,unreviewed,,,
LEXUS,LM350H,LM350H,N/A,unreviewed,,,
LEXUS,LM350H 2.5L,LM350H 2.5L,N/A,unreviewed,,,
LEXUS,LM350H 2.5L 4 SEATS,LM350H 2.5L 4 SEATS,N/A,unreviewed,,,
LEXUS,LM500H,LM500H,N/A,unreviewed,,,
LEXUS,LM500H AWD,LM500H AWD,N/A,unreviewed,,,
LEXUS,LS350,LS350,N/A,unreviewed,,,
LEXUS,LS500,LS500,N/A,unreviewed,,,
LEXUS,LS500H,LS500H,N/A,unreviewed,,,
LEXUS,LX 500D,LX 500D,N/A,unreviewed,,,
LEXUS,LX 600,LX 600,N/A,unreviewed,,,
LEXUS,LX500D F SPORT 3.3L 4AWD,LX500D F SPORT 3.3L 4AWD,N/A,unreviewed,,,
LEXUS,LX570S 8 SEATS,LX570S 8 SEATS,N/A,unreviewed,,,
LEXUS,LX600 7 SEAT,LX600 7 SEAT,N/A,unreviewed,,,
LEXUS,LX600 EXECUTIVE,LX600 EXECUTIVE,N/A,unreviewed,,,
LEXUS,LX600 F SPORT,LX600 F SPORT,N/A,unreviewed,,,
LEXUS,NX300,NX300,N/A,unreviewed,,,
LEXUS,NX300H,NX300h,N/A,unreviewed,,,
LEXUS,NX350H,NX350H,N/A,unreviewed,,,
LEXUS,NX450H+,NX450H+,N/A,unreviewed,,,
LEXUS,RC F FINAL EDITION,RC F FINAL EDITION,N/A,unreviewed,,,
LEXUS,RC F TRACK EDITION,RC F TRACK EDITION,N/A,unreviewed,,,
LEXUS,RC300,RC300,N/A,unreviewed,,,
LEXUS,RX200T,RX200t,N/A,unreviewed,,,
LEXUS,RX300,RX300,N/A,unreviewed,,,
LEXUS,RX350,RX350,N/A,unreviewed,,,
LEXUS,RX350H,RX350H,N/A,unreviewed,,,
LEXUS,RX450H,RX450h,N/A,unreviewed,,,
LEXUS,RX450H+,RX450H+,N/A,unreviewed,,,
LEXUS,RX500H,RX500H,N/A,unreviewed,,,
LEXUS,RZ350E,RZ350E,N/A,unreviewed,,,
LEXUS,RZ450E,RZ450E,N/A,unreviewed,,,
LEXUS,RZ500E,RZ500E,N/A,unreviewed,,,
LEXUS,UX250H,UX250h,N/A,unreviewed,,,
LEXUS,UX300E,UX300E,N/A,unreviewed,,,
LEXUS,UX300H,UX300H,N/A,unreviewed,,,
LIEBHERR,R920,R920,N/A,unreviewed,,,
LIFAN,LF 110-26H,LF 110-26H,N/A,unreviewed,,,
LIFAN,LF100-3R,LF100-3R,N/A,unreviewed,,,
LIFAN,LF110-11H,LF110-11H,N/A,unreviewed,,,
LIFAN,LF110-26H,LF110-26H,N/A,unreviewed,,,
LIFAN,LF110-S,LF110-S,N/A,unreviewed,,,
LIFAN,LF125-5F,LF125-5F,N/A,unreviewed,,,
LIFAN,LF150-10B,LF150-10B,N/A,unreviewed,,,
LIFAN,LF200-10L,LF200-10L,N/A,unreviewed,,,
LIFAN,LF200GY-5A,LF200GY-5A,N/A,unreviewed,,,
LIFAN,LF250-B,LF250-B,N/A,unreviewed,,,
LINXYS,G100P-R,G100P-R,N/A,unreviewed,,,
LION,ALPHA EV,ALPHA EV,N/A,unreviewed,,,
LION,E1 EV,E1 EV,N/A,unreviewed,,,
LION,FIERCE EV,FIERCE EV,N/A,unreviewed,,,
LION,JAVA EV,JAVA EV,N/A,unreviewed,,,
LION,MERCURY EV,MERCURY EV,N/A,unreviewed,,,
LION,MERCURY EV PLUS,MERCURY EV PLUS,N/A,unreviewed,,,
LION,S-01 EV,S-01 EV,N/A,unreviewed,,,
LION,SKS Z2,SKS Z2,N/A,unreviewed,,,
LION,SKS Z2 PLUS,SKS Z2 PLUS,N/A,unreviewed,,,
LION,T-3000 EV,T-3000 EV,N/A,unreviewed,,,
LISHIDE,938-2,938-2,N/A,unreviewed,,,
LISHIDE,SC60,SC60,N/A,unreviewed,,,
LIUGONG,508E,508E,N/A,unreviewed,,,
LIUGONG,6211E,6211E,N/A,unreviewed,,,
LIUGONG,816H,816H,N/A,unreviewed,,,
LIUGONG,835T,835T,N/A,unreviewed,,,
LIUGONG,842T,842T,N/A,unreviewed,,,
LIUGONG,9018F,9018F,N/A,unreviewed,,,
LIUGONG,9035FZTS,9035FZTS,N/A,unreviewed,,,
LIUGONG,906F,906F,N/A,unreviewed,,,
LIUGONG,906FG4,906FG4,N/A,unreviewed,,,
LIUGONG,CLG416,CLG416,N/A,unreviewed,,,
LIUGONG,CLG4165D,CLG4165D,N/A,unreviewed,,,
LIUGONG,CLG4215,CLG4215,N/A,unreviewed,,,
LIUGONG,CLG4215D,CLG4215D,N/A,unreviewed,,,
LIUGONG,CLG610H,CLG610H,N/A,unreviewed,,,
LIUGONG,CLG6120,CLG6120,N/A,unreviewed,,,
LIUGONG,CLG6208E,CLG6208E,N/A,unreviewed,,,
LIUGONG,CLG626H,CLG626H,N/A,unreviewed,,,
LIUGONG,CLG6516E,CLG6516E,N/A,unreviewed,,,
LIUGONG,CLG6611E,CLG6611E,N/A,unreviewed,,,
LIUGONG,CLG6612E,CLG6612E,N/A,unreviewed,,,
LIUGONG,CLG6620E,CLG6620E,N/A,unreviewed,,,
LIUGONG,CLG6626E,CLG6626E,N/A,unreviewed,,,
LIUGONG,CLG764A,CLG764A,N/A,unreviewed,,,
LIUGONG,CLG777A,CLG777A,N/A,unreviewed,,,
LIUGONG,CLG816C,CLG816C,N/A,unreviewed,,,
LIUGONG,CLG825C,CLG825C,N/A,unreviewed,,,
LIUGONG,CLG835,CLG835,N/A,unreviewed,,,
LIUGONG,CLG835H,CLG835H,N/A,unreviewed,,,
LIUGONG,CLG836,CLG836,N/A,unreviewed,,,
LIUGONG,CLG842,CLG842,N/A,unreviewed,,,
LIUGONG,CLG842H,CLG842H,N/A,unreviewed,,,
LIUGONG,CLG856,CLG856,N/A,unreviewed,,,
LIUGONG,CLG856H,CLG856H,N/A,unreviewed,,,
LIUGONG,CLG856HE,CLG856HE,N/A,unreviewed,,,
LIUGONG,CLG862H,CLG862H,N/A,unreviewed,,,
LIUGONG,CLG870H,CLG870H,N/A,unreviewed,,,
LIUGONG,CLG9035E,CLG9035E,N/A,unreviewed,,,
LIUGONG,CLG906E,CLG906E,N/A,unreviewed,,,
LIUGONG,CLG908D,CLG908D,N/A,unreviewed,,,
LIUGONG,CLG908E,CLG908E,N/A,unreviewed,,,
LIUGONG,CLG913E,CLG913E,N/A,unreviewed,,,
LIUGONG,CLG915D,CLG915D,N/A,unreviewed,,,
LIUGONG,CLG915E,CLG915E,N/A,unreviewed,,,
LIUGONG,CLG920D,CLG920D,N/A,unreviewed,,,
LIUGONG,CLG920E,CLG920E,N/A,unreviewed,,,
LIUGONG,CLG922D,CLG922D,N/A,unreviewed,,,
LIUGONG,CLG922E,CLG922E,N/A,unreviewed,,,
LIUGONG,CLG925E,CLG925E,N/A,unreviewed,,,
LIUGONG,CLG933E,CLG933E,N/A,unreviewed,,,
LIUGONG,CLG936E,CLG936E,N/A,unreviewed,,,
LIUGONG,CLG938EHD,CLG938EHD,N/A,unreviewed,,,
LIUGONG,CLG952EHD,CLG952EHD,N/A,unreviewed,,,
LIUGONG,CLGB160C,CLGB160C,N/A,unreviewed,,,
LIUGONG,CLGB160CL,CLGB160CL,N/A,unreviewed,,,
LIUGONG,CLGB160CR,CLGB160CR,N/A,unreviewed,,,
LIUGONG,CLGB161C,CLGB161C,N/A,unreviewed,,,
LIUGONG,CLGB161CL,CLGB161CL,N/A,unreviewed,,,
LIUGONG,CLGB161CR,CLGB161CR,N/A,unreviewed,,,
LIUGONG,CLGB230,CLGB230,N/A,unreviewed,,,
LIUGONG,CLGB230C,CLGB230C,N/A,unreviewed,,,
LIUGONG,CLGW915E,CLGW915E,N/A,unreviewed,,,
LIUGONG,LT1404,LT1404,N/A,unreviewed,,,
LIUGONG,M200E,M200E,N/A,unreviewed,,,
LIUGONG,S935A,S935A,N/A,unreviewed,,,
LIUGONG,ZL50CN,ZL50CN,N/A,unreviewed,,,
LONDON TAXI,TX4,TX4,N/A,unreviewed,,,
LONKING,CDM6085W,CDM6085W,N/A,unreviewed,,,
LONKING,CDM6205,CDM6205,N/A,unreviewed,,,
LONKING,CDM6225,CDM6225,N/A,unreviewed,,,
LONKING,CDM816D,CDM816D,N/A,unreviewed,,,
LONKING,CDM818D,CDM818D,N/A,unreviewed,,,
LONKING,CDM835C,CDM835C,N/A,unreviewed,,,
LONKING,CDM835H,CDM835H,N/A,unreviewed,,,
LONKING,CDM856C,CDM856C,N/A,unreviewed,,,
LONKING,CDM856H,CDM856H,N/A,unreviewed,,,
LONKING,CDM866H,CDM866H,N/A,unreviewed,,,
LONKING,LG833H,LG833H,N/A,unreviewed,,,
LOTUS,ELETRE 600 GT SE,ELETRE 600 GT SE,N/A,unreviewed,,,
LOTUS,ELETRE 600 SPORT SE,ELETRE 600 SPORT SE,N/A,unreviewed,,,
LOTUS,ELETRE R,ELETRE R,N/A,unreviewed,,,
LOTUS,ELETRE S,ELETRE S,N/A,unreviewed,,,
LOTUS,ELISE SPORT 220,ELISE SPORT 220,N/A,unreviewed,,,
LOTUS,EMEYA 600,EMEYA 600,N/A,unreviewed,,,
LOTUS,EMEYA 900 SPORT CARBON,EMEYA 900 SPORT CARBON,N/A,unreviewed,,,
LOTUS,EMEYA R,EMEYA R,N/A,unreviewed,,,
LOTUS,EMEYA S,EMEYA S,N/A,unreviewed,,,
LOTUS,EMIRA I4 FIRST EDITION,EMIRA I4 FIRST EDITION,N/A,unreviewed,,,
LOTUS,EMIRA V6,EMIRA V6,N/A,unreviewed,,,
LOTUS,EMIRA V6 FIRST EDITION,EMIRA V6 FIRST EDITION,N/A,unreviewed,,,
LOTUS,EXIGE SPORT 350,EXIGE SPORT 350,N/A,unreviewed,,,
LOVOL,AF100,AF100,N/A,unreviewed,,,
LOVOL,AF100G,AF100G,N/A,unreviewed,,,
LOVOL,EURO,EURO,N/A,unreviewed,,,
LOVOL,EURO 110,EURO 110,N/A,unreviewed,,,
LOVOL,EURO LM,EURO LM,N/A,unreviewed,,,
LOVOL,EURO LM854,EURO LM854,N/A,unreviewed,,,
LOVOL,EURO TB,EURO TB,N/A,unreviewed,,,
LOVOL,EURO TE,EURO TE,N/A,unreviewed,,,
LOVOL,EURO TG,EURO TG,N/A,unreviewed,,,
LOVOL,EURO TH,EURO TH,N/A,unreviewed,,,
LOVOL,EURO TQ,EURO TQ,N/A,unreviewed,,,
LOVOL,EURO TX,EURO TX,N/A,unreviewed,,,
LOVOL,FL926F,FL926F,N/A,unreviewed,,,
LOVOL,FL936F-II,FL936F-II,N/A,unreviewed,,,
LOVOL,FL936H,FL936H,N/A,unreviewed,,,
LOVOL,FL956H,FL956H,N/A,unreviewed,,,
LOVOL,FL958G-II,FL958G-II,N/A,unreviewed,,,
LOVOL,FP80W,FP80W,N/A,unreviewed,,,
LOVOL,FPY165C,FPY165C,N/A,unreviewed,,,
LOVOL,FR150D,FR150D,N/A,unreviewed,,,
LOVOL,FR220D,FR220D,N/A,unreviewed,,,
LOVOL,FR36F-U,FR36F-U,N/A,unreviewed,,,
LOVOL,FR55F-U,FR55F-U,N/A,unreviewed,,,
LOVOL,FR60E,FR60E,N/A,unreviewed,,,
LOVOL,RG108PLUS,RG108PLUS,N/A,unreviewed,,,
LOVOL,TE404,TE404,N/A,unreviewed,,,
LOVOL,TE504,TE504,N/A,unreviewed,,,
LOVOL,TH754,TH754,N/A,unreviewed,,,
LOVOL,TM2E2A404-028K,TM2E2A404-028K,N/A,unreviewed,,,
LOVOL,TM2E3A504-027K,TM2E3A504-027K,N/A,unreviewed,,,
LOVOL,TM3Y1A754-026K,TM3Y1A754-026K,N/A,unreviewed,,,
LOVOL,TM3Y1A754-031K,TM3Y1A754-031K,N/A,unreviewed,,,
LOVOL,TP4A1A1104-007K,TP4A1A1104-007K,N/A,unreviewed,,,
LOVOL,TP4A1A904-004K,TP4A1A904-004K,N/A,unreviewed,,,
LOVOL,TP4A2A1104-007K,TP4A2A1104-007K,N/A,unreviewed,,,
LOVOL,TR1SA1504-002K,TR1SA1504-002K,N/A,unreviewed,,,
LUGONG,932,932,N/A,unreviewed,,,
LUGONG,LG932,LG932,N/A,unreviewed,,,
LUGONG,LG940,LG940,N/A,unreviewed,,,
LUGONG,LG940L,LG940L,N/A,unreviewed,,,
LUGONG,T932,T932,N/A,unreviewed,,,
LUGONG,T932L,T932L,N/A,unreviewed,,,
LUGONG,T936,T936,N/A,unreviewed,,,
LUGONG,T936L,T936L,N/A,unreviewed,,,
LUMIN,CHANGAN LUMIN SWEET,LUMIN,N/A,unreviewed,,,
LUYANG,LTC208,LTC208,N/A,unreviewed,,,
LUYANG,LTD210H,LTD210H,N/A,unreviewed,,,
LUYANG,PY165C,PY165C,N/A,unreviewed,,,
LUYU,930FN,930FN,N/A,unreviewed,,,
LUYU,932FN,932FN,N/A,unreviewed,,,
LUYU,936FN,936FN,N/A,unreviewed,,,
LUYU,936L,936L,N/A,unreviewed,,,
LUYU,940LN,940LN,N/A,unreviewed,,,
LUYU,940TKN,940TKN,N/A,unreviewed,,,
LUYU,942L,942L,N/A,unreviewed,,,
LUYU,ZL936F,ZL936F,N/A,unreviewed,,,
LUYUAN,S30 PLUS,S30 PLUS,N/A,unreviewed,,,
LVNENG,SWAG TYPE-S,SWAG TYPE-S,N/A,unreviewed,,,
LVNENG,SWAG TYPE-X,SWAG TYPE-X,N/A,unreviewed,,,
M BIKE,BONUS X110SR,BONUS X110SR,N/A,unreviewed,,,
M BIKE,BONUSX110II,BONUSX110II,N/A,unreviewed,,,
M BIKE,FLY125,FLY125,N/A,unreviewed,,,
M BIKE,JAF60T-7,JAF60T-7,N/A,unreviewed,,,
M BIKE,MB110-3,MB110-3,N/A,unreviewed,,,
M BIKE,MB125T-16,MB125T-16,N/A,unreviewed,,,
M BIKE,MB125T-6,MB125T-6,N/A,unreviewed,,,
M BIKE,XY-150A,XY-150A,N/A,unreviewed,,,
M BIKE,XY-250A,XY-250A,N/A,unreviewed,,,
MACRO,M10,M10,N/A,unreviewed,,,
MADANG,SPEED HAWK,Speed Hawk,N/A,unreviewed,,,
MAEDA,LC785M-8,LC785M-8,N/A,unreviewed,,,
MAHINDRA,2121,2121,N/A,unreviewed,,,
MAHINDRA,2124,2124,N/A,unreviewed,,,
MAHINDRA,2127,2127,N/A,unreviewed,,,
MAHINDRA,3136,3136,N/A,unreviewed,,,
MAHINDRA,3140,3140,N/A,unreviewed,,,
MAHINDRA,5050,5050,N/A,unreviewed,,,
MAHINDRA,5050 4WD,5050 4WD,N/A,unreviewed,,,
MAHINDRA,6065,6065,N/A,unreviewed,,,
MAHINDRA,6075,6075,N/A,unreviewed,,,
MAHINDRA,6075 4WD,6075 4WD,N/A,unreviewed,,,
MAHINDRA,76 105 B,76 105 B,N/A,unreviewed,,,
MAHINDRA,OJA 2130,OJA 2130,N/A,unreviewed,,,
MAHINDRA,YUVO 5050,YUVO 5050,N/A,unreviewed,,,
MALAGUTI,MADISON,MADISON,N/A,unreviewed,,,
MAN,TGL 12.250 4X2 BB,TGL 12.250 4X2 BB,N/A,unreviewed,,,
MAN,TGL 12.250 4X2 BB CH,TGL 12.250 4X2 BB CH,N/A,unreviewed,,,
MAN,TGM 13.290 4X4 BB CH,TGM 13.290 4X4 BB CH,N/A,unreviewed,,,
MAN,TGS 33.360 6X4 BB CH,TGS 33.360 6X4 BB CH,N/A,unreviewed,,,
MAN,TGS 33.480 6X4 BB CH,TGS 33.480 6x4 BB CH,N/A,unreviewed,,,
MANITOU,TLB 818S,TLB 818S,N/A,unreviewed,,,
MASERATI,GHIBLI,GHIBLI,N/A,unreviewed,,,
MASERATI,GHIBLI DIESEL,GHIBLI DIESEL,N/A,unreviewed,,,
MASERATI,GHIBLI DIESEL GRANLUSSO,GHIBLI DIESEL GRANLUSSO,N/A,unreviewed,,,
MASERATI,GHIBLI GRANLUSSO,GHIBLI GRANLUSSO,N/A,unreviewed,,,
MASERATI,GHIBLI GT HYBRID,GHIBLI GT HYBRID,N/A,unreviewed,,,
MASERATI,GHIBLI GT HYBRID MY22,GHIBLI GT HYBRID MY22,N/A,unreviewed,,,
MASERATI,GHIBLI MILD HYBRID GRANLUSSO,GHIBLI MILD HYBRID GRANLUSSO,N/A,unreviewed,,,
MASERATI,GHIBLI MILD HYBRID GRANSPORT,GHIBLI MILD HYBRID GRANSPORT,N/A,unreviewed,,,
MASERATI,GHIBLI S,GHIBLI S,N/A,unreviewed,,,
MASERATI,GRANCABRIO SPORT,GRANCABRIO SPORT,N/A,unreviewed,,,
MASERATI,GRANTURISMO,GRANTURISMO,N/A,unreviewed,,,
MASERATI,GRANTURISMO FOLGORE,GRANTURISMO FOLGORE,N/A,unreviewed,,,
MASERATI,GRANTURISMO MODENA,GRANTURISMO MODENA,N/A,unreviewed,,,
MASERATI,GRANTURISMO SPORT,GRANTURISMO SPORT,N/A,unreviewed,,,
MASERATI,GRANTURISMO TROFEO,GRANTURISMO TROFEO,N/A,unreviewed,,,
MASERATI,GRECALE FOLGORE,GRECALE FOLGORE,N/A,unreviewed,,,
MASERATI,GRECALE GT HYBRID,GRECALE GT HYBRID,N/A,unreviewed,,,
MASERATI,GRECALE MODENA,GRECALE MODENA,N/A,unreviewed,,,
MASERATI,GRECALE MODENA HYBRID,GRECALE MODENA HYBRID,N/A,unreviewed,,,
MASERATI,GRECALE TROFEO,GRECALE TROFEO,N/A,unreviewed,,,
MASERATI,LEVANTE,LEVANTE,N/A,unreviewed,,,
MASERATI,LEVANTE DIESEL,LEVANTE DIESEL,N/A,unreviewed,,,
MASERATI,LEVANTE DIESEL GRANLUSSO,LEVANTE DIESEL GRANLUSSO,N/A,unreviewed,,,
MASERATI,LEVANTE DIESEL GRANLUSSO MY20,LEVANTE DIESEL GRANLUSSO MY20,N/A,unreviewed,,,
MASERATI,LEVANTE DIESEL GRANSPORT,LEVANTE DIESEL GRANSPORT,N/A,unreviewed,,,
MASERATI,LEVANTE DIESEL MY 20,LEVANTE DIESEL MY 20,N/A,unreviewed,,,
MASERATI,LEVANTE GRANLUSSO,LEVANTE GRANLUSSO,N/A,unreviewed,,,
MASERATI,LEVANTE GRANSPORT,LEVANTE GRANSPORT,N/A,unreviewed,,,
MASERATI,LEVANTE GT HYBRID,LEVANTE GT HYBRID,N/A,unreviewed,,,
MASERATI,LEVANTE HYBRID GT,LEVANTE HYBRID GT,N/A,unreviewed,,,
MASERATI,LEVANTE S GRANSPORT,LEVANTE S GRANSPORT,N/A,unreviewed,,,
MASERATI,MC20,MC20,N/A,unreviewed,,,
MASERATI,MC20 COUPE,MC20 COUPE,N/A,unreviewed,,,
MASERATI,QUATTROPORTE,QUATTROPORTE,N/A,unreviewed,,,
MASERATI,QUATTROPORTE DIESEL GRANL,QUATTROPORTE DIESEL GRANL,N/A,unreviewed,,,
MASERATI,QUATTROPORTE GRANLUSSO,QUATTROPORTE GRANLUSSO,N/A,unreviewed,,,
MASERATI,QUATTROPORTE GT,QUATTROPORTE GT,N/A,unreviewed,,,
MASERATI,QUATTROPORTE S,QUATTROPORTE S,N/A,unreviewed,,,
MASSEY FERGUSON,3198P,3198P,N/A,unreviewed,,,
MASSEY FERGUSON,MF2635,MF2635,N/A,unreviewed,,,
MASSEY FERGUSON,MF2635 NON CAB,MF2635 NON CAB,N/A,unreviewed,,,
MASSEY FERGUSON,MF365,MF365,N/A,unreviewed,,,
MASSEY FERGUSON,MF440 XTRA,MF440 Xtra,N/A,unreviewed,,,
MASSEY FERGUSON,MF455,MF455,N/A,unreviewed,,,
MASSEY FERGUSON,MF455 XTRA,MF455 Xtra,N/A,unreviewed,,,
MASSEY FERGUSON,MF455 XTRA CAB,MF455 Xtra Cab,N/A,unreviewed,,,
MASSEY FERGUSON,MF461X-4,MF461X-4,N/A,unreviewed,,,
MASSEY FERGUSON,MF470 XTRA,MF470 Xtra,N/A,unreviewed,,,
MASSEY FERGUSON,MF4707 NO CAB,MF4707 NO CAB,N/A,unreviewed,,,
MASSEY FERGUSON,MF4707 NON CAB,MF4707 NON CAB,N/A,unreviewed,,,
MASSEY FERGUSON,MF4708,MF4708,N/A,unreviewed,,,
MASSEY FERGUSON,MF4708 NON CAB,MF4708 NON CAB,N/A,unreviewed,,,
MASSEY FERGUSON,MF480 XTRA CAB,MF480 Xtra Cab,N/A,unreviewed,,,
MASSEY FERGUSON,MF5710 CAB,MF5710 CAB,N/A,unreviewed,,,
MASSEY FERGUSON,MF5710 NON CAB,MF5710 NON CAB,N/A,unreviewed,,,
MASSEY FERGUSON,MF5710CAB,MF5710CAB,N/A,unreviewed,,,
MASSEY FERGUSON,MF6712,MF6712,N/A,unreviewed,,,
MASSEY FERGUSON,MF6712 CAB,MF6712 CAB,N/A,unreviewed,,,
MASSEY FERGUSON,MF6712CAB,MF6712CAB,N/A,unreviewed,,,
MASSEY FERGUSON,MF6713 CAB,MF6713 CAB,N/A,unreviewed,,,
MASSEY FERGUSON,MF6713CAB,MF6713CAB,N/A,unreviewed,,,
MASSEY FERGUSON,MF7618,MF7618,N/A,unreviewed,,,
MASSEY FERGUSON,MF7618 DYNA6,MF7618 DYNA6,N/A,unreviewed,,,
MAX,932AL,932AL,N/A,unreviewed,,,
MAX,940A,940A,N/A,unreviewed,,,
MAX,YZ12HD,YZ12HD,N/A,unreviewed,,,
MAXUS,1V80,1V80,N/A,unreviewed,,,
MAXUS,EPC1A,EPC1A,N/A,unreviewed,,,
MAXUS,MIFA9,MIFA9,N/A,unreviewed,,,
MAZDA,CX-3,CX-3,N/A,unreviewed,,,
MAZDA,MAZDA 2,MAZDA 2,N/A,unreviewed,,,
MAZDA,MAZDA 3,MAZDA 3,N/A,unreviewed,,,
MAZDA,MAZDA 6,MAZDA 6,N/A,unreviewed,,,
MAZDA,MAZDA BT-50,MAZDA BT-50,N/A,unreviewed,,,
MAZDA,MAZDA BT50,MAZDA BT50,N/A,unreviewed,,,
MAZDA,MAZDA CX-3,MAZDA CX-3,N/A,unreviewed,,,
MAZDA,MAZDA CX-30,MAZDA CX-30,N/A,unreviewed,,,
MAZDA,MAZDA CX-5,MAZDA CX-5,N/A,unreviewed,,,
MAZDA,MAZDA CX-8,MAZDA CX-8,N/A,unreviewed,,,
MAZDA,MAZDA MX-5,MAZDA MX-5,N/A,unreviewed,,,
MAZDA,MAZDA3,MAZDA3,N/A,unreviewed,,,
MAZDA,MX-30,MX-30,N/A,unreviewed,,,
MAZDA,MX-5,MX-5,N/A,unreviewed,,,
MAZDA,MX-5 ROADSTER,MX-5 ROADSTER,N/A,unreviewed,,,
MAZDA,MX-5 ROADSTER 30TH ANNIVERSARY,MX-5 ROADSTER 30TH ANNIVERSARY,N/A,unreviewed,,,
MAZDA,MX-5 ROADSTER 990S,MX-5 ROADSTER 990S,N/A,unreviewed,,,
MAZDA,MX-5 ROADSTER BROWN TOP,MX-5 ROADSTER BROWN TOP,N/A,unreviewed,,,
MAZDA,MX-5 ROADSTER NR-A,MX-5 ROADSTER NR-A,N/A,unreviewed,,,
MAZDA,MX-5 ROADSTER RF 100TH,MX-5 ROADSTER RF 100TH,N/A,unreviewed,,,
MAZDA,MX-5 ROADSTER S,MX-5 ROADSTER S,N/A,unreviewed,,,
MAZDA,MX-5 ROADSTER S SPECIAL PACKAG,MX-5 ROADSTER S SPECIAL PACKAG,N/A,unreviewed,,,
MAZDA,MX-5 ROADSTER100TH ANNIVERSARY,MX-5 ROADSTER100TH ANNIVERSARY,N/A,unreviewed,,,
MAZDA,MX-5 ROADSTER30TH ANNIVERSARY,MX-5 ROADSTER30TH ANNIVERSARY,N/A,unreviewed,,,
MAZDA,ROADSTER,ROADSTER,N/A,unreviewed,,,
MAZDA,ROADSTER 35TH ANNIVERSARY,ROADSTER 35TH ANNIVERSARY,N/A,unreviewed,,,
MAZDA,ROADSTER 990S,ROADSTER 990S,N/A,unreviewed,,,
MAZDA,ROADSTER 990S 1.5L,ROADSTER 990S 1.5L,N/A,unreviewed,,,
MAZDA,ROADSTER 990S 2WD 6MT,ROADSTER 990S 2WD 6MT,N/A,unreviewed,,,
MAZDA,ROADSTER BROWN TOP,ROADSTER BROWN TOP,N/A,unreviewed,,,
MAZDA,ROADSTER NR-A,ROADSTER NR-A,N/A,unreviewed,,,
MAZDA,ROADSTER RF,ROADSTER RF,N/A,unreviewed,,,
MAZDA,ROADSTER RF 35TH ANNIVERSARY,ROADSTER RF 35TH ANNIVERSARY,N/A,unreviewed,,,
MAZDA,ROADSTER RF S,ROADSTER RF S,N/A,unreviewed,,,
MAZDA,ROADSTER RF VS,ROADSTER RF VS,N/A,unreviewed,,,
MAZDA,ROADSTER RF VS TERRACOTTA,ROADSTER RF VS TERRACOTTA,N/A,unreviewed,,,
MAZDA,ROADSTER S,ROADSTER S,N/A,unreviewed,,,
MAZDA,ROADSTER S LEATHER PACKAGE,ROADSTER S LEATHER PACKAGE,N/A,unreviewed,,,
MAZDA,ROADSTER S SPECIAL PACKAGE,ROADSTER S SPECIAL PACKAGE,N/A,unreviewed,,,
MAZDA,ROADSTER SPIRIT RACING 12R,ROADSTER SPIRIT RACING 12R,N/A,unreviewed,,,
MAZDA,RX-7 SPIRIT R TYPE A,RX-7 SPIRIT R TYPE A,N/A,unreviewed,,,
MAZDA,RX-7 TYPE RB,RX-7 TYPE RB,N/A,unreviewed,,,
MCLAREN,570GT COUPE,570GT COUPE,N/A,unreviewed,,,
MCLAREN,600LT,600LT,N/A,unreviewed,,,
MCLAREN,600LT SPIDER,600LT Spider,N/A,unreviewed,,,
MCLAREN,620R COUPE,620R COUPE,N/A,unreviewed,,,
MCLAREN,720S COUPE,720S COUPE,N/A,unreviewed,,,
MCLAREN,720S COUPE PERFORMANCE,720S COUPE PERFORMANCE,N/A,unreviewed,,,
MCLAREN,720S COUPE V8,720S COUPE V8,N/A,unreviewed,,,
MCLAREN,720S LE MANS COUPE,720S LE MANS COUPE,N/A,unreviewed,,,
MCLAREN,720S PERFORMANCE SPYDER,720S PERFORMANCE SPYDER,N/A,unreviewed,,,
MCLAREN,720S SPIDER,720S SPIDER,N/A,unreviewed,,,
MCLAREN,750S COUPE,750S COUPE,N/A,unreviewed,,,
MCLAREN,750S SPIDER,750S SPIDER,N/A,unreviewed,,,
MCLAREN,765L T COUPE,765L T COUPE,N/A,unreviewed,,,
MCLAREN,765LT,765LT,N/A,unreviewed,,,
MCLAREN,765LT COUPE,765LT COUPE,N/A,unreviewed,,,
MCLAREN,765LT COUPLE,765LT COUPLE,N/A,unreviewed,,,
MCLAREN,765LT SPIDER,765LT SPIDER,N/A,unreviewed,,,
MCLAREN,765LT SPIDER V8 4.0L,765LT SPIDER V8 4.0L,N/A,unreviewed,,,
MCLAREN,ARTURA COUPE,ARTURA COUPE,N/A,unreviewed,,,
MCLAREN,ARTURA PHEV COUPE,ARTURA PHEV COUPE,N/A,unreviewed,,,
MCLAREN,ARTURA SPIDER,ARTURA SPIDER,N/A,unreviewed,,,
MCLAREN,ARTURA-COUPE,ARTURA-COUPE,N/A,unreviewed,,,
MCLAREN,GT,GT,N/A,unreviewed,,,
MCLAREN,GTS,GTS,N/A,unreviewed,,,
MEIWA,MUC40A,MUC40A,N/A,unreviewed,,,
MENGSHI,MENGSHI,MENGSHI,N/A,unreviewed,,,
MERCEDES-BENZ,250/8,250/8,N/A,unreviewed,,,
MERCEDES-BENZ,280GE,280GE,N/A,unreviewed,,,
MERCEDES-BENZ,380SL,380SL,N/A,unreviewed,,,
MERCEDES-BENZ,A 180,A 180,N/A,unreviewed,,,
MERCEDES-BENZ,A 200,A 200,N/A,unreviewed,,,
MERCEDES-BENZ,A 250 SPORT,A 250 SPORT,N/A,unreviewed,,,
MERCEDES-BENZ,AMG A 45 S 4MATIC+,AMG A 45 S 4MATIC+,N/A,unreviewed,,,
MERCEDES-BENZ,AMG C 43 4MATIC,AMG C 43 4MATIC,N/A,unreviewed,,,
MERCEDES-BENZ,AMG C43 4MATIC COUPE,AMG C43 4MATIC Coupe,N/A,unreviewed,,,
MERCEDES-BENZ,AMG CLA 35 4MATIC COUPE,AMG CLA 35 4MATIC Coupe,N/A,unreviewed,,,
MERCEDES-BENZ,AMG CLA 45 S 4MATIC+,AMG CLA 45 S 4MATIC+,N/A,unreviewed,,,
MERCEDES-BENZ,AMG CLE 53 4MATIC COUPE,AMG CLE 53 4MATIC coupe,N/A,unreviewed,,,
MERCEDES-BENZ,AMG CLS 53 4MATIC,AMG CLS 53 4MATIC,N/A,unreviewed,,,
MERCEDES-BENZ,AMG E 53 4MATIC+,AMG E 53 4MATIC+,N/A,unreviewed,,,
MERCEDES-BENZ,AMG E 53 4MATIC+ COUPE,AMG E 53 4MATIC+ Coupe,N/A,unreviewed,,,
MERCEDES-BENZ,AMG E 63 S,AMG E 63 S,N/A,unreviewed,,,
MERCEDES-BENZ,AMG E53 CABRIOLET,AMG E53 CABRIOLET,N/A,unreviewed,,,
MERCEDES-BENZ,AMG EQE 53 4MATIC+,AMG EQE 53 4MATIC+,N/A,unreviewed,,,
MERCEDES-BENZ,AMG G 63,AMG G 63,N/A,unreviewed,,,
MERCEDES-BENZ,AMG G400D,AMG G400D,N/A,unreviewed,,,
MERCEDES-BENZ,AMG G400D LINE PREMIUM PLUS,AMG G400D LINE PREMIUM PLUS,N/A,unreviewed,,,
MERCEDES-BENZ,AMG G63,AMG G63,N/A,unreviewed,,,
MERCEDES-BENZ,AMG G63 BRABUS,AMG G63 BRABUS,N/A,unreviewed,,,
MERCEDES-BENZ,AMG GLA 35 4MATIC,AMG GLA 35 4MATIC,N/A,unreviewed,,,
MERCEDES-BENZ,AMG GLA 45 4MATIC,AMG GLA 45 4MATIC,N/A,unreviewed,,,
MERCEDES-BENZ,AMG GLC 43 4MATIC COUPE,AMG GLC 43 4MATIC Coupe,N/A,unreviewed,,,
MERCEDES-BENZ,AMG GLC63 S 4MATIC+ COUPE,AMG GLC63 S 4MATIC+ Coupe,N/A,unreviewed,,,
MERCEDES-BENZ,AMG GLE 43 4MATIC COUPE,AMG GLE 43 4MATIC Coupe,N/A,unreviewed,,,
MERCEDES-BENZ,AMG GLE 43 COUPE,AMG GLE 43 Coupe,N/A,unreviewed,,,
MERCEDES-BENZ,AMG GLE 53 4MATIC+,AMG GLE 53 4MATIC+,N/A,unreviewed,,,
MERCEDES-BENZ,AMG GLE 53 HYBRID 4MATIC+,AMG GLE 53 HYBRID 4MATIC+,N/A,unreviewed,,,
MERCEDES-BENZ,AMG GT 53 4MATIC+,AMG GT 53 4MATIC+,N/A,unreviewed,,,
MERCEDES-BENZ,AMG GT 63 4MATIC+,AMG GT 63 4MATIC+,N/A,unreviewed,,,
MERCEDES-BENZ,AMG GT 63 S 4MATIC+,AMG GT 63 S 4MATIC+,N/A,unreviewed,,,
MERCEDES-BENZ,AMG GT BLACK SERIES,AMG GT Black Series,N/A,unreviewed,,,
MERCEDES-BENZ,AMG GT C,AMG GT C,N/A,unreviewed,,,
MERCEDES-BENZ,AMG GT C ROADSTER,AMG GT C ROADSTER,N/A,unreviewed,,,
MERCEDES-BENZ,AMG GT R,AMG GT R,N/A,unreviewed,,,
MERCEDES-BENZ,AMG GT R PRO,AMG GT R PRO,N/A,unreviewed,,,
MERCEDES-BENZ,AMG GT R ROADSTER,AMG GT R ROADSTER,N/A,unreviewed,,,
MERCEDES-BENZ,AMG GT S,AMG GT S,N/A,unreviewed,,,
MERCEDES-BENZ,AMG GT-R PRO COUPE,AMG GT-R PRO COUPE,N/A,unreviewed,,,
MERCEDES-BENZ,AMG SL 43,AMG SL 43,N/A,unreviewed,,,
MERCEDES-BENZ,AMG SLC 43,AMG SLC 43,N/A,unreviewed,,,
MERCEDES-BENZ,AMGC 63 S COUPE,AMGC 63 S Coupe,N/A,unreviewed,,,
MERCEDES-BENZ,AMGSLC 43,AMGSLC 43,N/A,unreviewed,,,
MERCEDES-BENZ,C 180,C 180,N/A,unreviewed,,,
MERCEDES-BENZ,C 180 COUPE,C 180 COUPE,N/A,unreviewed,,,
MERCEDES-BENZ,C 200 CGI BE,C 200 CGI BE,N/A,unreviewed,,,
MERCEDES-BENZ,C 200 COUPE,C 200 Coupe,N/A,unreviewed,,,
MERCEDES-BENZ,C 200 SEDAN,C 200 SEDAN,N/A,unreviewed,,,
MERCEDES-BENZ,C 220 CDI,C 220 CDI,N/A,unreviewed,,,
MERCEDES-BENZ,C 220 D,C 220 d,N/A,unreviewed,,,
MERCEDES-BENZ,C 250 COUPE,C 250 COUPE,N/A,unreviewed,,,
MERCEDES-BENZ,C 300 BLUETEC HYBRID,C 300 BLUETEC HYBRID,N/A,unreviewed,,,
MERCEDES-BENZ,C 300 E,C 300 e,N/A,unreviewed,,,
MERCEDES-BENZ,C 350 E,C 350 e,N/A,unreviewed,,,
MERCEDES-BENZ,C180 CGI SALOON,C180 CGI SALOON,N/A,unreviewed,,,
MERCEDES-BENZ,C180 SPORT COUPE,C180 SPORT COUPE,N/A,unreviewed,,,
MERCEDES-BENZ,C250,C250,N/A,unreviewed,,,
MERCEDES-BENZ,C250 COUPE,C250 COUPE,N/A,unreviewed,,,
MERCEDES-BENZ,C300 CABRIOLET,C300 Cabriolet,N/A,unreviewed,,,
MERCEDES-BENZ,C350 E,C350 e,N/A,unreviewed,,,
MERCEDES-BENZ,CLA 180,CLA 180,N/A,unreviewed,,,
MERCEDES-BENZ,CLA 180 CGI AMG,CLA 180 CGI AMG,N/A,unreviewed,,,
MERCEDES-BENZ,CLA 180 CGI COUPE,CLA 180 CGI COUPE,N/A,unreviewed,,,
MERCEDES-BENZ,CLA 200,CLA 200,N/A,unreviewed,,,
MERCEDES-BENZ,CLA 250,CLA 250,N/A,unreviewed,,,
MERCEDES-BENZ,CLA 250 COUPE,CLA 250 COUPE,N/A,unreviewed,,,
MERCEDES-BENZ,CLA 250 SHOOTING BRAKE,CLA 250 Shooting Brake,N/A,unreviewed,,,
MERCEDES-BENZ,CLA200,CLA200,N/A,unreviewed,,,
MERCEDES-BENZ,CLA200D COUPE,CLA200D COUPE,N/A,unreviewed,,,
MERCEDES-BENZ,CLA200D SHOOTING BRAKE,CLA200D SHOOTING BRAKE,N/A,unreviewed,,,
MERCEDES-BENZ,CLA250,CLA250,N/A,unreviewed,,,
MERCEDES-BENZ,CLE 300 4MATIC COUPE,CLE 300 4MATIC coupe,N/A,unreviewed,,,
MERCEDES-BENZ,CLS 220 D,CLS 220 d,N/A,unreviewed,,,
MERCEDES-BENZ,CLS 250 CDI BE COUPE,CLS 250 CDI BE COUPE,N/A,unreviewed,,,
MERCEDES-BENZ,CLS 250 CDI COUPE,CLS 250 CDI COUPE,N/A,unreviewed,,,
MERCEDES-BENZ,CLS 250 D COUPE,CLS 250 d COUPE,N/A,unreviewed,,,
MERCEDES-BENZ,CLS 300 D,CLS 300 d,N/A,unreviewed,,,
MERCEDES-BENZ,CLS 300 D COUPE,CLS 300 d Coupe,N/A,unreviewed,,,
MERCEDES-BENZ,E 200 CABRIOLET,E 200 Cabriolet,N/A,unreviewed,,,
MERCEDES-BENZ,E 200 COUPE,E 200 Coupe,N/A,unreviewed,,,
MERCEDES-BENZ,E 200 NGT,E 200 NGT,N/A,unreviewed,,,
MERCEDES-BENZ,E 200 SEDAN,E 200 SEDAN,N/A,unreviewed,,,
MERCEDES-BENZ,E 220 D,E 220 d,N/A,unreviewed,,,
MERCEDES-BENZ,E 220 D SEDAN,E 220 d Sedan,N/A,unreviewed,,,
MERCEDES-BENZ,E 250 CABRIOLET,E 250 Cabriolet,N/A,unreviewed,,,
MERCEDES-BENZ,E 300 BLUETEC HYBRID,E 300 BLUETEC HYBRID,N/A,unreviewed,,,
MERCEDES-BENZ,E 300 CABRIOLET,E 300 Cabriolet,N/A,unreviewed,,,
MERCEDES-BENZ,E 300 COUPE,E 300 Coupe,N/A,unreviewed,,,
MERCEDES-BENZ,E 300 E,E 300 e,N/A,unreviewed,,,
MERCEDES-BENZ,E 350 E,E 350 e,N/A,unreviewed,,,
MERCEDES-BENZ,E200 CGI SALOON,E200 CGI SALOON,N/A,unreviewed,,,
MERCEDES-BENZ,E220D,E220D,N/A,unreviewed,,,
MERCEDES-BENZ,E250 CDI,E250 CDI,N/A,unreviewed,,,
MERCEDES-BENZ,E250 CGI SALOON,E250 CGI SALOON,N/A,unreviewed,,,
MERCEDES-BENZ,E250 COUPE,E250 COUPE,N/A,unreviewed,,,
MERCEDES-BENZ,E300 AMG LINE CONVERTIBLE,E300 AMG LINE CONVERTIBLE,N/A,unreviewed,,,
MERCEDES-BENZ,E300 COUPE,E300 Coupe,N/A,unreviewed,,,
MERCEDES-BENZ,E400D AMG LINE NIGHT EDITION,E400D AMG LINE NIGHT EDITION,N/A,unreviewed,,,
MERCEDES-BENZ,E400D CABRIOLET,E400d CABRIOLET,N/A,unreviewed,,,
MERCEDES-BENZ,EQB 250,EQB,N/A,unreviewed,,,
MERCEDES-BENZ,EQB 250+,EQB,N/A,unreviewed,,,
MERCEDES-BENZ,EQE 300,EQE,N/A,unreviewed,,,
MERCEDES-BENZ,EQE 300 PREMIUM PLUS,EQE,N/A,unreviewed,,,
MERCEDES-BENZ,EQE 350 4MATIC SUV,EQE,N/A,unreviewed,,,
MERCEDES-BENZ,EQE 350+,EQE,N/A,unreviewed,,,
MERCEDES-BENZ,EQS 450,EQS,N/A,unreviewed,,,
MERCEDES-BENZ,EQS 450 4MATIC SUV,EQS,N/A,unreviewed,,,
MERCEDES-BENZ,EQS 450 PLUS,EQS,N/A,unreviewed,,,
MERCEDES-BENZ,EQS 450+,EQS,N/A,unreviewed,,,
MERCEDES-BENZ,EQS 500 4MATIC,EQS,N/A,unreviewed,,,
MERCEDES-BENZ,EQS 500 4MATIC SUV,EQS,N/A,unreviewed,,,
MERCEDES-BENZ,G 350 D,G 350 d,N/A,unreviewed,,,
MERCEDES-BENZ,G 350 D AMG,G 350 d AMG,N/A,unreviewed,,,
MERCEDES-BENZ,G 350 D PROFESSIONAL LHD,G 350 D PROFESSIONAL LHD,N/A,unreviewed,,,
MERCEDES-BENZ,G 450 D,G 450 d,N/A,unreviewed,,,
MERCEDES-BENZ,G 450 D AMG-LINE,G 450 D AMG-Line,N/A,unreviewed,,,
MERCEDES-BENZ,G 580,G 580,N/A,unreviewed,,,
MERCEDES-BENZ,G350 D,G350 D,N/A,unreviewed,,,
MERCEDES-BENZ,G350 D HERITAGE EDITION,G350 D HERITAGE EDITION,N/A,unreviewed,,,
MERCEDES-BENZ,G400 D,G400 D,N/A,unreviewed,,,
MERCEDES-BENZ,G400 D AMG,G400 D AMG,N/A,unreviewed,,,
MERCEDES-BENZ,G400 D AMG LINE,G400 D AMG LINE,N/A,unreviewed,,,
MERCEDES-BENZ,G400 D AMG LINE PREMIUM PLUS,G400 D AMG LINE PREMIUM PLUS,N/A,unreviewed,,,
MERCEDES-BENZ,G400 D PROFESSIONAL,G400 D PROFESSIONAL,N/A,unreviewed,,,
MERCEDES-BENZ,G400 D PROFESSIONAL EDITION,G400 D PROFESSIONAL EDITION,N/A,unreviewed,,,
MERCEDES-BENZ,G450 D AMG,G450 D AMG,N/A,unreviewed,,,
MERCEDES-BENZ,G450 D AMG PREMIUM LINE PLUS,G450 D AMG PREMIUM LINE PLUS,N/A,unreviewed,,,
MERCEDES-BENZ,G450D AMG LINE,G450D AMG LINE,N/A,unreviewed,,,
MERCEDES-BENZ,G500 4X4 SQUARED,G500 4X4 SQUARED,N/A,unreviewed,,,
MERCEDES-BENZ,G580 EQ EDITION ONE,G580 EQ Edition One,N/A,unreviewed,,,
MERCEDES-BENZ,G63 AMG,G63 AMG,N/A,unreviewed,,,
MERCEDES-BENZ,G63 AMG BRABUS 800,G63 AMG BRABUS 800,N/A,unreviewed,,,
MERCEDES-BENZ,G63 BRABUS,G63 BRABUS,N/A,unreviewed,,,
MERCEDES-BENZ,GLA 200,GLA 200,N/A,unreviewed,,,
MERCEDES-BENZ,GLA 250,GLA 250,N/A,unreviewed,,,
MERCEDES-BENZ,GLA 45 AMG 4MATIC,GLA 45 AMG 4MATIC,N/A,unreviewed,,,
MERCEDES-BENZ,GLB 200,GLB 200,N/A,unreviewed,,,
MERCEDES-BENZ,GLC 220 D,GLC 220 d,N/A,unreviewed,,,
MERCEDES-BENZ,GLC 220 D 4MATIC,GLC 220 d 4MATIC,N/A,unreviewed,,,
MERCEDES-BENZ,GLC 220 D 4MATIC COUPE,GLC 220 d 4MATIC Coupe,N/A,unreviewed,,,
MERCEDES-BENZ,GLC 250 4MATIC COUPE,GLC 250 4MATIC Coupe,N/A,unreviewed,,,
MERCEDES-BENZ,GLC 250 D 4MATIC,GLC 250 d 4MATIC,N/A,unreviewed,,,
MERCEDES-BENZ,GLC 250 D 4MATIC COUPE,GLC 250 d 4MATIC Coupe,N/A,unreviewed,,,
MERCEDES-BENZ,GLC 300 E 4MATIC,GLC 300 e 4MATIC,N/A,unreviewed,,,
MERCEDES-BENZ,GLC 300 E 4MATIC COUPE,GLC 300 e 4MATIC Coupe,N/A,unreviewed,,,
MERCEDES-BENZ,GLC 350 E 4MATIC,GLC 350 e 4MATIC,N/A,unreviewed,,,
MERCEDES-BENZ,GLC 350 E 4MATIC COUPE,GLC 350 e 4MATIC coupe,N/A,unreviewed,,,
MERCEDES-BENZ,GLC250 D 4MATIC COUPE,GLC250 d 4MATIC Coupe,N/A,unreviewed,,,
MERCEDES-BENZ,GLE 250 D 4MATIC,GLE 250 d 4MATIC,N/A,unreviewed,,,
MERCEDES-BENZ,GLE 300 D 4MATIC,GLE 300 d 4MATIC,N/A,unreviewed,,,
MERCEDES-BENZ,GLE 350 D 4MATIC COUPE,GLE 350 d 4MATIC Coupe,N/A,unreviewed,,,
MERCEDES-BENZ,GLE 350 DE 4MATIC,GLE 350 de 4MATIC,N/A,unreviewed,,,
MERCEDES-BENZ,GLE 500 E 4MATIC,GLE 500 e 4MATIC,N/A,unreviewed,,,
MERCEDES-BENZ,GLS 350 D 4MATIC,GLS 350 d 4MATIC,N/A,unreviewed,,,
MERCEDES-BENZ,GLS 450 D 4MATIC,GLS 450 d 4MATIC,N/A,unreviewed,,,
MERCEDES-BENZ,MAYBACH EQS 680 SUV,MAYBACH EQS 680 SUV,N/A,unreviewed,,,
MERCEDES-BENZ,MAYBACH GLS 600 4MATIC,Maybach GLS 600 4MATIC,N/A,unreviewed,,,
MERCEDES-BENZ,MAYBACH GLS600,MAYBACH GLS600,N/A,unreviewed,,,
MERCEDES-BENZ,MAYBACH GLS600 4MATIC,MAYBACH GLS600 4MATIC,N/A,unreviewed,,,
MERCEDES-BENZ,MAYBACH S 560,Maybach S 560,N/A,unreviewed,,,
MERCEDES-BENZ,MAYBACH S 580 4MATIC,Maybach S 580 4MATIC,N/A,unreviewed,,,
MERCEDES-BENZ,MAYBACH S 580 E,Maybach S 580 e,N/A,unreviewed,,,
MERCEDES-BENZ,MAYBACH S 680,MAYBACH S 680,N/A,unreviewed,,,
MERCEDES-BENZ,MAYBACH S580,MAYBACH S580,N/A,unreviewed,,,
MERCEDES-BENZ,MAYBACH S580 4 MATIC,MAYBACH S580 4 matic,N/A,unreviewed,,,
MERCEDES-BENZ,MAYBACH S650,MAYBACH S650,N/A,unreviewed,,,
MERCEDES-BENZ,MAYBACH S680,MAYBACH S680,N/A,unreviewed,,,
MERCEDES-BENZ,MB TRAC 1300,MB TRAC 1300,N/A,unreviewed,,,
MERCEDES-BENZ,MERCEDES-AMG CLE 53,MERCEDES-AMG CLE 53,N/A,unreviewed,,,
MERCEDES-BENZ,MERCEDES-AMG GLE 53,MERCEDES-AMG GLE 53,N/A,unreviewed,,,
MERCEDES-BENZ,ML 250 BLUETEC 4MATIC,ML 250 BLUETEC 4MATIC,N/A,unreviewed,,,
MERCEDES-BENZ,OF917 4250 RHD,OF917 4250 RHD,N/A,unreviewed,,,
MERCEDES-BENZ,PONTON 190,PONTON 190,N/A,unreviewed,,,
MERCEDES-BENZ,PONTON 220S,PONTON 220S,N/A,unreviewed,,,
MERCEDES-BENZ,S 300 BLUETEC HYBRID,S 300 BLUETEC HYBRID,N/A,unreviewed,,,
MERCEDES-BENZ,S 350 D,S 350 d,N/A,unreviewed,,,
MERCEDES-BENZ,S 350D LWB SALOON,S 350D LWB SALOON,N/A,unreviewed,,,
MERCEDES-BENZ,S 500 CABRIOLET,S 500 Cabriolet,N/A,unreviewed,,,
MERCEDES-BENZ,S 500 E,S 500 e,N/A,unreviewed,,,
MERCEDES-BENZ,S 500 L,S 500 L,N/A,unreviewed,,,
MERCEDES-BENZ,S 500 L 4MATIC LIMOUSINE,S 500 L 4MATIC LIMOUSINE,N/A,unreviewed,,,
MERCEDES-BENZ,S 500L MILD HYBRID,S 500L MILD HYBRID,N/A,unreviewed,,,
MERCEDES-BENZ,S 560 COUPE,S 560 Coupe,N/A,unreviewed,,,
MERCEDES-BENZ,S 560 E,S 560 e,N/A,unreviewed,,,
MERCEDES-BENZ,S 580 E,S 580 e,N/A,unreviewed,,,
MERCEDES-BENZ,S300L,S300L,N/A,unreviewed,,,
MERCEDES-BENZ,S350D,S350D,N/A,unreviewed,,,
MERCEDES-BENZ,S500 4MATIC L AMG LINE,S500 4MATIC L AMG LINE,N/A,unreviewed,,,
MERCEDES-BENZ,S500 HYBRID,S500 HYBRID,N/A,unreviewed,,,
MERCEDES-BENZ,S500 LWB AMG LINE PREMIUM,S500 LWB AMG LINE Premium,N/A,unreviewed,,,
MERCEDES-BENZ,S500L AMG SALOON,S500L AMG SALOON,N/A,unreviewed,,,
MERCEDES-BENZ,S580E L AMG,S580E L AMG,N/A,unreviewed,,,
MERCEDES-BENZ,S63 AMG,S63 AMG,N/A,unreviewed,,,
MERCEDES-BENZ,S680 4 M,S680 4 M,N/A,unreviewed,,,
MERCEDES-BENZ,SL 43,SL 43,N/A,unreviewed,,,
MERCEDES-BENZ,SL 55 4MATIC+,SL 55 4MATIC+,N/A,unreviewed,,,
MERCEDES-BENZ,SL350 ROADSTER,SL350 ROADSTER,N/A,unreviewed,,,
MERCEDES-BENZ,SL63 AMG,SL63 AMG,N/A,unreviewed,,,
MERCEDES-BENZ,SLC 300,SLC 300,N/A,unreviewed,,,
MERCEDES-BENZ,SLC300,SLC300,N/A,unreviewed,,,
MERCEDES-BENZ,SLK 200 BE ROADSTER,SLK 200 BE ROADSTER,N/A,unreviewed,,,
MERCEDES-BENZ,SLK200,SLK200,N/A,unreviewed,,,
MERCEDES-BENZ,SLK280,SLK280,N/A,unreviewed,,,
MERCEDES-BENZ,SPRINTER,SPRINTER,N/A,unreviewed,,,
MERCEDES-BENZ,SPRINTER 2.2 DIESEL,SPRINTER 2.2 DIESEL,N/A,unreviewed,,,
MERCEDES-BENZ,SPRINTER 316 CDI,SPRINTER 316 CDI,N/A,unreviewed,,,
MERCEDES-BENZ,SPRINTER 319 CDI,SPRINTER 319 CDI,N/A,unreviewed,,,
MERCEDES-BENZ,SPRINTER 319 CDI EURO,SPRINTER 319 CDI EURO,N/A,unreviewed,,,
MERCEDES-BENZ,SPRINTER 319 CDI VAN,SPRINTER 319 CDI VAN,N/A,unreviewed,,,
MERCEDES-BENZ,SPRINTER 324 VAN,SPRINTER 324 VAN,N/A,unreviewed,,,
MERCEDES-BENZ,SPRINTER 388 SINGLE,SPRINTER 388 SINGLE,N/A,unreviewed,,,
MERCEDES-BENZ,SPRINTER 416 CDI VAN,SPRINTER 416 CDI VAN,N/A,unreviewed,,,
MERCEDES-BENZ,SPRINTER 419 CDI,SPRINTER 419 CDI,N/A,unreviewed,,,
MERCEDES-BENZ,SPRINTER 419 CDI (907),SPRINTER 419 CDI (907),N/A,unreviewed,,,
MERCEDES-BENZ,SPRINTER 419 CDI VAN,SPRINTER 419 CDI VAN,N/A,unreviewed,,,
MERCEDES-BENZ,SPRINTER 519 BLUETEC,SPRINTER 519 BLUETEC,N/A,unreviewed,,,
MERCEDES-BENZ,SPRINTER 519 CDI,SPRINTER 519 CDI,N/A,unreviewed,,,
MERCEDES-BENZ,SPRINTER 519 CDI VAN,SPRINTER 519 CDI VAN,N/A,unreviewed,,,
MERCEDES-BENZ,TYPE S 580 4MATIC,TYPE S 580 4MATIC,N/A,unreviewed,,,
MERCEDES-BENZ,UGE-232 (UNIMOG U218),UGE-232 (UNIMOG U218),N/A,unreviewed,,,
MERCEDES-BENZ,V 220 D,V 220 d,N/A,unreviewed,,,
MERCEDES-BENZ,V 250 D,V 250 d,N/A,unreviewed,,,
MERCEDES-BENZ,V 300 D,V 300 d,N/A,unreviewed,,,
MERCEDES-BENZ,V250 D,V250 D,N/A,unreviewed,,,
MERCEDES-BENZ,V300 D AMG LINE,V300 d AMG Line,N/A,unreviewed,,,
MERCEDES-BENZ,V300D,V300D,N/A,unreviewed,,,
MERCEDES-BENZ,VITO 115 CDI COM.EX.LONG,VITO 115 CDI COM.EX.LONG,N/A,unreviewed,,,
MERCEDES-BENZ,VITO 116 CDI,VITO 116 CDI,N/A,unreviewed,,,
MERCEDES-BENZ,VITO 116 CDI VAN EX.LONG,VITO 116 CDI VAN EX.LONG,N/A,unreviewed,,,
MERCEDES-BENZ,VITO 116 CDI VAN EXTRA LO,VITO 116 CDI VAN EXTRA LO,N/A,unreviewed,,,
MERCEDES-BENZ,VITO 119 CDI,VITO 119 CDI,N/A,unreviewed,,,
MERCEDES-BENZ,VITO 119 CDI PANEL VAN,VITO 119 CDI PANEL VAN,N/A,unreviewed,,,
MERCEDES-BENZ,VITO 119 CDI TOURER,VITO 119 CDI TOURER,N/A,unreviewed,,,
MERCEDES-BENZ,X 250 D 4MATIC,X 250 D 4MATIC,N/A,unreviewed,,,
MESSERSCHMITT,KABINENROLLER,KABINENROLLER,N/A,unreviewed,,,
MG,CYBERSTER,CYBERSTER,N/A,unreviewed,,,
MG,EP,EP,N/A,unreviewed,,,
MG,ES,ES,N/A,unreviewed,,,
MG,HS,HS,N/A,unreviewed,,,
MG,HS PHEV,HS PHEV,N/A,unreviewed,,,
MG,IM5,IM5,N/A,unreviewed,,,
MG,IM6,IM6,N/A,unreviewed,,,
MG,MAXUS 7,MAXUS 7,N/A,unreviewed,,,
MG,MAXUS 9,MAXUS 9,N/A,unreviewed,,,
MG,MG EP PLUS,EP,N/A,unreviewed,,,
MG,MG EXTENDER,MG EXTENDER,N/A,unreviewed,,,
MG,MG GS,MG GS,N/A,unreviewed,,,
MG,MG3,MG3,N/A,unreviewed,,,
MG,MG4 ELECTRIC,MG4 ELECTRIC,N/A,unreviewed,,,
MG,MG4 XPOWER,MG4 ELECTRIC,N/A,unreviewed,,,
MG,MG5,MG5,N/A,unreviewed,,,
MG,MG5 1.5 X,MG5,N/A,unreviewed,,,
MG,MG6,MG6,N/A,unreviewed,,,
MG,NEW MG3,NEW MG3,N/A,unreviewed,,,
MG,S5 EV,S5 EV,N/A,unreviewed,,,
MG,VS HEV,VS HEV,N/A,unreviewed,,,
MG,ZS,ZS,N/A,unreviewed,,,
MG,ZS EV,ZS EV,N/A,unreviewed,,,
MG,ZS1,ZS1,N/A,unreviewed,,,
MINE MOBILITY,MTS-MT30,MTS-MT30,N/A,unreviewed,,,
MINE MOBILITY,SPA1,SPA1,N/A,unreviewed,,,
MINI,ACEMAN SE RHD,Aceman SE,N/A,unreviewed,,,
MINI,COOPER 5-TURER RHD,Cooper 5-Turer RHD,N/A,unreviewed,,,
MINI,COOPER CLUBMAN RHD,Cooper Clubman RHD,N/A,unreviewed,,,
MINI,COOPER COUNTRYMAN HIGHTRI,COOPER COUNTRYMAN HIGHTRI,N/A,unreviewed,,,
MINI,COOPER D 5-TURER RHD,Cooper D 5-Turer RHD,N/A,unreviewed,,,
MINI,COOPER D CLUBMAN RHD,Cooper D Clubman RHD,N/A,unreviewed,,,
MINI,COOPER D RHD,Cooper D RHD,N/A,unreviewed,,,
MINI,COOPER ELECTRIC,Cooper SE,N/A,unreviewed,,,
MINI,COOPER ELECTRIC LEVEL 3,Cooper SE,N/A,unreviewed,,,
MINI,COOPER HATCH RHD,Cooper Hatch RHD,N/A,unreviewed,,,
MINI,COOPER S 3-DOOR HATCH,COOPER S 3-DOOR HATCH,N/A,unreviewed,,,
MINI,COOPER S 5-TURER RHD,Cooper S 5-Turer RHD,N/A,unreviewed,,,
MINI,COOPER S 60TH ANNIVERSARY,COOPER S 60TH ANNIVERSARY,N/A,unreviewed,,,
MINI,COOPER S CABRIO RHD,Cooper S Cabrio RHD,N/A,unreviewed,,,
MINI,COOPER S CLUBMAN RHD,Cooper S Clubman RHD,N/A,unreviewed,,,
MINI,COOPER S CONVERTIBLE RHD,Cooper S Convertible RHD,N/A,unreviewed,,,
MINI,COOPER S COUNTRYMAN,Cooper S Countryman,N/A,unreviewed,,,
MINI,COOPER S COUNTRYMAN RHD,Cooper S Countryman RHD,N/A,unreviewed,,,
MINI,COOPER S COUPE,COOPER S COUPE,N/A,unreviewed,,,
MINI,COOPER S HATCH 2.0 60 YEARS,COOPER S HATCH 2.0 60 YEARS,N/A,unreviewed,,,
MINI,COOPER S HATCH RHD,Cooper S Hatch RHD,N/A,unreviewed,,,
MINI,COOPER S RHD,Cooper S RHD,N/A,unreviewed,,,
MINI,COOPER SD ALL4 COUNTRYMAN,COOPER SD ALL4 COUNTRYMAN,N/A,unreviewed,,,
MINI,COOPER SD RHD,COOPER SD RHD,N/A,unreviewed,,,
MINI,COOPER SE,Cooper SE,N/A,unreviewed,,,
MINI,COOPER SE HATCH RHD,Cooper SE,N/A,unreviewed,,,
MINI,COOPER SE RHD,Cooper SE,N/A,unreviewed,,,
MINI,COUNTRYMAN S ALL4,Countryman S ALL4,N/A,unreviewed,,,
MINI,COUNTRYMAN SE ALL4 RHD,Countryman SE,N/A,unreviewed,,,
MINI,ELECTRIC CONVERTIBLE,ELECTRIC CONVERTIBLE,N/A,unreviewed,,,
MINI,JCW ACEMAN E,JCW Aceman E,N/A,unreviewed,,,
MINI,JCW CONVERTIBLE RHD,JCW Convertible RHD,N/A,unreviewed,,,
MINI,JCW COUNTRYMAN ALL4,JCW Countryman ALL4,N/A,unreviewed,,,
MINI,JCW COUNTRYMAN ALL4 RHD,JCW Countryman ALL4 RHD,N/A,unreviewed,,,
MINI,JCW E,JCW E,N/A,unreviewed,,,
MINI,JCW RHD,JCW RHD,N/A,unreviewed,,,
MINI,JOHN COOPER WORKS ALL4 CL,John Cooper Works ALL4 Cl,N/A,unreviewed,,,
MINI,JOHN COOPER WORKS ALL4 CLUBMAN,John Cooper Works ALL4 Clubman,N/A,unreviewed,,,
MINI,JOHN COOPER WORKS ALL4 CO,John Cooper Works ALL4 Co,N/A,unreviewed,,,
MINI,JOHN COOPER WORKS ALL4 RH,John Cooper Works All4 RH,N/A,unreviewed,,,
MINI,JOHN COOPER WORKS CABRIO,John Cooper Works cabrio,N/A,unreviewed,,,
MINI,JOHN COOPER WORKS GP,JOHN COOPER WORKS GP,N/A,unreviewed,,,
MINI,JOHN COOPER WORKS GP III,JOHN COOPER WORKS GP III,N/A,unreviewed,,,
MINI,JOHN COOPER WORKS GP RHD,John Cooper Works GP RHD,N/A,unreviewed,,,
MINI,JOHN COOPER WORKS GP3,JOHN COOPER WORKS GP3,N/A,unreviewed,,,
MINI,JOHN COOPER WORKS HATCH,JOHN COOPER WORKS HATCH,N/A,unreviewed,,,
MINI,JOHN COOPER WORKS HATCH R,John Cooper Works Hatch R,N/A,unreviewed,,,
MINI,JOHN COOPER WORKS RHD,John Cooper Works RHD,N/A,unreviewed,,,
MINI,MINI COOPER CLUBMAN RHD,MINI COOPER CLUBMAN RHD,N/A,unreviewed,,,
MINI,MINI COOPER S ALL4 PACEMA,MINI COOPER S ALL4 PACEMA,N/A,unreviewed,,,
MINI,MINI COOPER S CABRIO RHD,MINI COOPER S CABRIO RHD,N/A,unreviewed,,,
MINI,ONE 1.6 HATCH,ONE 1.6 HATCH,N/A,unreviewed,,,
MINI,REMASTERED,REMASTERED,N/A,unreviewed,,,
MITSUBISHI,A03AXTHHRU,A03AXTHHRU,N/A,unreviewed,,,
MITSUBISHI,A03AXTMHRU,A03AXTMHRU,N/A,unreviewed,,,
MITSUBISHI,A13ASTMHRU,A13ASTMHRU,N/A,unreviewed,,,
MITSUBISHI,ATTRAGE,ATTRAGE,N/A,unreviewed,,,
MITSUBISHI,BD2F,BD2F,N/A,unreviewed,,,
MITSUBISHI,BD2G,BD2G,N/A,unreviewed,,,
MITSUBISHI,BD2GZ,BD2GZ,N/A,unreviewed,,,
MITSUBISHI,BD2H,BD2H,N/A,unreviewed,,,
MITSUBISHI,BD2J,BD2J,N/A,unreviewed,,,
MITSUBISHI,CY3ASTHHRU,CY3ASTHHRU,N/A,unreviewed,,,
MITSUBISHI,CY4ASTXHRU,CY4ASTXHRU,N/A,unreviewed,,,
MITSUBISHI,CY4ASTXHRU1,CY4ASTXHRU1,N/A,unreviewed,,,
MITSUBISHI,FD30NT,FD30NT,N/A,unreviewed,,,
MITSUBISHI,GX3600,GX3600,N/A,unreviewed,,,
MITSUBISHI,GX36A,GX36A,N/A,unreviewed,,,
MITSUBISHI,GX5000,GX5000,N/A,unreviewed,,,
MITSUBISHI,K14TUNSRUX,K14TUNSRUX,N/A,unreviewed,,,
MITSUBISHI,KA4TXJNHZPRU,KA4TXJNHZPRU,N/A,unreviewed,,,
MITSUBISHI,KA5TNCNUERU,KA5TNCNUERU,N/A,unreviewed,,,
MITSUBISHI,KA5TXJNHERU,KA5TXJNHERU,N/A,unreviewed,,,
MITSUBISHI,KB4TGJNXZPRU,KB4TGJNXZPRU,N/A,unreviewed,,,
MITSUBISHI,KB4TNENUZPRU,KB4TNENUZPRU,N/A,unreviewed,,,
MITSUBISHI,KG4WGYPSRU,KG4WGYPSRU,N/A,unreviewed,,,
MITSUBISHI,KG6WGYPYRU,KG6WGYPYRU,N/A,unreviewed,,,
MITSUBISHI,KH4WGYPZRU,KH4WGYPZRU,N/A,unreviewed,,,
MITSUBISHI,KP3TEYJFPRU,KP3TEYJFPRU,N/A,unreviewed,,,
MITSUBISHI,KR1WGUMFPRU,KR1WGUMFPRU,N/A,unreviewed,,,
MITSUBISHI,L049GWMNTJU,L049GWMNTJU,N/A,unreviewed,,,
MITSUBISHI,L200 2.5 M-CAB GLX (STRADA 2WD,L200 2.5 M-CAB GLX (STRADA 2WD,N/A,unreviewed,,,
MITSUBISHI,L200 2.5 STD. P/S (STRADA 2WD),L200 2.5 STD. P/S (STRADA 2WD),N/A,unreviewed,,,
MITSUBISHI,L200 P 2.5 S-CAB LOW,L200 P 2.5 S-CAB LOW,N/A,unreviewed,,,
MITSUBISHI,L200 SUPER 2.8 GLX 4WD (STRADA,L200 SUPER 2.8 GLX 4WD (STRADA,N/A,unreviewed,,,
MITSUBISHI,LANCER EVOLUTION VI GSR TOMMI,LANCER EVOLUTION VI GSR TOMMI,N/A,unreviewed,,,
MITSUBISHI,LANCER EVOLUTION X FINAL,LANCER EVOLUTION X FINAL,N/A,unreviewed,,,
MITSUBISHI,LB2TCLDJCRU,LB2TCLDJCRU,N/A,unreviewed,,,
MITSUBISHI,LB2TCLDJCRU (ยกเลิก),LB2TCLDJCRU (ยกเลิก),N/A,unreviewed,,,
MITSUBISHI,MF43WD,MF43WD,N/A,unreviewed,,,
MITSUBISHI,MF44WB,MF44WB,N/A,unreviewed,,,
MITSUBISHI,MF61E,MF61E,N/A,unreviewed,,,
MITSUBISHI,MF61WD,MF61WD,N/A,unreviewed,,,
MITSUBISHI,MF61WE,MF61WE,N/A,unreviewed,,,
MITSUBISHI,MF61WF,MF61WF,N/A,unreviewed,,,
MITSUBISHI,MG 150,MG 150,N/A,unreviewed,,,
MITSUBISHI,MG150,MG150,N/A,unreviewed,,,
MITSUBISHI,MG230,MG230,N/A,unreviewed,,,
MITSUBISHI,MG350,MG350,N/A,unreviewed,,,
MITSUBISHI,MG400,MG400,N/A,unreviewed,,,
MITSUBISHI,MG430,MG430,N/A,unreviewed,,,
MITSUBISHI,MG430E,MG430E,N/A,unreviewed,,,
MITSUBISHI,MG500-S,MG500-S,N/A,unreviewed,,,
MITSUBISHI,MG500S,MG500S,N/A,unreviewed,,,
MITSUBISHI,MG500S-E,MG500S-E,N/A,unreviewed,,,
MITSUBISHI,MG500SE,MG500SE,N/A,unreviewed,,,
MITSUBISHI,MINICAB MIEV,MINICAB MIEV,N/A,unreviewed,,,
MITSUBISHI,MIRAGE,MIRAGE,N/A,unreviewed,,,
MITSUBISHI,MM30SR-3,MM30SR-3,N/A,unreviewed,,,
MITSUBISHI,MM40SR-3,MM40SR-3,N/A,unreviewed,,,
MITSUBISHI,MM55SR,MM55SR,N/A,unreviewed,,,
MITSUBISHI,MM57SR,MM57SR,N/A,unreviewed,,,
MITSUBISHI,MR20,MR20,N/A,unreviewed,,,
MITSUBISHI,OUTLANDER PHEV,OUTLANDER PHEV,N/A,unreviewed,,,
MITSUBISHI,PAJERO SPORT,PAJERO SPORT,N/A,unreviewed,,,
MITSUBISHI,SR320,SR320,N/A,unreviewed,,,
MITSUBISHI,TRITON,TRITON,N/A,unreviewed,,,
MITSUBISHI,TRITON C-CAB 2.5 DID (T/C)  GL,Triton C-Cab 2.5 DID (T/C)  GL,N/A,unreviewed,,,
MITSUBISHI,TRITON D-CAB 2.5 DID (T/C)   G,Triton D-Cab 2.5 DID (T/C)   G,N/A,unreviewed,,,
MITSUBISHI,WS310,WS310,N/A,unreviewed,,,
MITSUBISHI,XFORCE HEV,XFORCE HEV,N/A,unreviewed,,,
MITSUBISHI,XPANDER,XPANDER,N/A,unreviewed,,,
MITSUBISHI,XPANDER CROSS HEV,XPANDER CROSS HEV,N/A,unreviewed,,,
MITSUBISHI,XPANDER HEV,XPANDER HEV,N/A,unreviewed,,,
MITSUI,HL-704,HL-704,N/A,unreviewed,,,
MODYAK,MY2,MY2,N/A,unreviewed,,,
MODYAK,MY4,MY4,N/A,unreviewed,,,
MODYAK,MY6,MY6,N/A,unreviewed,,,
MODYAK,MY7,MY7,N/A,unreviewed,,,
MOLINKS,B-SWAP,B-SWAP,N/A,unreviewed,,,
MORAKOT,MORAKOT,MORAKOT,N/A,unreviewed,,,
MOTO GUZZI,AUDACE,AUDACE,N/A,unreviewed,,,
MOTO GUZZI,MGX-21,MGX-21,N/A,unreviewed,,,
MOTO GUZZI,V7 II RACER,V7 II RACER,N/A,unreviewed,,,
MOTO GUZZI,V7 III ANNIVERSARIO,V7 III ANNIVERSARIO,N/A,unreviewed,,,
MOTO GUZZI,V7 III CARBON,V7 III CARBON,N/A,unreviewed,,,
MOTO GUZZI,V7 III CARBON SHINE,V7 III CARBON SHINE,N/A,unreviewed,,,
MOTO GUZZI,V7 III MILANO,V7 III MILANO,N/A,unreviewed,,,
MOTO GUZZI,V7 III RACER,V7 III RACER,N/A,unreviewed,,,
MOTO GUZZI,V7 III ROUGH,V7 III ROUGH,N/A,unreviewed,,,
MOTO GUZZI,V7 III STONE,V7 III STONE,N/A,unreviewed,,,
MOTO GUZZI,V7 SPECIAL,V7 SPECIAL,N/A,unreviewed,,,
MOTO GUZZI,V7 STONE,V7 STONE,N/A,unreviewed,,,
MOTO GUZZI,V85 TT,V85 TT,N/A,unreviewed,,,
MOTO GUZZI,V9 BOBBER,V9 BOBBER,N/A,unreviewed,,,
MOTO GUZZI,V9 ROAMER,V9 ROAMER,N/A,unreviewed,,,
MOTO PARILLA,LEVRIERO150,LEVRIERO150,N/A,unreviewed,,,
MST,M542,M542,N/A,unreviewed,,,
MST,M544S,M544S,N/A,unreviewed,,,
MST,SB902,SB902,N/A,unreviewed,,,
MULTIONE,GT950,GT950,N/A,unreviewed,,,
MUV,NEX1,NEX1,N/A,unreviewed,,,
MUV,NEX1.5,NEX1.5,N/A,unreviewed,,,
MV AGUSTA,BRUTALE 800,BRUTALE 800,N/A,unreviewed,,,
MV AGUSTA,F3 800,F3 800,N/A,unreviewed,,,
MV AGUSTA,F4,F4,N/A,unreviewed,,,
MV AGUSTA,F4 RC,F4 RC,N/A,unreviewed,,,
MV AGUSTA,TURISMO VELOCE 800,TURISMO VELOCE 800,N/A,unreviewed,,,
MV AGUSTA,TURISMO VELOCE 800 LUSSO,TURISMO VELOCE 800 LUSSO,N/A,unreviewed,,,
MYZG,ZL-928Z,ZL-928Z,N/A,unreviewed,,,
MYZG,ZL-930,ZL-930,N/A,unreviewed,,,
MYZG,ZL-938D,ZL-938D,N/A,unreviewed,,,
MYZG,ZL953,ZL953,N/A,unreviewed,,,
MZ,MANTIZ125M1-C,MANTIZ125M1-C,N/A,unreviewed,,,
NAKARIES,ADVENTURE,ADVENTURE,N/A,unreviewed,,,
NAKARIES,HAPPY,HAPPY,N/A,unreviewed,,,
NAKARIES,REVOLUTION,REVOLUTION,N/A,unreviewed,,,
NEOMOR,D01,D01,N/A,unreviewed,,,
NETA,NETA V,NETA V,N/A,unreviewed,,,
NETA,NETA V-II,NETA V-II,N/A,unreviewed,,,
NETA,NETA X,NETA X,N/A,unreviewed,,,
NEWHOLLAND,5630 2004,5630 2004,N/A,unreviewed,,,
NEWHOLLAND,6070,6070,N/A,unreviewed,,,
NEWHOLLAND,6080,6080,N/A,unreviewed,,,
NEWHOLLAND,6610S(4WD),6610S(4WD),N/A,unreviewed,,,
NEWHOLLAND,7010,7010,N/A,unreviewed,,,
NEWHOLLAND,7040,7040,N/A,unreviewed,,,
NEWHOLLAND,7050,7050,N/A,unreviewed,,,
NEWHOLLAND,7060,7060,N/A,unreviewed,,,
NEWHOLLAND,7610S,7610S,N/A,unreviewed,,,
NEWHOLLAND,7610S(4WD),7610S(4WD),N/A,unreviewed,,,
NEWHOLLAND,7630,7630,N/A,unreviewed,,,
NEWHOLLAND,7740S,7740S,N/A,unreviewed,,,
NEWHOLLAND,7740SL,7740SL,N/A,unreviewed,,,
NEWHOLLAND,7810S,7810S,N/A,unreviewed,,,
NEWHOLLAND,7810S(4WD),7810S(4WD),N/A,unreviewed,,,
NEWHOLLAND,8030(4WD),8030(4WD),N/A,unreviewed,,,
NEWHOLLAND,8610,8610,N/A,unreviewed,,,
NEWHOLLAND,AT 6610,AT 6610,N/A,unreviewed,,,
NEWHOLLAND,AT6610,AT6610,N/A,unreviewed,,,
NEWHOLLAND,ATS 120,ATS 120,N/A,unreviewed,,,
NEWHOLLAND,ATS130,ATS130,N/A,unreviewed,,,
NEWHOLLAND,B110,B110,N/A,unreviewed,,,
NEWHOLLAND,B115B,B115B,N/A,unreviewed,,,
NEWHOLLAND,B80B,B80B,N/A,unreviewed,,,
NEWHOLLAND,B80C,B80C,N/A,unreviewed,,,
NEWHOLLAND,B90B,B90B,N/A,unreviewed,,,
NEWHOLLAND,B90C,B90C,N/A,unreviewed,,,
NEWHOLLAND,BRAV085,BRAV085,N/A,unreviewed,,,
NEWHOLLAND,BRAVO85,BRAVO85,N/A,unreviewed,,,
NEWHOLLAND,E135SR-1ES,E135SR-1ES,N/A,unreviewed,,,
NEWHOLLAND,FTM115,FTM115,N/A,unreviewed,,,
NEWHOLLAND,L85,L85,N/A,unreviewed,,,
NEWHOLLAND,M100,M100,N/A,unreviewed,,,
NEWHOLLAND,M100DT,M100DT,N/A,unreviewed,,,
NEWHOLLAND,M115,M115,N/A,unreviewed,,,
NEWHOLLAND,M135,M135,N/A,unreviewed,,,
NEWHOLLAND,M135DT,M135DT,N/A,unreviewed,,,
NEWHOLLAND,NH T7.200,NH T7.200,N/A,unreviewed,,,
NEWHOLLAND,R47610 1 A 200 01,R47610 1 A 200 01,N/A,unreviewed,,,
NEWHOLLAND,SIMBA30,SIMBA30,N/A,unreviewed,,,
NEWHOLLAND,SNH704-211,SNH704-211,N/A,unreviewed,,,
NEWHOLLAND,T5060,T5060,N/A,unreviewed,,,
NEWHOLLAND,T6.120,T6.120,N/A,unreviewed,,,
NEWHOLLAND,T6.140,T6.140,N/A,unreviewed,,,
NEWHOLLAND,T6.150,T6.150,N/A,unreviewed,,,
NEWHOLLAND,T6.155,T6.155,N/A,unreviewed,,,
NEWHOLLAND,T6.160,T6.160,N/A,unreviewed,,,
NEWHOLLAND,T6.165,T6.165,N/A,unreviewed,,,
NEWHOLLAND,T6.175,T6.175,N/A,unreviewed,,,
NEWHOLLAND,T6.180,T6.180,N/A,unreviewed,,,
NEWHOLLAND,T6010,T6010,N/A,unreviewed,,,
NEWHOLLAND,T6020,T6020,N/A,unreviewed,,,
NEWHOLLAND,T6030,T6030,N/A,unreviewed,,,
NEWHOLLAND,T6040,T6040,N/A,unreviewed,,,
NEWHOLLAND,T6050,T6050,N/A,unreviewed,,,
NEWHOLLAND,T6070,T6070,N/A,unreviewed,,,
NEWHOLLAND,T6090,T6090,N/A,unreviewed,,,
NEWHOLLAND,T7 250,T7 250,N/A,unreviewed,,,
NEWHOLLAND,T7.170,T7.170,N/A,unreviewed,,,
NEWHOLLAND,T7.175,T7.175,N/A,unreviewed,,,
NEWHOLLAND,T7.185,T7.185,N/A,unreviewed,,,
NEWHOLLAND,T7.190,T7.190,N/A,unreviewed,,,
NEWHOLLAND,T7.200,T7.200,N/A,unreviewed,,,
NEWHOLLAND,T7.210,T7.210,N/A,unreviewed,,,
NEWHOLLAND,T7.220,T7.220,N/A,unreviewed,,,
NEWHOLLAND,T7.225,T7.225,N/A,unreviewed,,,
NEWHOLLAND,T7.230,T7.230,N/A,unreviewed,,,
NEWHOLLAND,T7.235,T7.235,N/A,unreviewed,,,
NEWHOLLAND,T7.245,T7.245,N/A,unreviewed,,,
NEWHOLLAND,T7.250,T7.250,N/A,unreviewed,,,
NEWHOLLAND,T7.260,T7.260,N/A,unreviewed,,,
NEWHOLLAND,T7030,T7030,N/A,unreviewed,,,
NEWHOLLAND,T7040,T7040,N/A,unreviewed,,,
NEWHOLLAND,T7050,T7050,N/A,unreviewed,,,
NEWHOLLAND,T7050 (4WD),T7050 (4WD),N/A,unreviewed,,,
NEWHOLLAND,T7060,T7060,N/A,unreviewed,,,
NEWHOLLAND,TB110(4WD),TB110(4WD),N/A,unreviewed,,,
NEWHOLLAND,TB120,TB120,N/A,unreviewed,,,
NEWHOLLAND,TB120(4WD),TB120(4WD),N/A,unreviewed,,,
NEWHOLLAND,TC38R,TC38R,N/A,unreviewed,,,
NEWHOLLAND,TC48R,TC48R,N/A,unreviewed,,,
NEWHOLLAND,TD 95 D,TD 95 D,N/A,unreviewed,,,
NEWHOLLAND,TD5.100,TD5.100,N/A,unreviewed,,,
NEWHOLLAND,TD5.110,TD5.110,N/A,unreviewed,,,
NEWHOLLAND,TD5.90,TD5.90,N/A,unreviewed,,,
NEWHOLLAND,TD90,TD90,N/A,unreviewed,,,
NEWHOLLAND,TD95D PLUS,TD95D PLUS,N/A,unreviewed,,,
NEWHOLLAND,TES125,TES125,N/A,unreviewed,,,
NEWHOLLAND,TL 5050,TL 5050,N/A,unreviewed,,,
NEWHOLLAND,TL100,TL100,N/A,unreviewed,,,
NEWHOLLAND,TL5050,TL5050,N/A,unreviewed,,,
NEWHOLLAND,TL90(4WD),TL90(4WD),N/A,unreviewed,,,
NEWHOLLAND,TM 120,TM 120,N/A,unreviewed,,,
NEWHOLLAND,TM 125,TM 125,N/A,unreviewed,,,
NEWHOLLAND,TM 125 4WD,TM 125 4WD,N/A,unreviewed,,,
NEWHOLLAND,TM 125 DT,TM 125 DT,N/A,unreviewed,,,
NEWHOLLAND,TM 140 4WD,TM 140 4WD,N/A,unreviewed,,,
NEWHOLLAND,TM 150,TM 150,N/A,unreviewed,,,
NEWHOLLAND,TM 165,TM 165,N/A,unreviewed,,,
NEWHOLLAND,TM115,TM115,N/A,unreviewed,,,
NEWHOLLAND,TM120,TM120,N/A,unreviewed,,,
NEWHOLLAND,TM125,TM125,N/A,unreviewed,,,
NEWHOLLAND,TM130,TM130,N/A,unreviewed,,,
NEWHOLLAND,TM135,TM135,N/A,unreviewed,,,
NEWHOLLAND,TM140,TM140,N/A,unreviewed,,,
NEWHOLLAND,TM150,TM150,N/A,unreviewed,,,
NEWHOLLAND,TM150(4WD),TM150(4WD),N/A,unreviewed,,,
NEWHOLLAND,TM155(4WD),TM155(4WD),N/A,unreviewed,,,
NEWHOLLAND,TM165,TM165,N/A,unreviewed,,,
NEWHOLLAND,TM165(4WD),TM165(4WD),N/A,unreviewed,,,
NEWHOLLAND,TM175,TM175,N/A,unreviewed,,,
NEWHOLLAND,TM175(4WD),TM175(4WD),N/A,unreviewed,,,
NEWHOLLAND,TM190(4WD),TM190(4WD),N/A,unreviewed,,,
NEWHOLLAND,TM7010EXITUS,TM7010EXITUS,N/A,unreviewed,,,
NEWHOLLAND,TM7020,TM7020,N/A,unreviewed,,,
NEWHOLLAND,TM7040,TM7040,N/A,unreviewed,,,
NEWHOLLAND,TN65S,TN65S,N/A,unreviewed,,,
NEWHOLLAND,TS 100,TS 100,N/A,unreviewed,,,
NEWHOLLAND,TS 110,TS 110,N/A,unreviewed,,,
NEWHOLLAND,TS 115,TS 115,N/A,unreviewed,,,
NEWHOLLAND,TS 125A,TS 125A,N/A,unreviewed,,,
NEWHOLLAND,TS 135A,TS 135A,N/A,unreviewed,,,
NEWHOLLAND,TS 6000,TS 6000,N/A,unreviewed,,,
NEWHOLLAND,TS 90,TS 90,N/A,unreviewed,,,
NEWHOLLAND,TS 90 R2,TS 90 R2,N/A,unreviewed,,,
NEWHOLLAND,TS100(4WD),TS100(4WD),N/A,unreviewed,,,
NEWHOLLAND,TS100A,TS100A,N/A,unreviewed,,,
NEWHOLLAND,TS110(4WD),TS110(4WD),N/A,unreviewed,,,
NEWHOLLAND,TS110-SLE,TS110-SLE,N/A,unreviewed,,,
NEWHOLLAND,TS110A,TS110A,N/A,unreviewed,,,
NEWHOLLAND,TS115 4X4,TS115 4X4,N/A,unreviewed,,,
NEWHOLLAND,TS115A,TS115A,N/A,unreviewed,,,
NEWHOLLAND,TS120,TS120,N/A,unreviewed,,,
NEWHOLLAND,TS120(4WD),TS120(4WD),N/A,unreviewed,,,
NEWHOLLAND,TS125A,TS125A,N/A,unreviewed,,,
NEWHOLLAND,TS130A,TS130A,N/A,unreviewed,,,
NEWHOLLAND,TS135A,TS135A,N/A,unreviewed,,,
NEWHOLLAND,TS6.125,TS6.125,N/A,unreviewed,,,
NEWHOLLAND,TS6.140,TS6.140,N/A,unreviewed,,,
NEWHOLLAND,TS6000,TS6000,N/A,unreviewed,,,
NEWHOLLAND,TS6020,TS6020,N/A,unreviewed,,,
NEWHOLLAND,TS6030(4WD),TS6030(4WD),N/A,unreviewed,,,
NEWHOLLAND,TS90 R2,TS90 R2,N/A,unreviewed,,,
NEWHOLLAND,TS90(4WD),TS90(4WD),N/A,unreviewed,,,
NEWHOLLAND,TSA 135,TSA 135,N/A,unreviewed,,,
NEWHOLLAND,TSA100,TSA100,N/A,unreviewed,,,
NEWHOLLAND,TSA115,TSA115,N/A,unreviewed,,,
NEWHOLLAND,TSA115(4WD),TSA115(4WD),N/A,unreviewed,,,
NEWHOLLAND,TSA125,TSA125,N/A,unreviewed,,,
NEWHOLLAND,TSA135,TSA135,N/A,unreviewed,,,
NEWHOLLAND,TT2.50,TT2.50,N/A,unreviewed,,,
NEWHOLLAND,TT3.40,TT3.40,N/A,unreviewed,,,
NEWHOLLAND,TT3.40 PLUS,TT3.40 PLUS,N/A,unreviewed,,,
NEWHOLLAND,TT3.50,TT3.50,N/A,unreviewed,,,
NEWHOLLAND,TT4.55,TT4.55,N/A,unreviewed,,,
NEWHOLLAND,TT4.65,TT4.65,N/A,unreviewed,,,
NEWHOLLAND,TT4.75,TT4.75,N/A,unreviewed,,,
NEWHOLLAND,TT4.90,TT4.90,N/A,unreviewed,,,
NEWHOLLAND,TT45,TT45,N/A,unreviewed,,,
NEWHOLLAND,TT55,TT55,N/A,unreviewed,,,
NEWHOLLAND,TT75,TT75,N/A,unreviewed,,,
NEWHOLLAND,TT7514 1 D ALL 02,TT7514 1 D ALL 02,N/A,unreviewed,,,
NEX,DYQ1030BEV1R-HE,DYQ1030BEV1R-HE,N/A,unreviewed,,,
NEX,DYQ1031BEV1R,DYQ1031BEV1R,N/A,unreviewed,,,
NEX,DYQ1033BEV1R,DYQ1033BEV1R,N/A,unreviewed,,,
NEX,DYX1040,DYX1040,N/A,unreviewed,,,
NEX,NPD,NPD,N/A,unreviewed,,,
NEX,NPS,NPS,N/A,unreviewed,,,
NEX,XML6593JEVJ0,XML6593JEVJ0,N/A,unreviewed,,,
NEXTEM,ORCA,ORCA,N/A,unreviewed,,,
NICOT,EBEAST,EBEAST,N/A,unreviewed,,,
NIIGATA,NFB6W1,NFB6W1,N/A,unreviewed,,,
NINEBOT,E100,E100,N/A,unreviewed,,,
NIO,FIREFLY,firefly,N/A,unreviewed,,,
NIPPON SHARYO,DH650ID,DH650ID,N/A,unreviewed,,,
NIPPON SHARYO,DH700D,DH700D,N/A,unreviewed,,,
NIPPON SHARYO,DHJ-12-2,DHJ-12-2,N/A,unreviewed,,,
NIPPON SHARYO,DHJ08-3,DHJ08-3,N/A,unreviewed,,,
NIPPON SHARYO,DHP-70,DHP-70,N/A,unreviewed,,,
NIPPON SHARYO,ED5500,ED5500,N/A,unreviewed,,,
NIPPON SHARYO,ED5800H,ED5800H,N/A,unreviewed,,,
NIPPON SHARYO,ED6200H,ED6200H,N/A,unreviewed,,,
NIPPON SHARYO,ED6500,ED6500,N/A,unreviewed,,,
NISSAN,ADB2RCYD23IHL---C-,ADB2RCYD23IHL---C-,N/A,unreviewed,,,
NISSAN,ALMERA,ALMERA,N/A,unreviewed,,,
NISSAN,AVPGRDFD22NXN,AVPGRDFD22NXN,N/A,unreviewed,,,
NISSAN,BDB2RHYD23IHN---C-,BDB2RHYD23IHN---C-,N/A,unreviewed,,,
NISSAN,BDBARGZL33MHA---A-,BDBARGZL33MHA---A-,N/A,unreviewed,,,
NISSAN,BDBGRTYD40EHG--A--,BDBGRTYD40EHG--A--,N/A,unreviewed,,,
NISSAN,BDRAREZL33MHA---B-,BDRAREZL33MHA---B-,N/A,unreviewed,,,
NISSAN,BDSARGZB172HA---A-,BDSARGZB172HA---A-,N/A,unreviewed,,,
NISSAN,BDTARCFB172HA-----,BDTARCFB172HA-----,N/A,unreviewed,,,
NISSAN,BDTARCZB172HA-----,BDTARCZB172HA-----,N/A,unreviewed,,,
NISSAN,BDTARCZB172HAA----,BDTARCZB172HAA----,N/A,unreviewed,,,
NISSAN,BDTARCZB172HAA---A,BDTARCZB172HAA---A,N/A,unreviewed,,,
NISSAN,BDTARGAC11MHA----2,BDTARGAC11MHA----2,N/A,unreviewed,,,
NISSAN,BDTARGZB172HA-----,BDTARGZB172HA-----,N/A,unreviewed,,,
NISSAN,BDTARGZB172HA----B,BDTARGZB172HA----B,N/A,unreviewed,,,
NISSAN,BDWARBGN17XHB-----,BDWARBGN17XHB-----,N/A,unreviewed,,,
NISSAN,BDWARBZN17XHA-----,BDWARBZN17XHA-----,N/A,unreviewed,,,
NISSAN,BDWARBZN17XHA----B,BDWARBZN17XHA----B,N/A,unreviewed,,,
NISSAN,BDWARBZN17XHAF---B,BDWARBZN17XHAF---B,N/A,unreviewed,,,
NISSAN,BDWARBZN17XHAFA--B,BDWARBZN17XHAFA--B,N/A,unreviewed,,,
NISSAN,BDWARBZN17XHAY114Z,BDWARBZN17XHAY114Z,N/A,unreviewed,,,
NISSAN,BDWARBZN17XHAY211Z,BDWARBZN17XHAY211Z,N/A,unreviewed,,,
NISSAN,BDWARGZN17XHA-----,BDWARGZN17XHA-----,N/A,unreviewed,,,
NISSAN,BDWARGZN17XHAA----,BDWARGZN17XHAA----,N/A,unreviewed,,,
NISSAN,BDWARGZN17XHAB----,BDWARGZN17XHAB----,N/A,unreviewed,,,
NISSAN,BDWARGZN17XHAG----,BDWARGZN17XHAG----,N/A,unreviewed,,,
NISSAN,BDWARGZN17XHAGB---,BDWARGZN17XHAGB---,N/A,unreviewed,,,
NISSAN,BDWARGZN17XHAY124Z,BDWARGZN17XHAY124Z,N/A,unreviewed,,,
NISSAN,BDWARGZN17XHAY231Z,BDWARGZN17XHAY231Z,N/A,unreviewed,,,
NISSAN,BE-1,BE-1,N/A,unreviewed,,,
NISSAN,BGD21SFUA%,BGD21SFUA%,N/A,unreviewed,,,
NISSAN,BLGURGWJ32EHAA--CA,BLGURGWJ32EHAA--CA,N/A,unreviewed,,,
NISSAN,BVL2RDYD23FHN---CA,BVL2RDYD23FHN---CA,N/A,unreviewed,,,
NISSAN,BVL2RHYD23FHN---CA,BVL2RHYD23FHN---CA,N/A,unreviewed,,,
NISSAN,BVL2RSYD23FHP--AA-,BVL2RSYD23FHP--AA-,N/A,unreviewed,,,
NISSAN,BVL2RSYD23FHP--AAA,BVL2RSYD23FHP--AAA,N/A,unreviewed,,,
NISSAN,BVL2RTYD23FHP--A--,BVL2RTYD23FHP--A--,N/A,unreviewed,,,
NISSAN,BVL2RTYD23FHP--A-G,BVL2RTYD23FHP--A-G,N/A,unreviewed,,,
NISSAN,BVL2RWLD23FHP-----,BVL2RWLD23FHP-----,N/A,unreviewed,,,
NISSAN,BVL2RWLD23FHP----A,BVL2RWLD23FHP----A,N/A,unreviewed,,,
NISSAN,BVL2RWLD23FHP-A--G,BVL2RWLD23FHP-A--G,N/A,unreviewed,,,
NISSAN,BVL4RWYD23IHP-A--G,BVL4RWYD23IHP-A--G,N/A,unreviewed,,,
NISSAN,CGD21SFU1%,CGD21SFU1%,N/A,unreviewed,,,
NISSAN,CVL2RSYD23FHP--AA-,CVL2RSYD23FHP--AA-,N/A,unreviewed,,,
NISSAN,CVL2RTLD23FHP--A-A,CVL2RTLD23FHP--A-A,N/A,unreviewed,,,
NISSAN,CVL2RWLD23FHP-----,CVL2RWLD23FHP-----,N/A,unreviewed,,,
NISSAN,CVL2RZYD23IHP-----,CVL2RZYD23IHP-----,N/A,unreviewed,,,
NISSAN,CVL4RZLD23IHP-----,CVL4RZLD23IHP-----,N/A,unreviewed,,,
NISSAN,CVLGRVYD40UHGCAGLC,CVLGRVYD40UHGCAGLC,N/A,unreviewed,,,
NISSAN,ELGRAND 250 HIGHWAY STAR,ELGRAND 250 HIGHWAY STAR,N/A,unreviewed,,,
NISSAN,ELGRAND 250 HIGHWAY STAR S,ELGRAND 250 HIGHWAY STAR S,N/A,unreviewed,,,
NISSAN,ELGRAND 350 HIGHWAY STAR,ELGRAND 350 HIGHWAY STAR,N/A,unreviewed,,,
NISSAN,FAIRLADY Z,FAIRLADY Z,N/A,unreviewed,,,
NISSAN,FAIRLADY Z NISMO,FAIRLADY Z NISMO,N/A,unreviewed,,,
NISSAN,FAIRLADY Z PROTO,FAIRLADY Z PROTO,N/A,unreviewed,,,
NISSAN,FAIRLADY Z PROTO EDITION,FAIRLADY Z PROTO EDITION,N/A,unreviewed,,,
NISSAN,FAIRLADY Z PROTO SPEC,FAIRLADY Z PROTO SPEC,N/A,unreviewed,,,
NISSAN,FAIRLADY Z VERSION R TWIN,FAIRLADY Z VERSION R TWIN,N/A,unreviewed,,,
NISSAN,FAIRLADY Z  VERSION ST,FAIRLADY Z  VERSION ST,N/A,unreviewed,,,
NISSAN,FDTARRZC12MHAA----,FDTARRZC12MHAA----,N/A,unreviewed,,,
NISSAN,FDTARUZF15EHA2---1,FDTARUZF15EHA2---1,N/A,unreviewed,,,
NISSAN,FDTARUZF15EHA6---1,FDTARUZF15EHA6---1,N/A,unreviewed,,,
NISSAN,FDWURQFK13EH5--A--,FDWURQFK13EH5--A--,N/A,unreviewed,,,
NISSAN,FDWURTFK13EH5--BA-,FDWURTFK13EH5--BA-,N/A,unreviewed,,,
NISSAN,FDWURTZK13EH5--BA-,FDWURTZK13EH5--BA-,N/A,unreviewed,,,
NISSAN,FDWURTZK13EH5A----,FDWURTZK13EH5A----,N/A,unreviewed,,,
NISSAN,FDWURVZK13EH5-----,FDWURVZK13EH5-----,N/A,unreviewed,,,
NISSAN,FDWURVZK13XH5YA23Y,FDWURVZK13XH5YA23Y,N/A,unreviewed,,,
NISSAN,FGD21SFX%,FGD21SFX%,N/A,unreviewed,,,
NISSAN,GT-R,GT-R,N/A,unreviewed,,,
NISSAN,GT-R BLACK EDITION,GT-R BLACK EDITION,N/A,unreviewed,,,
NISSAN,GT-R NISMO,GT-R NISMO,N/A,unreviewed,,,
NISSAN,GT-R NISMO SPECIAL EDITION,GT-R NISMO SPECIAL EDITION,N/A,unreviewed,,,
NISSAN,GT-R PREMIUM EDITION,GT-R PREMIUM EDITION,N/A,unreviewed,,,
NISSAN,GT-R PREMIUM EDITION T-SPEC,GT-R PREMIUM EDITION T-SPEC,N/A,unreviewed,,,
NISSAN,GT-R PURE EDITION,GT-R PURE EDITION,N/A,unreviewed,,,
NISSAN,GT-R RECARO,GT-R RECARO,N/A,unreviewed,,,
NISSAN,GT-R RECARO 3.8L,GT-R RECARO 3.8L,N/A,unreviewed,,,
NISSAN,GT-R RECARO 3.8L V6,GT-R RECARO 3.8L V6,N/A,unreviewed,,,
NISSAN,GT-R T-SPEC,GT-R T-SPEC,N/A,unreviewed,,,
NISSAN,GT-R TRACK EDITION,GT-R TRACK EDITION,N/A,unreviewed,,,
NISSAN,GT-R TRACK EDITION ENGINEERED,GT-R TRACK EDITION ENGINEERED,N/A,unreviewed,,,
NISSAN,GT-R TRACK EDITION NISMO,GT-R TRACK EDITION NISMO,N/A,unreviewed,,,
NISSAN,GT-R TRACK EDITION T-SPEC,GT-R TRACK EDITION T-SPEC,N/A,unreviewed,,,
NISSAN,GT-R TRACKEDITION NISMO T-SPEC,GT-R TRACKEDITION NISMO T-SPEC,N/A,unreviewed,,,
NISSAN,GTR BLACK EDITION,GTR BLACK EDITION,N/A,unreviewed,,,
NISSAN,GTR COUPE RECARO,GTR COUPE RECARO,N/A,unreviewed,,,
NISSAN,GTR NISMO,GTR NISMO,N/A,unreviewed,,,
NISSAN,GTR NISMO SPECIAL EDITION,GTR NISMO SPECIAL EDITION,N/A,unreviewed,,,
NISSAN,GTR PURE EDITION,GTR PURE EDITION,N/A,unreviewed,,,
NISSAN,GTR TRACK EDITION,GTR TRACK EDITION,N/A,unreviewed,,,
NISSAN,H27,H27,N/A,unreviewed,,,
NISSAN,KBGD21FX5%,KBGD21FX5%,N/A,unreviewed,,,
NISSAN,KICKS,KICKS,N/A,unreviewed,,,
NISSAN,KTGD21FX3%,KTGD21FX3%,N/A,unreviewed,,,
NISSAN,LEAF,LEAF,N/A,unreviewed,,,
NISSAN,MARCH,MARCH,N/A,unreviewed,,,
NISSAN,NAVARA,NAVARA,N/A,unreviewed,,,
NISSAN,NISSAN ALMERA NISMO VL CVT,NISSAN ALMERA NISMO VL CVT,N/A,unreviewed,,,
NISSAN,NISSANURVAN,NissanUrvan,N/A,unreviewed,,,
NISSAN,NOTE,NOTE,N/A,unreviewed,,,
NISSAN,NOTE X E-POWER,NOTE X E-POWER,N/A,unreviewed,,,
NISSAN,ROOX HIGHWAY STAR G TURBO,ROOX HIGHWAY STAR G TURBO,N/A,unreviewed,,,
NISSAN,ROOX X 2WD,ROOX X 2WD,N/A,unreviewed,,,
NISSAN,SAKURA G,SAKURA G,N/A,unreviewed,,,
NISSAN,SERENA,SERENA,N/A,unreviewed,,,
NISSAN,SERENA E-POWER,SERENA e-POWER,N/A,unreviewed,,,
NISSAN,SERENA E-POWER AUTECH,SERENA E-POWER AUTECH,N/A,unreviewed,,,
NISSAN,SERENA HYBRID 2.0 HIGHWAY,SERENA HYBRID 2.0 HIGHWAY,N/A,unreviewed,,,
NISSAN,SERENA HYBRID 2.0 HIGHWAY STAR,SERENA HYBRID 2.0 HIGHWAY STAR,N/A,unreviewed,,,
NISSAN,SERENA HYBRID 2.0 X,SERENA HYBRID 2.0 X,N/A,unreviewed,,,
NISSAN,SERENA HYBRID E-POWER HIGHWAY,SERENA HYBRID E-POWER HIGHWAY,N/A,unreviewed,,,
NISSAN,SERENA HYBRID E-POWER X,SERENA HYBRID E-POWER X,N/A,unreviewed,,,
NISSAN,SKYLINE GT-R,SKYLINE GT-R,N/A,unreviewed,,,
NISSAN,SKYLINE GT-R NISMO,SKYLINE GT-R NISMO,N/A,unreviewed,,,
NISSAN,SKYLINE GT-R V SPEC,SKYLINE GT-R V SPEC,N/A,unreviewed,,,
NISSAN,SKYLINE GT-R V SPEC II NUR,SKYLINE GT-R V SPEC II NUR,N/A,unreviewed,,,
NISSAN,SKYLINE R32 V-SPEC II N1,SKYLINE R32 V-SPEC II N1,N/A,unreviewed,,,
NISSAN,SYLPHY,SYLPHY,N/A,unreviewed,,,
NISSAN,SYLPHY 1.6 E CVT,SYLPHY 1.6 E CVT,N/A,unreviewed,,,
NISSAN,SYLPHY 1.6 V CVT,SYLPHY 1.6 V CVT,N/A,unreviewed,,,
NISSAN,TDB4RTFE25EWAY27BY,TDB4RTFE25EWAY27BY,N/A,unreviewed,,,
NISSAN,TDTARGZL112HNN----,TDTARGZL112HNN----,N/A,unreviewed,,,
NISSAN,TDWAREZE12EHA-----,TDWAREZE12EHA-----,N/A,unreviewed,,,
NISSAN,TDWARFZE12EHA-----,TDWARFZE12EHA-----,N/A,unreviewed,,,
NISSAN,TEANA,TEANA,N/A,unreviewed,,,
NISSAN,TERRA,TERRA,N/A,unreviewed,,,
NISSAN,TERRANO 2.4SR,TERRANO 2.4SR,N/A,unreviewed,,,
NISSAN,TGD21SFU5%,TGD21SFU5%,N/A,unreviewed,,,
NISSAN,TGD2S1U7%,TGD2S1U7%,N/A,unreviewed,,,
NISSAN,UDB4RDRE26EWDDER-C,UDB4RDRE26EWDDER-C,N/A,unreviewed,,,
NISSAN,UDB4RGKE26EWB--S-C,UDB4RGKE26EWB--S-C,N/A,unreviewed,,,
NISSAN,URVAN,URVAN,N/A,unreviewed,,,
NISSAN,URVAN  (E25),URVAN  (E25),N/A,unreviewed,,,
NISSAN,UVL4RDRE26KHE-----,UVL4RDRE26KHE-----,N/A,unreviewed,,,
NISSAN,UVL4RDRE26KHE----A,UVL4RDRE26KHE----A,N/A,unreviewed,,,
NISSAN,UVL4RDRE26KWDDER-C,UVL4RDRE26KWDDER-C,N/A,unreviewed,,,
NISSAN,UVL4RDRE26KWDMER-E,UVL4RDRE26KWDMER-E,N/A,unreviewed,,,
NISSAN,UVL4RDRE26KWDMER9E,UVL4RDRE26KWDMER9E,N/A,unreviewed,,,
NISSAN,UVL4RDRE26KWDMERCE,UVL4RDRE26KWDMERCE,N/A,unreviewed,,,
NISSAN,VVLGRVYD40UHGLD-HT,VVLGRVYD40UHGLD-HT,N/A,unreviewed,,,
NISSAN,VVLGRXND40UHG-P--3,VVLGRXND40UHG-P--3,N/A,unreviewed,,,
NISSAN,VVLURVND40UHGDBGLC,VVLURVND40UHGDBGLC,N/A,unreviewed,,,
NISSAN,VWS4RTFE25UWAY42DY,VWS4RTFE25UWAY42DY,N/A,unreviewed,,,
NISSAN,X-TRAIL,X-TRAIL,N/A,unreviewed,,,
NISSAN,X-TRAIL E-POWER,X-TRAIL e-POWER,N/A,unreviewed,,,
NISSAN,X-TRIAL E-POWER,X-TRIAL e-POWER,N/A,unreviewed,,,
NISSHA,DHJ-40,DHJ-40,N/A,unreviewed,,,
NIU,GOVA 03,GOVA 03,N/A,unreviewed,,,
NIU,MQI GT,MQi GT,N/A,unreviewed,,,
NIU,MQI GT EVO,MQi GT EVO,N/A,unreviewed,,,
NIU,MQI+SPORT,MQi+Sport,N/A,unreviewed,,,
NIU,N1S,N1S,N/A,unreviewed,,,
NIU,NQI GTS,NQi GTS,N/A,unreviewed,,,
NIU,NQI SPORT,NQi Sport,N/A,unreviewed,,,
NIU,NQIGT SPORT,NQiGT Sport,N/A,unreviewed,,,
NKT,G130,G130,N/A,unreviewed,,,
NKT,GO125,GO125,N/A,unreviewed,,,
NKT,GTR150,GTR150,N/A,unreviewed,,,
NKT,NOW125,NOW125,N/A,unreviewed,,,
NUVOLA X,BIKE2,BIKE2,N/A,unreviewed,,,
NUVOLA X,NUVOLA X T1,NUVOLA X T1,N/A,unreviewed,,,
NUVOLA X,NUVOLA X T2,NUVOLA X T2,N/A,unreviewed,,,
NUVOLA X,NUVOLA X T2S,NUVOLA X T2S,N/A,unreviewed,,,
OCR,WE95,WE95,N/A,unreviewed,,,
OKLA,ZION ZMAX,ZION ZMAX,N/A,unreviewed,,,
OLD SCHOOL,TIME BANDIT,TIME BANDIT,N/A,unreviewed,,,
OMODA,C5 EV LONG RANGE DYNAMIC,C5 EV,N/A,unreviewed,,,
OMODA,C5 EV LONG RANGE MAX,C5 EV,N/A,unreviewed,,,
OMODA,C5 EV LONG RANGE PLUS,C5 EV,N/A,unreviewed,,,
OMODA,C5 EV LONG RANGE ULTIMATE,C5 EV,N/A,unreviewed,,,
OMODA,OMODA C5 EV,C5 EV,N/A,unreviewed,,,
OOK,XZ636-V,XZ636-V,N/A,unreviewed,,,
OOK,XZ656-V,XZ656-V,N/A,unreviewed,,,
OPAI,YW-04,YW-04,N/A,unreviewed,,,
OXPLO,OX928,OX928,N/A,unreviewed,,,
OXPLO,OX930,OX930,N/A,unreviewed,,,
OXPLO,OX952L,OX952L,N/A,unreviewed,,,
OXWIN,ZION Z1,ZION Z1,N/A,unreviewed,,,
PANTHER,PANTHER,PANTHER,N/A,unreviewed,,,
PANTHERA,CLASSIC 1,Classic 1,N/A,unreviewed,,,
PANTHERA,CLASSIC II,Classic II,N/A,unreviewed,,,
PANTHERA,TL,TL,N/A,unreviewed,,,
PAT,PAT S3,PAT S3,N/A,unreviewed,,,
PAUS,TSL 9075,TSL 9075,N/A,unreviewed,,,
PEUGEOT,2008 P24 BG,2008 P24 BG,N/A,unreviewed,,,
PEUGEOT,3008 P84 AG,3008 P84 AG,N/A,unreviewed,,,
PEUGEOT,3008 P84 BG,3008 P84 BG,N/A,unreviewed,,,
PEUGEOT,408 P54 BG,408 P54 BG,N/A,unreviewed,,,
PEUGEOT,408 P54 CG,408 P54 CG,N/A,unreviewed,,,
PEUGEOT,408 P54 DG,408 P54 DG,N/A,unreviewed,,,
PEUGEOT,5008 P87 AG,5008 P87 AG,N/A,unreviewed,,,
PEUGEOT,5008 P87 BG,5008 P87 BG,N/A,unreviewed,,,
PEUGEOT,DJANGO,DJANGO,N/A,unreviewed,,,
PEUGEOT,DJANGO125,DJANGO125,N/A,unreviewed,,,
PHOENIX ENGINEERING,GUNNER 100,GUNNER 100,N/A,unreviewed,,,
PIAGGIO,BEVERLY 400S,BEVERLY 400S,N/A,unreviewed,,,
PIAGGIO,GILERA CX125,GILERA CX125,N/A,unreviewed,,,
PIAGGIO,LIBERTY 125 IE,LIBERTY 125 IE,N/A,unreviewed,,,
PIAGGIO,MEDLEY 150 ABS,MEDLEY 150 ABS,N/A,unreviewed,,,
PIAGGIO,MP3 300 YOURBAN ERL,MP3 300 YOURBAN ERL,N/A,unreviewed,,,
PIAGGIO,MP3 300 YOURBAN RL,MP3 300 YOURBAN RL,N/A,unreviewed,,,
PIAGGIO,MP3 500 LT SPORT ABS,MP3 500 LT SPORT ABS,N/A,unreviewed,,,
PLATINUM,COOL TOWN 125,COOL TOWN 125,N/A,unreviewed,,,
PLATINUM,MONACO 150 C,MONACO 150 C,N/A,unreviewed,,,
PLATINUM,MONACO 200 C,MONACO 200 C,N/A,unreviewed,,,
PLATINUM,MONACO 250 A,MONACO 250 A,N/A,unreviewed,,,
PLATINUM,PX150,PX150,N/A,unreviewed,,,
PLATINUM,PX250,PX250,N/A,unreviewed,,,
PLATINUM,SPORT 150,SPORT 150,N/A,unreviewed,,,
PLATINUM,TACKLE,TACKLE,N/A,unreviewed,,,
PLATINUM,VIEW SCOOTER 125 J,VIEW SCOOTER 125 J,N/A,unreviewed,,,
POCCO,DD K,DD K,N/A,unreviewed,,,
POCCO,DD L2,DD L2,N/A,unreviewed,,,
POCCO,MM YX,MM YX,N/A,unreviewed,,,
POER,SAHAR,SAHAR,N/A,unreviewed,,,
POER,SAHAR HYBRID,SAHAR HYBRID,N/A,unreviewed,,,
PORSCHE,718 BOXSTER,718 BOXSTER,N/A,unreviewed,,,
PORSCHE,718 BOXSTER 25 YEARS,718 BOXSTER 25 YEARS,N/A,unreviewed,,,
PORSCHE,718 BOXSTER CABRIOLET PDK,718 BOXSTER CABRIOLET PDK,N/A,unreviewed,,,
PORSCHE,718 BOXSTER CONVERTIBLE,718 BOXSTER CONVERTIBLE,N/A,unreviewed,,,
PORSCHE,718 BOXSTER GTS,718 BOXSTER GTS,N/A,unreviewed,,,
PORSCHE,718 BOXSTER GTS 4.0,718 BOXSTER GTS 4.0,N/A,unreviewed,,,
PORSCHE,718 BOXSTER PDK,718 BOXSTER PDK,N/A,unreviewed,,,
PORSCHE,718 BOXSTER S,718 BOXSTER S,N/A,unreviewed,,,
PORSCHE,718 BOXSTER S PDK,718 BOXSTER S PDK,N/A,unreviewed,,,
PORSCHE,718 BOXSTER STYLE EDITION,718 BOXSTER STYLE EDITION,N/A,unreviewed,,,
PORSCHE,718 BOXSTER T,718 BOXSTER T,N/A,unreviewed,,,
PORSCHE,718 CAYMAN,718 CAYMAN,N/A,unreviewed,,,
PORSCHE,718 CAYMAN COUPE PDK,718 CAYMAN COUPE PDK,N/A,unreviewed,,,
PORSCHE,718 CAYMAN GT4,718 CAYMAN GT4,N/A,unreviewed,,,
PORSCHE,718 CAYMAN GT4 RS,718 CAYMAN GT4 RS,N/A,unreviewed,,,
PORSCHE,718 CAYMAN GTS,718 CAYMAN GTS,N/A,unreviewed,,,
PORSCHE,718 CAYMAN GTS 4.0,718 CAYMAN GTS 4.0,N/A,unreviewed,,,
PORSCHE,718 CAYMAN PDK,718 CAYMAN PDK,N/A,unreviewed,,,
PORSCHE,718 CAYMAN S,718 CAYMAN S,N/A,unreviewed,,,
PORSCHE,718 CAYMAN STYLE EDITION,718 CAYMAN STYLE EDITION,N/A,unreviewed,,,
PORSCHE,718 CAYMAN T,718 CAYMAN T,N/A,unreviewed,,,
PORSCHE,718 CAYMAN T PDK,718 CAYMAN T PDK,N/A,unreviewed,,,
PORSCHE,718 SPYDER,718 SPYDER,N/A,unreviewed,,,
PORSCHE,718 SPYDER MANTHEY RACING,718 SPYDER MANTHEY RACING,N/A,unreviewed,,,
PORSCHE,718 SPYDER RS,718 SPYDER RS,N/A,unreviewed,,,
PORSCHE,718 SPYDER RS 4.0,718 SPYDER RS 4.0,N/A,unreviewed,,,
PORSCHE,911 CARERRA COUPE,911 CARERRA COUPE,N/A,unreviewed,,,
PORSCHE,911 CARRERA,911 CARRERA,N/A,unreviewed,,,
PORSCHE,911 CARRERA 4,911 CARRERA 4,N/A,unreviewed,,,
PORSCHE,911 CARRERA 4 GTS,911 CARRERA 4 GTS,N/A,unreviewed,,,
PORSCHE,911 CARRERA 4 GTS CAB.,911 CARRERA 4 GTS CAB.,N/A,unreviewed,,,
PORSCHE,911 CARRERA 4 GTS CABRIOLET,911 CARRERA 4 GTS CABRIOLET,N/A,unreviewed,,,
PORSCHE,911 CARRERA 4S,911 CARRERA 4S,N/A,unreviewed,,,
PORSCHE,911 CARRERA 4S CABRIOLET,911 CARRERA 4S CABRIOLET,N/A,unreviewed,,,
PORSCHE,911 CARRERA 4S COUPE,911 CARRERA 4S COUPE,N/A,unreviewed,,,
PORSCHE,911 CARRERA 4S COUPE PDK,911 CARRERA 4S COUPE PDK,N/A,unreviewed,,,
PORSCHE,911 CARRERA C2,911 CARRERA C2,N/A,unreviewed,,,
PORSCHE,911 CARRERA CABRIOLET,911 CARRERA CABRIOLET,N/A,unreviewed,,,
PORSCHE,911 CARRERA COUPE,911 CARRERA COUPE,N/A,unreviewed,,,
PORSCHE,911 CARRERA COUPE PDK,911 CARRERA COUPE PDK,N/A,unreviewed,,,
PORSCHE,911 CARRERA GTS,911 CARRERA GTS,N/A,unreviewed,,,
PORSCHE,911 CARRERA GTS CAB.,911 CARRERA GTS CAB.,N/A,unreviewed,,,
PORSCHE,911 CARRERA GTS CABRIOLET,911 CARRERA GTS CABRIOLET,N/A,unreviewed,,,
PORSCHE,911 CARRERA GTS COUPE,911 CARRERA GTS COUPE,N/A,unreviewed,,,
PORSCHE,911 CARRERA GTS COUPE PDK,911 CARRERA GTS COUPE PDK,N/A,unreviewed,,,
PORSCHE,911 CARRERA S,911 CARRERA S,N/A,unreviewed,,,
PORSCHE,911 CARRERA S CABRIOLET,911 CARRERA S CABRIOLET,N/A,unreviewed,,,
PORSCHE,911 CARRERA S CABRIOLET PDK,911 CARRERA S CABRIOLET PDK,N/A,unreviewed,,,
PORSCHE,911 CARRERA S COUPE,911 CARRERA S COUPE,N/A,unreviewed,,,
PORSCHE,911 CARRERA S COUPE 3.0,911 CARRERA S COUPE 3.0,N/A,unreviewed,,,
PORSCHE,911 CARRERA S COUPE MT,911 CARRERA S COUPE MT,N/A,unreviewed,,,
PORSCHE,911 CARRERA S COUPE PDK,911 CARRERA S COUPE PDK,N/A,unreviewed,,,
PORSCHE,911 CARRERA T,911 CARRERA T,N/A,unreviewed,,,
PORSCHE,911 CARRERA T COUPE PDK,911 CARRERA T COUPE PDK,N/A,unreviewed,,,
PORSCHE,911 CARRERA TURBO S,911 CARRERA TURBO S,N/A,unreviewed,,,
PORSCHE,911 DAKAR,911 DAKAR,N/A,unreviewed,,,
PORSCHE,911 GT2 RS,911 GT2 RS,N/A,unreviewed,,,
PORSCHE,911 GT3,911 GT3,N/A,unreviewed,,,
PORSCHE,911 GT3 LHD,911 GT3 LHD,N/A,unreviewed,,,
PORSCHE,911 GT3 PDK,911 GT3 PDK,N/A,unreviewed,,,
PORSCHE,911 GT3 RS,911 GT3 RS,N/A,unreviewed,,,
PORSCHE,911 GT3 RS PDK,911 GT3 RS PDK,N/A,unreviewed,,,
PORSCHE,911 GT3 RS WEISSACH PACKAGE,911 GT3 RS WEISSACH PACKAGE,N/A,unreviewed,,,
PORSCHE,911 GT3 TOURING,911 GT3 TOURING,N/A,unreviewed,,,
PORSCHE,911 GT3 TOURING LHD,911 GT3 TOURING LHD,N/A,unreviewed,,,
PORSCHE,911 GT3 WITH T.P.,911 GT3 WITH T.P.,N/A,unreviewed,,,
PORSCHE,911 GT3 WITH TOURING PACKAGE,911 GT3 WITH TOURING PACKAGE,N/A,unreviewed,,,
PORSCHE,911 R,911 R,N/A,unreviewed,,,
PORSCHE,911 R LHD,911 R LHD,N/A,unreviewed,,,
PORSCHE,911 S/T,911 S/T,N/A,unreviewed,,,
PORSCHE,911 SPEEDSTER,911 SPEEDSTER,N/A,unreviewed,,,
PORSCHE,911 SPEEDSTER HERITAGE,911 SPEEDSTER HERITAGE,N/A,unreviewed,,,
PORSCHE,911 SPIRIT 70,911 SPIRIT 70,N/A,unreviewed,,,
PORSCHE,911 SPORT CLASSIC,911 SPORT CLASSIC,N/A,unreviewed,,,
PORSCHE,911 TARGA 4,911 TARGA 4,N/A,unreviewed,,,
PORSCHE,911 TARGA 4 GTS,911 TARGA 4 GTS,N/A,unreviewed,,,
PORSCHE,911 TARGA 4 GTS 50 YEARS,911 TARGA 4 GTS 50 YEARS,N/A,unreviewed,,,
PORSCHE,911 TARGA 4 GTS EDITION,911 TARGA 4 GTS EDITION,N/A,unreviewed,,,
PORSCHE,911 TARGA 4 GTS PDK,911 TARGA 4 GTS PDK,N/A,unreviewed,,,
PORSCHE,911 TARGA 4S,911 TARGA 4S,N/A,unreviewed,,,
PORSCHE,911 TARGA 4S HERITAGE,911 TARGA 4S HERITAGE,N/A,unreviewed,,,
PORSCHE,911 TARGA 4S HERITAGE DESIGN,911 TARGA 4S HERITAGE DESIGN,N/A,unreviewed,,,
PORSCHE,911 TARGA 4S HERITAGE EDITION,911 TARGA 4S HERITAGE EDITION,N/A,unreviewed,,,
PORSCHE,911 TARGA 4S PDK,911 TARGA 4S PDK,N/A,unreviewed,,,
PORSCHE,911 TECHART GT STREET R,911 TECHART GT STREET R,N/A,unreviewed,,,
PORSCHE,911 TURBO,911 TURBO,N/A,unreviewed,,,
PORSCHE,911 TURBO 50 YEARS,911 TURBO 50 YEARS,N/A,unreviewed,,,
PORSCHE,911 TURBO 50 YEARS ANV,911 TURBO 50 YEARS ANV,N/A,unreviewed,,,
PORSCHE,911 TURBO CABRIOLET,911 TURBO CABRIOLET,N/A,unreviewed,,,
PORSCHE,911 TURBO S,911 TURBO S,N/A,unreviewed,,,
PORSCHE,911 TURBO S CABRIOLET,911 TURBO S CABRIOLET,N/A,unreviewed,,,
PORSCHE,911 TURBO S COUPE,911 TURBO S COUPE,N/A,unreviewed,,,
PORSCHE,911 TURBO S EXC. SERIES,911 TURBO S EXC. SERIES,N/A,unreviewed,,,
PORSCHE,911CARRERA,911CARRERA,N/A,unreviewed,,,
PORSCHE,911TARGA 4S HERITAGE DEITION,911TARGA 4S HERITAGE DEITION,N/A,unreviewed,,,
PORSCHE,997 C4S,997 C4S,N/A,unreviewed,,,
PORSCHE,BOXSTER 25 YEARS,BOXSTER 25 YEARS,N/A,unreviewed,,,
PORSCHE,CAYENNE,CAYENNE,N/A,unreviewed,,,
PORSCHE,CAYENNE COUPE,CAYENNE COUPE,N/A,unreviewed,,,
PORSCHE,CAYENNE COUPE E HYBRID,CAYENNE COUPE E HYBRID,N/A,unreviewed,,,
PORSCHE,CAYENNE E HYBRID,CAYENNE E HYBRID,N/A,unreviewed,,,
PORSCHE,CAYENNE E-HYBRID,CAYENNE E-HYBRID,N/A,unreviewed,,,
PORSCHE,CAYENNE E-HYBRID COUPE,CAYENNE E-HYBRID COUPE,N/A,unreviewed,,,
PORSCHE,CAYENNE E-HYBRID COUPE P.,CAYENNE E-HYBRID COUPE P.,N/A,unreviewed,,,
PORSCHE,CAYENNE E-HYBRID P.E.,CAYENNE E-HYBRID P.E.,N/A,unreviewed,,,
PORSCHE,CAYENNE E-HYBRID PLATINUM,CAYENNE E-HYBRID PLATINUM,N/A,unreviewed,,,
PORSCHE,CAYENNE E-HYBRID SUV,CAYENNE E-HYBRID SUV,N/A,unreviewed,,,
PORSCHE,CAYENNE GTS,CAYENNE GTS,N/A,unreviewed,,,
PORSCHE,CAYENNE GTS COUPE,CAYENNE GTS COUPE,N/A,unreviewed,,,
PORSCHE,CAYENNE HYBRID PLATINUM,CAYENNE HYBRID PLATINUM,N/A,unreviewed,,,
PORSCHE,CAYENNE S,CAYENNE S,N/A,unreviewed,,,
PORSCHE,CAYENNE S COUPE,CAYENNE S COUPE,N/A,unreviewed,,,
PORSCHE,CAYENNE S E-HYBRID COUPE,CAYENNE S E-HYBRID COUPE,N/A,unreviewed,,,
PORSCHE,CAYENNE TURBO,CAYENNE TURBO,N/A,unreviewed,,,
PORSCHE,CAYENNE TURBO COUPE,CAYENNE TURBO COUPE,N/A,unreviewed,,,
PORSCHE,CAYENNE TURBO E-HYBRID COUPE,CAYENNE TURBO E-HYBRID COUPE,N/A,unreviewed,,,
PORSCHE,CAYENNE TURBO GT,CAYENNE TURBO GT,N/A,unreviewed,,,
PORSCHE,CAYMAN PDK,CAYMAN PDK,N/A,unreviewed,,,
PORSCHE,MACAN,MACAN,N/A,unreviewed,,,
PORSCHE,MACAN 2.0,MACAN 2.0,N/A,unreviewed,,,
PORSCHE,MACAN 2.0 PDK,MACAN 2.0 PDK,N/A,unreviewed,,,
PORSCHE,MACAN 2.0L,MACAN 2.0L,N/A,unreviewed,,,
PORSCHE,MACAN 4,MACAN 4,N/A,unreviewed,,,
PORSCHE,MACAN 4 ELECTRIC,MACAN 4 ELECTRIC,N/A,unreviewed,,,
PORSCHE,MACAN 4S,MACAN 4S,N/A,unreviewed,,,
PORSCHE,MACAN GTS,MACAN GTS,N/A,unreviewed,,,
PORSCHE,MACAN S,MACAN S,N/A,unreviewed,,,
PORSCHE,MACAN S DIESEL,MACAN S DIESEL,N/A,unreviewed,,,
PORSCHE,MACAN T,MACAN T,N/A,unreviewed,,,
PORSCHE,MACAN T 2.0,MACAN T 2.0,N/A,unreviewed,,,
PORSCHE,MACAN TURBO,MACAN TURBO,N/A,unreviewed,,,
PORSCHE,PANAMERA 4 E-HYBRID,PANAMERA 4 E-HYBRID,N/A,unreviewed,,,
PORSCHE,PANAMERA 4 E-HYBRID 10YR,PANAMERA 4 E-HYBRID 10YR,N/A,unreviewed,,,
PORSCHE,PANAMERA 4 E-HYBRID EXEC.,PANAMERA 4 E-HYBRID EXEC.,N/A,unreviewed,,,
PORSCHE,PANAMERA 4 E-HYBRID EXECUTIVE,PANAMERA 4 E-HYBRID EXECUTIVE,N/A,unreviewed,,,
PORSCHE,PANAMERA 4 E-HYBRID P.E.,PANAMERA 4 E-HYBRID P.E.,N/A,unreviewed,,,
PORSCHE,PANAMERA 4 E-HYBRID PLATINUM,PANAMERA 4 E-HYBRID PLATINUM,N/A,unreviewed,,,
PORSCHE,PANAMERA 4 E-HYBRID S.T.,PANAMERA 4 E-HYBRID S.T.,N/A,unreviewed,,,
PORSCHE,PANAMERA 4 E-HYBRID SPORT,PANAMERA 4 E-HYBRID SPORT,N/A,unreviewed,,,
PORSCHE,PANAMERA 4E-HYBRID10YEARS,PANAMERA 4E-HYBRID10YEARS,N/A,unreviewed,,,
PORSCHE,PANAMERA 4S,PANAMERA 4S,N/A,unreviewed,,,
PORSCHE,PANAMERA 4S E-HYBRID,PANAMERA 4S E-HYBRID,N/A,unreviewed,,,
PORSCHE,PANAMERA GTS SPORT TURIS,PANAMERA GTS SPORT TURIS,N/A,unreviewed,,,
PORSCHE,PANAMERA S E HYBRID,PANAMERA S E HYBRID,N/A,unreviewed,,,
PORSCHE,PANAMERA S HYBRID,PANAMERA S HYBRID,N/A,unreviewed,,,
PORSCHE,PANAMERA TURBO S,PANAMERA TURBO S,N/A,unreviewed,,,
PORSCHE,TAYCAN,TAYCAN,N/A,unreviewed,,,
PORSCHE,TAYCAN 4,TAYCAN 4,N/A,unreviewed,,,
PORSCHE,TAYCAN 4 CROSS TURISMO,TAYCAN 4 CROSS TURISMO,N/A,unreviewed,,,
PORSCHE,TAYCAN 4S,TAYCAN 4S,N/A,unreviewed,,,
PORSCHE,TAYCAN 4S CROSS TURISMO,TAYCAN 4S CROSS TURISMO,N/A,unreviewed,,,
PORSCHE,TAYCAN 4S SPORT TURISMO,TAYCAN 4S SPORT TURISMO,N/A,unreviewed,,,
PORSCHE,TAYCAN GTS,TAYCAN GTS,N/A,unreviewed,,,
PORSCHE,TAYCAN GTS SPORT TURISMO,TAYCAN GTS SPORT TURISMO,N/A,unreviewed,,,
PORSCHE,TAYCAN SPORT TURISMO,TAYCAN SPORT TURISMO,N/A,unreviewed,,,
PORSCHE,TAYCAN TURBO,TAYCAN TURBO,N/A,unreviewed,,,
PORSCHE,TAYCAN TURBO CROSS TURIS,TAYCAN TURBO CROSS TURIS,N/A,unreviewed,,,
PORSCHE,TAYCAN TURBO CROSS TURISMO,TAYCAN TURBO CROSS TURISMO,N/A,unreviewed,,,
PORSCHE,TAYCAN TURBO GT,TAYCAN TURBO GT,N/A,unreviewed,,,
PORSCHE,TAYCAN TURBO S,TAYCAN TURBO S,N/A,unreviewed,,,
PORSCHE,TAYCAN TURBO S CROSS TURISMO,TAYCAN TURBO S CROSS TURISMO,N/A,unreviewed,,,
PORSCHE,TB-20,TB-20,N/A,unreviewed,,,
POWER CURBERS,PC5700-D,PC5700-D,N/A,unreviewed,,,
POWER CURBERS,PC7700,PC7700,N/A,unreviewed,,,
POWER IRON BULL,PB5060,PB5060,N/A,unreviewed,,,
POWER IRON BULL,PB5090,PB5090,N/A,unreviewed,,,
POWER PAVERS,SF-1700,SF-1700,N/A,unreviewed,,,
POWER PAVERS,SF1700,SF1700,N/A,unreviewed,,,
POWERBOSS,SW-8XV,SW-8XV,N/A,unreviewed,,,
POWERPLUS,CC348H-III,CC348H-III,N/A,unreviewed,,,
POWERPLUS,CT438H-III,CT438H-III,N/A,unreviewed,,,
POWERPLUS,CV302D-III,CV302D-III,N/A,unreviewed,,,
POWERPLUS,D65EX-15,D65EX-15,N/A,unreviewed,,,
POWERPLUS,PAF1000T,PAF1000T,N/A,unreviewed,,,
POWERPLUS,PAT900S,PAT900S,N/A,unreviewed,,,
POWERPLUS,PBL380S,PBL380S,N/A,unreviewed,,,
POWERPLUS,PBL480R,PBL480R,N/A,unreviewed,,,
POWERPLUS,PBL480T,PBL480T,N/A,unreviewed,,,
POWERPLUS,PP14G-IX,PP14G-IX,N/A,unreviewed,,,
POWERPLUS,PP150W-X,PP150W-X,N/A,unreviewed,,,
POWERPLUS,PP160E-IX,PP160E-IX,N/A,unreviewed,,,
POWERPLUS,PP220E-XI,PP220E-XI,N/A,unreviewed,,,
POWERPLUS,PP235E-IX,PP235E-IX,N/A,unreviewed,,,
POWERPLUS,PP90W-IX,PP90W-IX,N/A,unreviewed,,,
PRODRIVE,P25,P25,N/A,unreviewed,,,
PROMACH,MINI10,MINI10,N/A,unreviewed,,,
PROMACH,MINI15,MINI15,N/A,unreviewed,,,
PROMACH,PRO16,PRO16,N/A,unreviewed,,,
PROMACH,PRO18,PRO18,N/A,unreviewed,,,
PROTON,EXORA,EXORA,N/A,unreviewed,,,
PROTON,PREVE,PREVE,N/A,unreviewed,,,
PSN,BJ6107TD,BJ6107TD,N/A,unreviewed,,,
PUTT,PUTT5,PUTT5,N/A,unreviewed,,,
RANGE ROVER,AUTOBIOGRAPHY P400E LWB,AUTOBIOGRAPHY P400E LWB,N/A,unreviewed,,,
RANGE ROVER,EVOQUE 2.2 SD4 DYNAMIC,EVOQUE 2.2 SD4 DYNAMIC,N/A,unreviewed,,,
RANGE ROVER,EVOQUE 2.2L SD4,EVOQUE 2.2L SD4,N/A,unreviewed,,,
RAPID,SR09,SR09,N/A,unreviewed,,,
RAPID,SR108,SR108,N/A,unreviewed,,,
REDLINE,DRA90,DRA90,N/A,unreviewed,,,
REDLINE,DRF25-70C,DRF25-70C,N/A,unreviewed,,,
REDLINE,DYNAPAC DRF25-70C PAVER,DYNAPAC DRF25-70C PAVER,N/A,unreviewed,,,
RELY,Q22 1.2L,Q22 1.2L,N/A,unreviewed,,,
RELY,Q22B 1.1L,Q22B 1.1L,N/A,unreviewed,,,
RELY,"Q22B,1.1L","Q22B,1.1L",N/A,unreviewed,,,
RENAULT,MEGANE RS 300 TROPHY EDC,MEGANE RS 300 TROPHY EDC,N/A,unreviewed,,,
RENNY,R88E,R88E,N/A,unreviewed,,,
RENNY,R88X,R88X,N/A,unreviewed,,,
RICH,946L,946L,N/A,unreviewed,,,
RICH,JF910S,JF910S,N/A,unreviewed,,,
RICH,JF928L,JF928L,N/A,unreviewed,,,
RICH,JF928M,JF928M,N/A,unreviewed,,,
RIDDARA,HORIZON 4WD,HORIZON,N/A,unreviewed,,,
RIDDARA,HORIZON PRO 4WD,HORIZON,N/A,unreviewed,,,
RIDDARA,HORIZON PRO 4WD SUNROOF,HORIZON,N/A,unreviewed,,,
RIDDARA,RD6 2WD,RD6,N/A,unreviewed,,,
RIDDARA,RD6 86KWH 2WD,RD6,N/A,unreviewed,,,
RIDDARA,RD6 ECON,RD6,N/A,unreviewed,,,
RIDDARA,RD6 PRO 2WD,RD6,N/A,unreviewed,,,
RLS,RLS95W-9J-YZ,RLS95W-9J-YZ,N/A,unreviewed,,,
ROADTEC,RP-190,RP-190,N/A,unreviewed,,,
ROADTEC,RX-900-4,RX-900-4,N/A,unreviewed,,,
ROADTEC,RX700,RX700,N/A,unreviewed,,,
ROADTEC,RX700E-3,RX700E-3,N/A,unreviewed,,,
ROADTEC,RX900,RX900,N/A,unreviewed,,,
ROADTEC,RX900-4L,RX900-4L,N/A,unreviewed,,,
ROADTEC,SX8E,SX8E,N/A,unreviewed,,,
ROLLS-ROYCE,BLACK BADGE CULLINAN,Black Badge Cullinan,N/A,unreviewed,,,
ROLLS-ROYCE,BLACK BADGE GHOST,Black Badge Ghost,N/A,unreviewed,,,
ROLLS-ROYCE,BLACK BADGE SPECTRE,Black Badge Spectre,N/A,unreviewed,,,
ROLLS-ROYCE,CULLINAN,CULLINAN,N/A,unreviewed,,,
ROLLS-ROYCE,CULLINAN BLACK BADGE,CULLINAN BLACK BADGE,N/A,unreviewed,,,
ROLLS-ROYCE,CULLINAN RIGHT HAND DRIVE,CULLINAN RIGHT HAND DRIVE,N/A,unreviewed,,,
ROLLS-ROYCE,DAWN,DAWN,N/A,unreviewed,,,
ROLLS-ROYCE,GHOST,Ghost,N/A,unreviewed,,,
ROLLS-ROYCE,GHOST BLACK BADGE,GHOST BLACK BADGE,N/A,unreviewed,,,
ROLLS-ROYCE,GHOST EWB,GHOST EWB,N/A,unreviewed,,,
ROLLS-ROYCE,GHOST EXTENDED,Ghost Extended,N/A,unreviewed,,,
ROLLS-ROYCE,GHOST EXTENDED WHEELBASE,Ghost Extended Wheelbase,N/A,unreviewed,,,
ROLLS-ROYCE,GHOST SWB,GHOST SWB,N/A,unreviewed,,,
ROLLS-ROYCE,PHANTOM EXTENDED,Phantom Extended,N/A,unreviewed,,,
ROLLS-ROYCE,PHANTOM EXTENDED WHEELBAS,Phantom Extended Wheelbas,N/A,unreviewed,,,
ROLLS-ROYCE,PHANTOM SWB,Phantom SWB,N/A,unreviewed,,,
ROLLS-ROYCE,PHANTOM VIII,PHANTOM VIII,N/A,unreviewed,,,
ROLLS-ROYCE,SILVER CLOUD,SILVER CLOUD,N/A,unreviewed,,,
ROLLS-ROYCE,SPECTRE,Spectre,N/A,unreviewed,,,
ROLLS-ROYCE,WRAITH,Wraith,N/A,unreviewed,,,
ROSENBAUER,AERIAL LADDER L64P,AERIAL LADDER L64P,N/A,unreviewed,,,
ROSENBAUER,PANTHER 6X6,PANTHER 6X6,N/A,unreviewed,,,
ROSENBAUER,TURNTABLE LADDER L42A-XS,TURNTABLE LADDER L42A-XS,N/A,unreviewed,,,
ROSENBAUER,TURNTABLE LADDER L64,TURNTABLE LADDER L64,N/A,unreviewed,,,
ROVER,MINI,MINI,N/A,unreviewed,,,
ROYAL ALLOY,GP 150,GP 150,N/A,unreviewed,,,
ROYAL ALLOY,GP 200S,GP 200S,N/A,unreviewed,,,
ROYAL ALLOY,GP200STG,GP200STG,N/A,unreviewed,,,
ROYAL ALLOY,GRAND PRIX,Grand Prix,N/A,unreviewed,,,
ROYAL ALLOY,GRAND PRIX TV175,Grand Prix TV175,N/A,unreviewed,,,
ROYAL ALLOY,GT150,GT150,N/A,unreviewed,,,
ROYAL ALLOY,GT150R,GT150R,N/A,unreviewed,,,
ROYAL ALLOY,TIGARA GRANDE,Tigara Grande,N/A,unreviewed,,,
ROYAL ENFIELD,BULLET 350,BULLET 350,N/A,unreviewed,,,
ROYAL ENFIELD,BULLET CLASSIC EFI,BULLET CLASSIC EFI,N/A,unreviewed,,,
ROYAL ENFIELD,BULLET EFI,BULLET EFI,N/A,unreviewed,,,
ROYAL ENFIELD,BULLET TRIALS 500,BULLET TRIALS 500,N/A,unreviewed,,,
ROYAL ENFIELD,CLASSIC 350,CLASSIC 350,N/A,unreviewed,,,
ROYAL ENFIELD,CLASSIC 650,CLASSIC 650,N/A,unreviewed,,,
ROYAL ENFIELD,CONTINENTAL GT  650,CONTINENTAL GT  650,N/A,unreviewed,,,
ROYAL ENFIELD,GOAN CLASSIC 350,GOAN CLASSIC 350,N/A,unreviewed,,,
ROYAL ENFIELD,GUERRILLA 450,GUERRILLA 450,N/A,unreviewed,,,
ROYAL ENFIELD,HIMALAYAN,HIMALAYAN,N/A,unreviewed,,,
ROYAL ENFIELD,HIMALAYAN 410,HIMALAYAN 410,N/A,unreviewed,,,
ROYAL ENFIELD,HIMALAYAN 452,HIMALAYAN 452,N/A,unreviewed,,,
ROYAL ENFIELD,HIMALAYAN SCRAM 411,HIMALAYAN SCRAM 411,N/A,unreviewed,,,
ROYAL ENFIELD,HUNTER 350,HUNTER 350,N/A,unreviewed,,,
ROYAL ENFIELD,INTERCEPTOR 650,INTERCEPTOR 650,N/A,unreviewed,,,
ROYAL ENFIELD,INTERCEPTOR BEAR 650,INTERCEPTOR BEAR 650,N/A,unreviewed,,,
ROYAL ENFIELD,INTERCEPTOR INT 650,Interceptor INT 650,N/A,unreviewed,,,
ROYAL ENFIELD,METEOR 350,METEOR 350,N/A,unreviewed,,,
ROYAL ENFIELD,METEOR 350 FIREBALL,METEOR 350 FIREBALL,N/A,unreviewed,,,
ROYAL ENFIELD,METEOR 350 STELLAR,METEOR 350 STELLAR,N/A,unreviewed,,,
ROYAL ENFIELD,METEOR 350 SUPERNOVA,METEOR 350 SUPERNOVA,N/A,unreviewed,,,
ROYAL ENFIELD,SHOTGUN 650,SHOTGUN 650,N/A,unreviewed,,,
ROYAL ENFIELD,SIGNALS 350,SIGNALS 350,N/A,unreviewed,,,
ROYAL ENFIELD,SUPER METEOR 650,SUPER METEOR 650,N/A,unreviewed,,,
RYUKA,AHEAD,AHEAD,N/A,unreviewed,,,
RYUKA,BRAVO,BRAVO,N/A,unreviewed,,,
RYUKA,CAMA,CAMA,N/A,unreviewed,,,
RYUKA,CHARLY,CHARLY,N/A,unreviewed,,,
RYUKA,CLASSIC,CLASSIC,N/A,unreviewed,,,
RYUKA,CLASSIC CUB,CLASSIC CUB,N/A,unreviewed,,,
RYUKA,CLASSIC FI,CLASSIC FI,N/A,unreviewed,,,
RYUKA,CLASSIC MINI,CLASSIC MINI,N/A,unreviewed,,,
RYUKA,CRUISER,CRUISER,N/A,unreviewed,,,
RYUKA,CUTE,CUTE,N/A,unreviewed,,,
RYUKA,FLY,FLY,N/A,unreviewed,,,
RYUKA,FUTURE,FUTURE,N/A,unreviewed,,,
RYUKA,GORILLA,GORILLA,N/A,unreviewed,,,
RYUKA,I SHINE,i shine,N/A,unreviewed,,,
RYUKA,RA1,RA1,N/A,unreviewed,,,
RYUKA,RETRO,Retro,N/A,unreviewed,,,
RYUKA,RETRO150,Retro150,N/A,unreviewed,,,
RYUKA,RK150,RK150,N/A,unreviewed,,,
RYUKA,RK200GY,RK200GY,N/A,unreviewed,,,
RYUKA,RK250,RK250,N/A,unreviewed,,,
RYUKA,RX3,RX3,N/A,unreviewed,,,
RYUKA,SAVE,SAVE,N/A,unreviewed,,,
RYUKA,SAVE-II,SAVE-II,N/A,unreviewed,,,
RYUKA,SAVE-II S,SAVE-II S,N/A,unreviewed,,,
RYUKA,SAVE-II S FI,SAVE-II S FI,N/A,unreviewed,,,
RYUKA,SPORT,SPORT,N/A,unreviewed,,,
RYUKA,TROOPER,TROOPER,N/A,unreviewed,,,
RYUKA,Z-ONE,Z-ONE,N/A,unreviewed,,,
RYUKA,ZSR,ZSR,N/A,unreviewed,,,
S.T.TUK TUK,ST,ST,N/A,unreviewed,,,
SADIN,LPD388NK,LPD388NK,N/A,unreviewed,,,
SAGASONIC,DUKE,DUKE,N/A,unreviewed,,,
SAGASONIC,QUEEN,QUEEN,N/A,unreviewed,,,
SAGASONIC,SA-004Q,SA-004Q,N/A,unreviewed,,,
SAGASONIC,SA-31,SA-31,N/A,unreviewed,,,
SAGASONIC,SAGASONIC001Q,SAGASONIC001Q,N/A,unreviewed,,,
SAGASONIC,SAGASONIC002Q,SAGASONIC002Q,N/A,unreviewed,,,
SAKAI,CV550D,CV550D,N/A,unreviewed,,,
SAKAI,ER550F,ER550F,N/A,unreviewed,,,
SAKAI,GW750,GW750,N/A,unreviewed,,,
SAKAI,PM550-S,PM550-S,N/A,unreviewed,,,
SAKAI,R-2,R-2,N/A,unreviewed,,,
SAKAI,R2,R2,N/A,unreviewed,,,
SAKAI,R2-1,R2-1,N/A,unreviewed,,,
SAKAI,R2H,R2H,N/A,unreviewed,,,
SAKAI,R2H-2K,R2H-2K,N/A,unreviewed,,,
SAKAI,R2N,R2N,N/A,unreviewed,,,
SAKAI,R2S,R2S,N/A,unreviewed,,,
SAKAI,R2V,R2V,N/A,unreviewed,,,
SAKAI,SV160DV,SV160DV,N/A,unreviewed,,,
SAKAI,SV200T,SV200T,N/A,unreviewed,,,
SAKAI,SV2D,SV2D,N/A,unreviewed,,,
SAKAI,SV500D,SV500D,N/A,unreviewed,,,
SAKAI,SV500T,SV500T,N/A,unreviewed,,,
SAKAI,SV505,SV505,N/A,unreviewed,,,
SAKAI,SV510,SV510,N/A,unreviewed,,,
SAKAI,SV510D,SV510D,N/A,unreviewed,,,
SAKAI,SV510D(T),SV510D(T),N/A,unreviewed,,,
SAKAI,SV510D-1,SV510D-1,N/A,unreviewed,,,
SAKAI,SV512D,SV512D,N/A,unreviewed,,,
SAKAI,SV512D-E,SV512D-E,N/A,unreviewed,,,
SAKAI,SV512D-H,SV512D-H,N/A,unreviewed,,,
SAKAI,SV512DF-E,SV512DF-E,N/A,unreviewed,,,
SAKAI,SV512DF-H,SV512DF-H,N/A,unreviewed,,,
SAKAI,SV512TF,SV512TF,N/A,unreviewed,,,
SAKAI,SV512TF-H,SV512TF-H,N/A,unreviewed,,,
SAKAI,SV520D,SV520D,N/A,unreviewed,,,
SAKAI,SV520DF,SV520DF,N/A,unreviewed,,,
SAKAI,SV520DH,SV520DH,N/A,unreviewed,,,
SAKAI,SV520TF,SV520TF,N/A,unreviewed,,,
SAKAI,SV521D,SV521D,N/A,unreviewed,,,
SAKAI,SV521D-C,SV521D-C,N/A,unreviewed,,,
SAKAI,SV521DF,SV521DF,N/A,unreviewed,,,
SAKAI,SV521T,SV521T,N/A,unreviewed,,,
SAKAI,SV521TF,SV521TF,N/A,unreviewed,,,
SAKAI,SV540,SV540,N/A,unreviewed,,,
SAKAI,SV621D,SV621D,N/A,unreviewed,,,
SAKAI,SV700TF,SV700TF,N/A,unreviewed,,,
SAKAI,SV900D,SV900D,N/A,unreviewed,,,
SAKAI,SV900D-1,SV900D-1,N/A,unreviewed,,,
SAKAI,SV900DV,SV900DV,N/A,unreviewed,,,
SAKAI,SV900DV-1,SV900DV-1,N/A,unreviewed,,,
SAKAI,SV900TV,SV900TV,N/A,unreviewed,,,
SAKAI,SV91D,SV91D,N/A,unreviewed,,,
SAKAI,SV91T,SV91T,N/A,unreviewed,,,
SAKAI,SW350,SW350,N/A,unreviewed,,,
SAKAI,SW350-1,SW350-1,N/A,unreviewed,,,
SAKAI,SW41,SW41,N/A,unreviewed,,,
SAKAI,SW500,SW500,N/A,unreviewed,,,
SAKAI,SW500-1,SW500-1,N/A,unreviewed,,,
SAKAI,SW502,SW502,N/A,unreviewed,,,
SAKAI,SW502S-1,SW502S-1,N/A,unreviewed,,,
SAKAI,SW60,SW60,N/A,unreviewed,,,
SAKAI,SW650,SW650,N/A,unreviewed,,,
SAKAI,SW650B,SW650B,N/A,unreviewed,,,
SAKAI,SW650N,SW650N,N/A,unreviewed,,,
SAKAI,SW651,SW651,N/A,unreviewed,,,
SAKAI,SW652,SW652,N/A,unreviewed,,,
SAKAI,SW652-1,SW652-1,N/A,unreviewed,,,
SAKAI,SW652H-1K,SW652H-1K,N/A,unreviewed,,,
SAKAI,SW652ND,SW652ND,N/A,unreviewed,,,
SAKAI,SW652ND-1,SW652ND-1,N/A,unreviewed,,,
SAKAI,SW654,SW654,N/A,unreviewed,,,
SAKAI,SW654ND,SW654ND,N/A,unreviewed,,,
SAKAI,SW70,SW70,N/A,unreviewed,,,
SAKAI,SW70C,SW70C,N/A,unreviewed,,,
SAKAI,SW750,SW750,N/A,unreviewed,,,
SAKAI,SW770HF,SW770HF,N/A,unreviewed,,,
SAKAI,SW770ND,SW770ND,N/A,unreviewed,,,
SAKAI,SW800,SW800,N/A,unreviewed,,,
SAKAI,SW800-II,SW800-II,N/A,unreviewed,,,
SAKAI,SW850,SW850,N/A,unreviewed,,,
SAKAI,SW850-2,SW850-2,N/A,unreviewed,,,
SAKAI,SW850-II,SW850-II,N/A,unreviewed,,,
SAKAI,SW880,SW880,N/A,unreviewed,,,
SAKAI,SW880-1,SW880-1,N/A,unreviewed,,,
SAKAI,SW900,SW900,N/A,unreviewed,,,
SAKAI,SW990,SW990,N/A,unreviewed,,,
SAKAI,SW990-1,SW990-1,N/A,unreviewed,,,
SAKAI,T2-1,T2-1,N/A,unreviewed,,,
SAKAI,T600,T600,N/A,unreviewed,,,
SAKAI,T600C,T600C,N/A,unreviewed,,,
SAKAI,TA5210,TA5210,N/A,unreviewed,,,
SAKAI,TG350,TG350,N/A,unreviewed,,,
SAKAI,TG40,TG40,N/A,unreviewed,,,
SAKAI,TS 7409,TS 7409,N/A,unreviewed,,,
SAKAI,TS-150,TS-150,N/A,unreviewed,,,
SAKAI,TS-160,TS-160,N/A,unreviewed,,,
SAKAI,TS-7409,TS-7409,N/A,unreviewed,,,
SAKAI,TS150,TS150,N/A,unreviewed,,,
SAKAI,TS150H,TS150H,N/A,unreviewed,,,
SAKAI,TS160,TS160,N/A,unreviewed,,,
SAKAI,TS200,TS200,N/A,unreviewed,,,
SAKAI,TS5309,TS5309,N/A,unreviewed,,,
SAKAI,TS600,TS600,N/A,unreviewed,,,
SAKAI,TS600C,TS600C,N/A,unreviewed,,,
SAKAI,TS650C,TS650C,N/A,unreviewed,,,
SAKAI,TS7409,TS7409,N/A,unreviewed,,,
SAKAI,TW350,TW350,N/A,unreviewed,,,
SAKAI,TW350-1,TW350-1,N/A,unreviewed,,,
SAKAI,TW352,TW352,N/A,unreviewed,,,
SAKAI,TW352-1,TW352-1,N/A,unreviewed,,,
SAKAI,TW450,TW450,N/A,unreviewed,,,
SAKAI,TW500,TW500,N/A,unreviewed,,,
SAKAI,TW500-1,TW500-1,N/A,unreviewed,,,
SAKAI,TW500W,TW500W,N/A,unreviewed,,,
SAKAI,TW500W-1,TW500W-1,N/A,unreviewed,,,
SAKAI,TW502,TW502,N/A,unreviewed,,,
SAKAI,TW502-1,TW502-1,N/A,unreviewed,,,
SAKAI,TW502S-1,TW502S-1,N/A,unreviewed,,,
SAKAI,TW504,TW504,N/A,unreviewed,,,
SAKAI,TZ600,TZ600,N/A,unreviewed,,,
SAKAI,TZ700,TZ700,N/A,unreviewed,,,
SAKAI,TZ701,TZ701,N/A,unreviewed,,,
SAKAI,TZ701-1,TZ701-1,N/A,unreviewed,,,
SAKPATTANA,SS200,SS200,N/A,unreviewed,,,
SAMSUNG,SE210,SE210,N/A,unreviewed,,,
SAMSUNG,SE210 LC-2 ค.ศ2005,SE210 LC-2 ค.ศ2005,N/A,unreviewed,,,
SAMSUNG,SE210LC,SE210LC,N/A,unreviewed,,,
SAMSUNG,SR15T,SR15T,N/A,unreviewed,,,
SANDVIK,DX800,DX800,N/A,unreviewed,,,
SANDVIK,DX800 T3,DX800 T3,N/A,unreviewed,,,
SANDVIK,QI441,QI441,N/A,unreviewed,,,
SANGYOR,R350,R350,N/A,unreviewed,,,
SANGYOR,R360,R360,N/A,unreviewed,,,
SANGYOR,SA55C,SA55C,N/A,unreviewed,,,
SANY,BHL95,BHL95,N/A,unreviewed,,,
SANY,SAP60T-10,SAP60T-10,N/A,unreviewed,,,
SANY,SMG200C-8,SMG200C-8,N/A,unreviewed,,,
SANY,SPR160C-8,SPR160C-8,N/A,unreviewed,,,
SANY,SPR260C-10,SPR260C-10,N/A,unreviewed,,,
SANY,SR205,SR205,N/A,unreviewed,,,
SANY,SSP90C-8,SSP90C-8,N/A,unreviewed,,,
SANY,SSR100C-10,SSR100C-10,N/A,unreviewed,,,
SANY,SSR100C-10S,SSR100C-10S,N/A,unreviewed,,,
SANY,SSR120AC-8,SSR120AC-8,N/A,unreviewed,,,
SANY,SSR120C-10,SSR120C-10,N/A,unreviewed,,,
SANY,SSR120C-10S,SSR120C-10S,N/A,unreviewed,,,
SANY,SSR220C-10S,SSR220C-10S,N/A,unreviewed,,,
SANY,SSR220C-8H,SSR220C-8H,N/A,unreviewed,,,
SANY,SSR260,SSR260,N/A,unreviewed,,,
SANY,SSR260C-10S,SSR260C-10S,N/A,unreviewed,,,
SANY,STG170C-8S,STG170C-8S,N/A,unreviewed,,,
SANY,STG190C-8,STG190C-8,N/A,unreviewed,,,
SANY,STG230C-10S,STG230C-10S,N/A,unreviewed,,,
SANY,STG230C-8S,STG230C-8S,N/A,unreviewed,,,
SANY,STR100C-8C,STR100C-8C,N/A,unreviewed,,,
SANY,SW936K1,SW936K1,N/A,unreviewed,,,
SANY,SW956E,SW956E,N/A,unreviewed,,,
SANY,SW966E,SW966E,N/A,unreviewed,,,
SANY,SW966K1,SW966K1,N/A,unreviewed,,,
SANY,SY135C,SY135C,N/A,unreviewed,,,
SANY,SY140C,SY140C,N/A,unreviewed,,,
SANY,SY155W,SY155W,N/A,unreviewed,,,
SANY,SY200C,SY200C,N/A,unreviewed,,,
SANY,SY200H SUPER,SY200H SUPER,N/A,unreviewed,,,
SANY,SY205C,SY205C,N/A,unreviewed,,,
SANY,SY205H DPC,SY205H DPC,N/A,unreviewed,,,
SANY,SY215 CL,SY215 CL,N/A,unreviewed,,,
SANY,SY215C,SY215C,N/A,unreviewed,,,
SANY,SY215CL,SY215CL,N/A,unreviewed,,,
SANY,SY235,SY235,N/A,unreviewed,,,
SANY,SY235C,SY235C,N/A,unreviewed,,,
SANY,SY245H,SY245H,N/A,unreviewed,,,
SANY,SY335,SY335,N/A,unreviewed,,,
SANY,SY35C,SY35C,N/A,unreviewed,,,
SANY,SY35U,SY35U,N/A,unreviewed,,,
SANY,SY365C,SY365C,N/A,unreviewed,,,
SANY,SY365H,SY365H,N/A,unreviewed,,,
SANY,SY375H,SY375H,N/A,unreviewed,,,
SANY,SY500H,SY500H,N/A,unreviewed,,,
SANY,SY55C,SY55C,N/A,unreviewed,,,
SANY,SY60C,SY60C,N/A,unreviewed,,,
SANY,SY75C,SY75C,N/A,unreviewed,,,
SANY,SYL956H5,SYL956H5,N/A,unreviewed,,,
SANY,SYM1030T1BEVH3,SYM1030T1BEVH3,N/A,unreviewed,,,
SCANIA,8X4,8X4,N/A,unreviewed,,,
SCANIA,P 420 B6X4NZ,P 420 B6X4NZ,N/A,unreviewed,,,
SCANIA,P 460 B10X4*6NA,P 460 B10x4*6NA,N/A,unreviewed,,,
SCANIA,R560 B8X4NZ,R560 B8x4NZ,N/A,unreviewed,,,
SCHMELZER,938E,938E,N/A,unreviewed,,,
SCOMADI,TECHNICA 200I,TECHNICA 200i,N/A,unreviewed,,,
SCOMADI,TL125,TL125,N/A,unreviewed,,,
SCOMADI,TURISMO ELECTRONICA,TURISMO ELECTRONICA,N/A,unreviewed,,,
SCOMADI,TURISMO PICCOLO 125I,TURISMO PICCOLO 125i,N/A,unreviewed,,,
SCOMADI,TURISMO TECHNICA 125I,TURISMO TECHNICA 125I,N/A,unreviewed,,,
SCOMADI,TURISMO TECHNICA 200I,TURISMO TECHNICA 200i,N/A,unreviewed,,,
SCOMADI,TURISMO TECHNICA 200W,TURISMO TECHNICA 200w,N/A,unreviewed,,,
SDJK,JKW-35S,JKW-35S,N/A,unreviewed,,,
SDLG,B877,B877,N/A,unreviewed,,,
SDLG,E6135F,E6135F,N/A,unreviewed,,,
SDLG,E6205F,E6205F,N/A,unreviewed,,,
SDLG,E6210F,E6210F,N/A,unreviewed,,,
SDLG,E6210FLC,E6210FLC,N/A,unreviewed,,,
SDLG,E6300F,E6300F,N/A,unreviewed,,,
SDLG,E635F,E635F,N/A,unreviewed,,,
SDLG,E660FL,E660FL,N/A,unreviewed,,,
SDLG,E680F,E680F,N/A,unreviewed,,,
SDLG,G9190,G9190,N/A,unreviewed,,,
SDLG,G9220,G9220,N/A,unreviewed,,,
SDLG,G9220F,G9220F,N/A,unreviewed,,,
SDLG,L958F,L958F,N/A,unreviewed,,,
SDLG,L958H,L958H,N/A,unreviewed,,,
SDLG,L968F,L968F,N/A,unreviewed,,,
SDLG,LG 938L,LG 938L,N/A,unreviewed,,,
SDLG,LG918,LG918,N/A,unreviewed,,,
SDLG,LG936L SLR,LG936L SLR,N/A,unreviewed,,,
SDLG,LG938L,LG938L,N/A,unreviewed,,,
SDLG,LG938L SLR,LG938L SLR,N/A,unreviewed,,,
SDLG,LG956L,LG956L,N/A,unreviewed,,,
SDLG,LG958L SLR,LG958L SLR,N/A,unreviewed,,,
SDLG,LG959L SLR,LG959L SLR,N/A,unreviewed,,,
SDLG,LG968,LG968,N/A,unreviewed,,,
SDLG,RC730,RC730,N/A,unreviewed,,,
SEEYES,TA304-A6,TA304-A6,N/A,unreviewed,,,
SEEYES,TC504-A8,TC504-A8,N/A,unreviewed,,,
SEM,616B,616B,N/A,unreviewed,,,
SEM,639B,639B,N/A,unreviewed,,,
SEM,656F,656F,N/A,unreviewed,,,
SEM,919,919,N/A,unreviewed,,,
SEM,920F,920F,N/A,unreviewed,,,
SEM,SEM510,SEM510,N/A,unreviewed,,,
SEM,SEM512,SEM512,N/A,unreviewed,,,
SEM,SEM616B,SEM616B,N/A,unreviewed,,,
SEM,SEM618B,SEM618B,N/A,unreviewed,,,
SEM,SEM618D,SEM618D,N/A,unreviewed,,,
SEM,SEM636D,SEM636D,N/A,unreviewed,,,
SEM,SEM639B,SEM639B,N/A,unreviewed,,,
SEM,SEM656D,SEM656D,N/A,unreviewed,,,
SEM,SEM659D,SEM659D,N/A,unreviewed,,,
SEM,SEM816D,SEM816D,N/A,unreviewed,,,
SEM,SEM919,SEM919,N/A,unreviewed,,,
SENNEBOGEN,818M-SERIES E,818M-SERIES E,N/A,unreviewed,,,
SERES,SERES 3,SERES 3,N/A,unreviewed,,,
SGEE,SEV 125,SEV 125,N/A,unreviewed,,,
SHANGCH,ZQK5027XXYEV1R,ZQK5027XXYEV1R,N/A,unreviewed,,,
SHANMON,388,388,N/A,unreviewed,,,
SHANTUI,DH08-B3 XL,DH08-B3 XL,N/A,unreviewed,,,
SHANTUI,L36-B3,L36-B3,N/A,unreviewed,,,
SHANTUI,L36-B5,L36-B5,N/A,unreviewed,,,
SHANTUI,L55-B5,L55-B5,N/A,unreviewed,,,
SHANTUI,L58-B3,L58-B3,N/A,unreviewed,,,
SHANTUI,L76-C5,L76-C5,N/A,unreviewed,,,
SHANTUI,SD13S,SD13S,N/A,unreviewed,,,
SHANTUI,SD16,SD16,N/A,unreviewed,,,
SHANTUI,SD16L,SD16L,N/A,unreviewed,,,
SHANTUI,SE210W,SE210W,N/A,unreviewed,,,
SHANTUI,SE390LCW,SE390LCW,N/A,unreviewed,,,
SHANTUI,SE60,SE60,N/A,unreviewed,,,
SHANTUI,SE60-9A,SE60-9A,N/A,unreviewed,,,
SHANTUI,SG14,SG14,N/A,unreviewed,,,
SHANTUI,SL50W,SL50W,N/A,unreviewed,,,
SHANTUI,SR12-5,SR12-5,N/A,unreviewed,,,
SHANTUI,SR12P-5,SR12P-5,N/A,unreviewed,,,
SHANTUI,SW150,SW150,N/A,unreviewed,,,
SHINERAY,T22,T22,N/A,unreviewed,,,
SINGTHAI,STV-3.5T,STV-3.5T,N/A,unreviewed,,,
SINOMACH,GTY160S,GTY160S,N/A,unreviewed,,,
SINOMACH,ZG035U,ZG035U,N/A,unreviewed,,,
SINOWAY,SWG220T,SWG220T,N/A,unreviewed,,,
SKODA,SUPERB ELEGANCE,SUPERB ELEGANCE,N/A,unreviewed,,,
SKYWELL,BVCH1041,BVCH1041,N/A,unreviewed,,,
SKYWELL,SHODAI-HIGH ROOF,SHODAI-HIGH ROOF,N/A,unreviewed,,,
SKYWELL,T05,T05,N/A,unreviewed,,,
SLEEK,SLEEK ONE,SLEEK ONE,N/A,unreviewed,,,
SLEEK,SLEEK PLAY,SLEEK PLAY,N/A,unreviewed,,,
SLEEK,TYPE E,TYPE E,N/A,unreviewed,,,
SLEEK,TYPE S,TYPE S,N/A,unreviewed,,,
SLEEK,TYPE X,TYPE X,N/A,unreviewed,,,
SLEEK,TYPE-V,TYPE-V,N/A,unreviewed,,,
SLEEK,TYPE-V GT,TYPE-V GT,N/A,unreviewed,,,
SM KASETYON,SM-200SUPERSPEED,SM-200SUPERSPEED,N/A,unreviewed,,,
SMART,EQ FORTWO CABRIOLET,EQ FORTWO CABRIOLET,N/A,unreviewed,,,
SMART,FORTWO COUPE,FORTWO COUPE,N/A,unreviewed,,,
SMART,FORTWO EQ BLUEDAWN COUPE,FORTWO EQ BLUEDAWN COUPE,N/A,unreviewed,,,
SMART,FORTWO EQ COUPE,FORTWO EQ COUPE,N/A,unreviewed,,,
SMART,FORTWO EQ EXCLUSIVE CABRIO,FORTWO EQ EXCLUSIVE CABRIO,N/A,unreviewed,,,
SOKON,CRC5020CLS,CRC5020CLS,N/A,unreviewed,,,
SOKON,CRC5021CLS,CRC5021CLS,N/A,unreviewed,,,
SOKON,CRC5021XXY,CRC5021XXY,N/A,unreviewed,,,
SOKON,CRC5023XXY,CRC5023XXY,N/A,unreviewed,,,
SOKON,CRC5026XXYQ1,CRC5026XXYQ1,N/A,unreviewed,,,
SOLAR,GROOVE 125A,GROOVE 125A,N/A,unreviewed,,,
SOLAR,GROOVE CROSS 125A,GROOVE CROSS 125A,N/A,unreviewed,,,
SOLAR,PROUD 125A,PROUD 125A,N/A,unreviewed,,,
SOLARKY,MODEL C11A,MODEL C11A,N/A,unreviewed,,,
SOLIS,SOLIS-110 4WD,SOLIS-110 4WD,N/A,unreviewed,,,
SOLIS,SOLIS-26 4WD,SOLIS-26 4WD,N/A,unreviewed,,,
SOLIS,SOLIS-90 4WD,SOLIS-90 4WD,N/A,unreviewed,,,
SOLIS,SOLIS-90-4WD,SOLIS-90-4WD,N/A,unreviewed,,,
SONALIKA,26,26,N/A,unreviewed,,,
SONALIKA,90RX,90RX,N/A,unreviewed,,,
SONALIKA,90RX-4WD,90RX-4WD,N/A,unreviewed,,,
SONALIKA,DI-26,DI-26,N/A,unreviewed,,,
SONALIKA,DI-75RX,DI-75RX,N/A,unreviewed,,,
SONALIKA,DI-75RX-4WD,DI-75RX-4WD,N/A,unreviewed,,,
SONALIKA,DI-90RX,DI-90RX,N/A,unreviewed,,,
SONALIKA,WORLDTRAC-90RX,WORLDTRAC-90RX,N/A,unreviewed,,,
SONALIKA,WORLDTRAC90RX,WORLDTRAC90RX,N/A,unreviewed,,,
SOOSAN,JD-1300E,JD-1300E,N/A,unreviewed,,,
SOOSAN,JD-800,JD-800,N/A,unreviewed,,,
SOOSAN,STD11E,STD11E,N/A,unreviewed,,,
SOOSAN,STD14E,STD14E,N/A,unreviewed,,,
SOOSANCSM,SD142E,SD142E,N/A,unreviewed,,,
SRM,T3EV,T3EV,N/A,unreviewed,,,
SRTT TUK TUK,SRTT,SRTT,N/A,unreviewed,,,
SSANGYONG,ACTYON SPORTS,ACTYON SPORTS,N/A,unreviewed,,,
SSANGYONG,REXTON,REXTON,N/A,unreviewed,,,
SSANGYONG,RODIUS,RODIUS,N/A,unreviewed,,,
SSANGYONG,STAVIC SV200,STAVIC SV200,N/A,unreviewed,,,
STALLION,125MINI,125MINI,N/A,unreviewed,,,
STALLION,BUDDY 105,BUDDY 105,N/A,unreviewed,,,
STALLION,POLO125,POLO125,N/A,unreviewed,,,
STALLION,SOLO,SOLO,N/A,unreviewed,,,
STALLIONS,170I,170i,N/A,unreviewed,,,
STALLIONS,BUCCANEER 250I,BUCCANEER 250I,N/A,unreviewed,,,
STALLIONS,CARINO,CARINO,N/A,unreviewed,,,
STALLIONS,CENTAUR 250,CENTAUR 250,N/A,unreviewed,,,
STALLIONS,CENTAUR 400,CENTAUR 400,N/A,unreviewed,,,
STALLIONS,CENTAUR MAKINA150,CENTAUR MAKINA150,N/A,unreviewed,,,
STALLIONS,CENTAUR MAKINA250,CENTAUR MAKINA250,N/A,unreviewed,,,
STALLIONS,CENTAUR MEGAPHONE,CENTAUR MEGAPHONE,N/A,unreviewed,,,
STALLIONS,CENTAUR SIAM,CENTAUR SIAM,N/A,unreviewed,,,
STALLIONS,IRON-ONE,IRON-ONE,N/A,unreviewed,,,
STALLIONS,MINI-EV,MINI-EV,N/A,unreviewed,,,
STALLIONS,VICTORY,VICTORY,N/A,unreviewed,,,
STALLIONS,VICTORY VTR125,VICTORY VTR125,N/A,unreviewed,,,
STAR8,GOGO,GOGO,N/A,unreviewed,,,
STAR8,HORUS,HORUS,N/A,unreviewed,,,
STAR8,HURRICANE,HURRICANE,N/A,unreviewed,,,
STAR8,MINERVA,MINERVA,N/A,unreviewed,,,
STAVOSTROJ,VV1400D,VV1400D,N/A,unreviewed,,,
STELATO,S9,S9,N/A,unreviewed,,,
STORM,STORM,STORM,N/A,unreviewed,,,
STROM,CHIMPANZEE CPZ-250L2,CHIMPANZEE CPZ-250L2,N/A,unreviewed,,,
STROM,GORILLA GRL-200L,GORILLA GRL-200L,N/A,unreviewed,,,
STROM,GORILLA GRL-300L,GORILLA GRL-300L,N/A,unreviewed,,,
STROM,GORILLA GRL-312L,GORILLA GRL-312L,N/A,unreviewed,,,
STROM,MONKEY MNK-250L2,MONKEY MNK-250L2,N/A,unreviewed,,,
STROM,PANTHER PNT-300L,PANTHER PNT-300L,N/A,unreviewed,,,
STROM,SAILFISH SFH-150LS,Sailfish SFH-150Ls,N/A,unreviewed,,,
STROM,SEAL SEA-100L,SEAL SEA-100L,N/A,unreviewed,,,
STRON,CG1-C01-WT,CG1-C01-WT,N/A,unreviewed,,,
SUBARU,BRZ,BRZ,N/A,unreviewed,,,
SUBARU,BRZ 2.0 RWD 6AT,BRZ 2.0 RWD 6AT,N/A,unreviewed,,,
SUBARU,BRZ 2.0 RWD 6MT,BRZ 2.0 RWD 6MT,N/A,unreviewed,,,
SUBARU,BRZ 2.4 EYESIGHT RWD 6AT,BRZ 2.4 EyeSight RWD 6AT,N/A,unreviewed,,,
SUBARU,BRZ 2.4 EYESIGHT RWD 6MT,BRZ 2.4 EyeSight RWD 6MT,N/A,unreviewed,,,
SUBARU,BRZ 2.4 RWD 6MT,BRZ 2.4 RWD 6MT,N/A,unreviewed,,,
SUBARU,BRZ 2.4 RWD EYESIGHT 6AT,BRZ 2.4 RWD EyeSight 6AT,N/A,unreviewed,,,
SUBARU,BRZ CUP CAR BASIC,BRZ CUP CAR BASIC,N/A,unreviewed,,,
SUBARU,BRZ S 10TH ANNIVERSARY LIMITED,BRZ S 10TH ANNIVERSARY LIMITED,N/A,unreviewed,,,
SUBARU,BRZ STI SPORT,BRZ STI SPORT,N/A,unreviewed,,,
SUBARU,FORESTER 2.0I-L,FORESTER 2.0i-L,N/A,unreviewed,,,
SUBARU,FORESTER 2.0I-L ES,FORESTER 2.0i-L ES,N/A,unreviewed,,,
SUBARU,FORESTER 2.0I-P,FORESTER 2.0i-P,N/A,unreviewed,,,
SUBARU,FORESTER 2.0I-S,FORESTER 2.0i-S,N/A,unreviewed,,,
SUBARU,FORESTER 2.0I-S ES,FORESTER 2.0i-S ES,N/A,unreviewed,,,
SUBARU,FORESTER 2.5I-S AWD CVT,FORESTER 2.5i-S AWD CVT,N/A,unreviewed,,,
SUBARU,LEVORG 1.6GT-S AWD CVT,LEVORG 1.6GT-S AWD CVT,N/A,unreviewed,,,
SUBARU,LEVORG STI SPORT R,LEVORG STI SPORT R,N/A,unreviewed,,,
SUBARU,LEVORG STI SPORTS R EX,LEVORG STI SPORTS R EX,N/A,unreviewed,,,
SUBARU,NBR CHALLENGE S208 WRX STI,NBR CHALLENGE S208 WRX STI,N/A,unreviewed,,,
SUBARU,OUTBACK 2.5I-S AWD CVT,OUTBACK 2.5I-S AWD CVT,N/A,unreviewed,,,
SUBARU,OUTBACK 2.5I-T EYESIGHT,OUTBACK 2.5i-T EyeSight,N/A,unreviewed,,,
SUBARU,WRX + L 2.0 AWD 6MT,WRX + L 2.0 AWD 6MT,N/A,unreviewed,,,
SUBARU,WRX + L 2.0 AWD CVT,WRX + L 2.0 AWD CVT,N/A,unreviewed,,,
SUBARU,WRX + L2.0 AWD 6MT,WRX + L2.0 AWD 6MT,N/A,unreviewed,,,
SUBARU,WRX 4D 2.0 AWD 6MT,WRX 4D 2.0 AWD 6MT,N/A,unreviewed,,,
SUBARU,WRX 4D 2.0 AWD CVT,WRX 4D 2.0 AWD CVT,N/A,unreviewed,,,
SUBARU,WRX 4D 2.4 AWD 6MT,WRX 4D 2.4 AWD 6MT,N/A,unreviewed,,,
SUBARU,WRX 4D 2.4 EYESIGHT AWD 6MT,WRX 4D 2.4 EyeSight AWD 6MT,N/A,unreviewed,,,
SUBARU,WRX 4D 2.4 EYESIGHT AWD CVT,WRX 4D 2.4 EyeSight AWD CVT,N/A,unreviewed,,,
SUBARU,WRX S4 S210,WRX S4 S210,N/A,unreviewed,,,
SUBARU,WRX S4 STI SPORT R EX AWD,WRX S4 STI SPORT R EX AWD,N/A,unreviewed,,,
SUBARU,WRX STI + W2.5 AWD 6MT,WRX STI + W2.5 AWD 6MT,N/A,unreviewed,,,
SUBARU,WRX STI FINAL EDITION,WRX STI FINAL EDITION,N/A,unreviewed,,,
SUBARU,WRX STI RA-R,WRX STI RA-R,N/A,unreviewed,,,
SUBARU,WRX STI S207,WRX STI S207,N/A,unreviewed,,,
SUBARU,WRX STI S208NBR CHALLENGE,WRX STI S208NBR CHALLENGE,N/A,unreviewed,,,
SUBARU,WRX WAGON 2.4 EYESIGHT AWD CVT,WRX Wagon 2.4 EyeSight AWD CVT,N/A,unreviewed,,,
SUBARU,WRX+L 2.0 AWD CVT,WRX+L 2.0 AWD CVT,N/A,unreviewed,,,
SUBARU,XV 2.0I,XV 2.0i,N/A,unreviewed,,,
SUBARU,XV 2.0I AWD CVT,XV 2.0I AWD CVT,N/A,unreviewed,,,
SUBARU,XV 2.0I-P,XV 2.0i-P,N/A,unreviewed,,,
SUBARU,XV 2.0I-P ES,XV 2.0i-P ES,N/A,unreviewed,,,
SUMITOMO,H50W,H50W,N/A,unreviewed,,,
SUMITOMO,HA25W,HA25W,N/A,unreviewed,,,
SUMITOMO,HA31W,HA31W,N/A,unreviewed,,,
SUMITOMO,HA44W-2,HA44W-2,N/A,unreviewed,,,
SUMITOMO,HA45C-7,HA45C-7,N/A,unreviewed,,,
SUMITOMO,HA45W-5,HA45W-5,N/A,unreviewed,,,
SUMITOMO,HA45W-7,HA45W-7,N/A,unreviewed,,,
SUMITOMO,HA50W,HA50W,N/A,unreviewed,,,
SUMITOMO,HA50W-7,HA50W-7,N/A,unreviewed,,,
SUMITOMO,HA50W-8,HA50W-8,N/A,unreviewed,,,
SUMITOMO,HA60C,HA60C,N/A,unreviewed,,,
SUMITOMO,HA60C-3,HA60C-3,N/A,unreviewed,,,
SUMITOMO,HA60C-5,HA60C-5,N/A,unreviewed,,,
SUMITOMO,HA60C-7,HA60C-7,N/A,unreviewed,,,
SUMITOMO,HA60C-8,HA60C-8,N/A,unreviewed,,,
SUMITOMO,HA60W,HA60W,N/A,unreviewed,,,
SUMITOMO,HA60W-10,HA60W-10,N/A,unreviewed,,,
SUMITOMO,HA60W-2,HA60W-2,N/A,unreviewed,,,
SUMITOMO,HA60W-3,HA60W-3,N/A,unreviewed,,,
SUMITOMO,HA60W-5,HA60W-5,N/A,unreviewed,,,
SUMITOMO,HA60W-5V,HA60W-5V,N/A,unreviewed,,,
SUMITOMO,HA60W-7,HA60W-7,N/A,unreviewed,,,
SUMITOMO,HA60W-7(TV),HA60W-7(TV),N/A,unreviewed,,,
SUMITOMO,HA60W-7TV,HA60W-7TV,N/A,unreviewed,,,
SUMITOMO,HA60W-7V,HA60W-7V,N/A,unreviewed,,,
SUMITOMO,HA60W-8,HA60W-8,N/A,unreviewed,,,
SUMITOMO,HA60W-8V,HA60W-8V,N/A,unreviewed,,,
SUMITOMO,HA90C-2,HA90C-2,N/A,unreviewed,,,
SUMITOMO,HA90C-3,HA90C-3,N/A,unreviewed,,,
SUMITOMO,HB31W-5B,HB31W-5B,N/A,unreviewed,,,
SUMITOMO,HN200W,HN200W,N/A,unreviewed,,,
SUMITOMO,HN200WT,HN200WT,N/A,unreviewed,,,
SUMITOMO,HN220WHH-2,HN220WHH-2,N/A,unreviewed,,,
SUMITOMO,HTP60W-2,HTP60W-2,N/A,unreviewed,,,
SUMITOMO,HTW20,HTW20,N/A,unreviewed,,,
SUMITOMO,HW41VW-2,HW41VW-2,N/A,unreviewed,,,
SUMITOMO,HW41VW-5,HW41VW-5,N/A,unreviewed,,,
SUMITOMO,LS-78RH,LS-78RH,N/A,unreviewed,,,
SUMITOMO,SC800-2,SC800-2,N/A,unreviewed,,,
SUMITOMO,SH120-3,SH120-3,N/A,unreviewed,,,
SUMITOMO,SH120-5,SH120-5,N/A,unreviewed,,,
SUMITOMO,SH120-6,SH120-6,N/A,unreviewed,,,
SUMITOMO,SH120-7,SH120-7,N/A,unreviewed,,,
SUMITOMO,SH120LC-5,SH120LC-5,N/A,unreviewed,,,
SUMITOMO,SH120LC-7,SH120LC-7,N/A,unreviewed,,,
SUMITOMO,SH125X-3,SH125X-3,N/A,unreviewed,,,
SUMITOMO,SH125X-3B,SH125X-3B,N/A,unreviewed,,,
SUMITOMO,SH125X-6,SH125X-6,N/A,unreviewed,,,
SUMITOMO,SH125X3,SH125X3,N/A,unreviewed,,,
SUMITOMO,SH130-5,SH130-5,N/A,unreviewed,,,
SUMITOMO,SH130-6,SH130-6,N/A,unreviewed,,,
SUMITOMO,SH130LC-5LR,SH130LC-5LR,N/A,unreviewed,,,
SUMITOMO,SH135X-3,SH135X-3,N/A,unreviewed,,,
SUMITOMO,SH135X-3B,SH135X-3B,N/A,unreviewed,,,
SUMITOMO,SH145U,SH145U,N/A,unreviewed,,,
SUMITOMO,SH200-3,SH200-3,N/A,unreviewed,,,
SUMITOMO,SH200-5,SH200-5,N/A,unreviewed,,,
SUMITOMO,SH200-6,SH200-6,N/A,unreviewed,,,
SUMITOMO,SH200LC-3,SH200LC-3,N/A,unreviewed,,,
SUMITOMO,SH200LC-6,SH200LC-6,N/A,unreviewed,,,
SUMITOMO,SH210-5,SH210-5,N/A,unreviewed,,,
SUMITOMO,SH210-6,SH210-6,N/A,unreviewed,,,
SUMITOMO,SH210F-5,SH210F-5,N/A,unreviewed,,,
SUMITOMO,SH210F-6,SH210F-6,N/A,unreviewed,,,
SUMITOMO,SH210LC-5LR,SH210LC-5LR,N/A,unreviewed,,,
SUMITOMO,SH210LC-6LR,SH210LC-6LR,N/A,unreviewed,,,
SUMITOMO,SH240-5,SH240-5,N/A,unreviewed,,,
SUMITOMO,SH240-5LR,SH240-5LR,N/A,unreviewed,,,
SUMITOMO,SH250-6,SH250-6,N/A,unreviewed,,,
SUMITOMO,SH250-6LR,SH250-6LR,N/A,unreviewed,,,
SUMITOMO,SH330LC,SH330LC,N/A,unreviewed,,,
SUMITOMO,SH330LC-3B,SH330LC-3B,N/A,unreviewed,,,
SUMITOMO,SH350HD-3B,SH350HD-3B,N/A,unreviewed,,,
SUMITOMO,SH350HD-5,SH350HD-5,N/A,unreviewed,,,
SUMITOMO,SH350HD-6,SH350HD-6,N/A,unreviewed,,,
SUMITOMO,SH350LHD-6,SH350LHD-6,N/A,unreviewed,,,
SUMITOMO,SH40JX,SH40JX,N/A,unreviewed,,,
SUMITOMO,SH490LHD-6,SH490LHD-6,N/A,unreviewed,,,
SUMITOMO,SH55U-2,SH55U-2,N/A,unreviewed,,,
SUMITOMO,SH60DX-2,SH60DX-2,N/A,unreviewed,,,
SUMITOMO,SH75-3B,SH75-3B,N/A,unreviewed,,,
SUMITOMO,SH75X-3,SH75X-3,N/A,unreviewed,,,
SUMITOMO,SH75X-3B,SH75X-3B,N/A,unreviewed,,,
SUMITOMO,SH75X-6A,SH75X-6A,N/A,unreviewed,,,
SUMITOMO,SH75XU,SH75XU,N/A,unreviewed,,,
SUMITOMO,SH80-6,SH80-6,N/A,unreviewed,,,
SUMITOMO,SH80-6B,SH80-6B,N/A,unreviewed,,,
SUN,SUN STAR,SUN STAR,N/A,unreviewed,,,
SUNRA,FUTURE 2500,FUTURE 2500,N/A,unreviewed,,,
SUNRA,MIKU SUPER,MIKU SUPER,N/A,unreviewed,,,
SUNWARD,SL31W,SL31W,N/A,unreviewed,,,
SUNWARD,SWE150E,SWE150E,N/A,unreviewed,,,
SUNWARD,SWE150W,SWE150W,N/A,unreviewed,,,
SUNWARD,SWE210,SWE210,N/A,unreviewed,,,
SUNWARD,SWE210E,SWE210E,N/A,unreviewed,,,
SUNWARD,SWE210ELR,SWE210ELR,N/A,unreviewed,,,
SUNWARD,SWE215E-3H,SWE215E-3H,N/A,unreviewed,,,
SUNWARD,SWE235E-3,SWE235E-3,N/A,unreviewed,,,
SUNWARD,SWE35UF,SWE35UF,N/A,unreviewed,,,
SUNWARD,SWE60E,SWE60E,N/A,unreviewed,,,
SUNWARD,SWE70E,SWE70E,N/A,unreviewed,,,
SUNWARD,SWE80E9,SWE80E9,N/A,unreviewed,,,
SUPER,ET3125,ET3125,N/A,unreviewed,,,
SUPER SOCO,CUX,CUX,N/A,unreviewed,,,
SUPER SOCO,TC MAX,TC MAX,N/A,unreviewed,,,
SUPERIOR BROOM,DT80CT,DT80CT,N/A,unreviewed,,,
SUZUKI,ADDRESS,Address,N/A,unreviewed,,,
SUZUKI,AF416PUM14060,AF416PUM14060,N/A,unreviewed,,,
SUZUKI,AP416PUM14058,AP416PUM14058,N/A,unreviewed,,,
SUZUKI,APV VAN (GLX) 1.6L,APV VAN (GLX) 1.6L,N/A,unreviewed,,,
SUZUKI,AQ416PUM14058,AQ416PUM14058,N/A,unreviewed,,,
SUZUKI,AVENIS,AVENIS,N/A,unreviewed,,,
SUZUKI,BOULEVARD,BOULEVARD,N/A,unreviewed,,,
SUZUKI,BURGMAN,BURGMAN,N/A,unreviewed,,,
SUZUKI,BURGMAN 400,BURGMAN 400,N/A,unreviewed,,,
SUZUKI,BURGMAN STREET EX,BURGMAN STREET EX,N/A,unreviewed,,,
SUZUKI,CARRY 1.5L MT,CARRY 1.5L MT,N/A,unreviewed,,,
SUZUKI,CELERIO GA 1.0L,CELERIO GA 1.0L,N/A,unreviewed,,,
SUZUKI,CELERIO GA 1.0L MT,CELERIO GA 1.0L MT,N/A,unreviewed,,,
SUZUKI,CELERIO GL 1.0L,CELERIO GL 1.0L,N/A,unreviewed,,,
SUZUKI,CELERIO GL 1.0L CVT,CELERIO GL 1.0L CVT,N/A,unreviewed,,,
SUZUKI,CELERIO GL UP 1.0L CVT,CELERIO GL UP 1.0L CVT,N/A,unreviewed,,,
SUZUKI,CELERIO GLX 1.0L,CELERIO GLX 1.0L,N/A,unreviewed,,,
SUZUKI,CELERIO GX 1.0L,CELERIO GX 1.0L,N/A,unreviewed,,,
SUZUKI,CELERIO GX 1.0L CVT,CELERIO GX 1.0L CVT,N/A,unreviewed,,,
SUZUKI,CIAZ GA MT,CIAZ GA MT,N/A,unreviewed,,,
SUZUKI,CIAZ GL 1.25L CVT,CIAZ GL 1.25L CVT,N/A,unreviewed,,,
SUZUKI,CIAZ GL 1.25L MT,CIAZ GL 1.25L MT,N/A,unreviewed,,,
SUZUKI,CIAZ GL CVT,CIAZ GL CVT,N/A,unreviewed,,,
SUZUKI,CIAZ GL MT,CIAZ GL MT,N/A,unreviewed,,,
SUZUKI,CIAZ GL PLUS CVT,CIAZ GL PLUS CVT,N/A,unreviewed,,,
SUZUKI,CIAZ GLX 1.25L CVT,CIAZ GLX 1.25L CVT,N/A,unreviewed,,,
SUZUKI,CIAZ GLX CVT,CIAZ GLX CVT,N/A,unreviewed,,,
SUZUKI,CIAZ RS 1.25L,CIAZ RS 1.25L,N/A,unreviewed,,,
SUZUKI,CIAZ RS CVT,CIAZ RS CVT,N/A,unreviewed,,,
SUZUKI,ERTIGA DREZA 1.4L,ERTIGA DREZA 1.4L,N/A,unreviewed,,,
SUZUKI,ERTIGA GL 1.4L,ERTIGA GL 1.4L,N/A,unreviewed,,,
SUZUKI,ERTIGA GL 1.5L,ERTIGA GL 1.5L,N/A,unreviewed,,,
SUZUKI,ERTIGA GX 1.4L,ERTIGA GX 1.4L,N/A,unreviewed,,,
SUZUKI,ERTIGA GX 1.5L,ERTIGA GX 1.5L,N/A,unreviewed,,,
SUZUKI,FD110CD,FD110CD,N/A,unreviewed,,,
SUZUKI,FD110XCMU,FD110XCMU,N/A,unreviewed,,,
SUZUKI,FD110XCSM,FD110XCSM,N/A,unreviewed,,,
SUZUKI,FD110XCSU,FD110XCSU,N/A,unreviewed,,,
SUZUKI,FD110XCU,FD110XCU,N/A,unreviewed,,,
SUZUKI,FD110XSM,FD110XSM,N/A,unreviewed,,,
SUZUKI,FD125X,FD125X,N/A,unreviewed,,,
SUZUKI,FD125XSU,FD125XSU,N/A,unreviewed,,,
SUZUKI,FD125XU,FD125XU,N/A,unreviewed,,,
SUZUKI,FH125,FH125,N/A,unreviewed,,,
SUZUKI,FH125M,FH125M,N/A,unreviewed,,,
SUZUKI,FK110,FK110,N/A,unreviewed,,,
SUZUKI,FK110S,FK110S,N/A,unreviewed,,,
SUZUKI,FK110SD,FK110SD,N/A,unreviewed,,,
SUZUKI,FL125FRCD,FL125FRCD,N/A,unreviewed,,,
SUZUKI,FL125FS,FL125FS,N/A,unreviewed,,,
SUZUKI,FL125S,FL125S,N/A,unreviewed,,,
SUZUKI,FRONX 1.5L,FRONX 1.5L,N/A,unreviewed,,,
SUZUKI,FU150SCD3,FU150SCD3,N/A,unreviewed,,,
SUZUKI,FV115JA,FV115JA,N/A,unreviewed,,,
SUZUKI,FV115JB,FV115JB,N/A,unreviewed,,,
SUZUKI,FV115LA,FV115LA,N/A,unreviewed,,,
SUZUKI,FV115LB,FV115LB,N/A,unreviewed,,,
SUZUKI,FV115LE,FV115LE,N/A,unreviewed,,,
SUZUKI,GD110,GD110,N/A,unreviewed,,,
SUZUKI,GIXXER SF,GIXXER SF,N/A,unreviewed,,,
SUZUKI,GSX-1000R,GSX-1000R,N/A,unreviewed,,,
SUZUKI,GSX-8R,GSX-8R,N/A,unreviewed,,,
SUZUKI,GSX-8S,GSX-8S,N/A,unreviewed,,,
SUZUKI,GSX-R1000,GSX-R1000,N/A,unreviewed,,,
SUZUKI,GSX-R1000R,GSX-R1000R,N/A,unreviewed,,,
SUZUKI,GSX-R150,GSX-R150,N/A,unreviewed,,,
SUZUKI,GSX-S1000,GSX-S1000,N/A,unreviewed,,,
SUZUKI,GSX-S1000F,GSX-S1000F,N/A,unreviewed,,,
SUZUKI,GSX-S1000S KATANA,GSX-S1000S KATANA,N/A,unreviewed,,,
SUZUKI,GSX-S150,GSX-S150,N/A,unreviewed,,,
SUZUKI,GSX-S750,GSX-S750,N/A,unreviewed,,,
SUZUKI,GSX-S750ZA,GSX-S750ZA,N/A,unreviewed,,,
SUZUKI,GSX1300R,GSX1300R,N/A,unreviewed,,,
SUZUKI,HAYABUSA,HAYABUSA,N/A,unreviewed,,,
SUZUKI,HUSTLER HYBRID G,HUSTLER HYBRID G,N/A,unreviewed,,,
SUZUKI,HUSTLER HYBRID J STYLE II,HUSTLER HYBRID J STYLE II,N/A,unreviewed,,,
SUZUKI,HUSTLER HYBRID X TURBO,HUSTLER HYBRID X TURBO,N/A,unreviewed,,,
SUZUKI,HUSTLER J STYLE II TURBO,HUSTLER J STYLE II TURBO,N/A,unreviewed,,,
SUZUKI,HUSTLER TOUGH WILD TURBO,HUSTLER TOUGH WILD TURBO,N/A,unreviewed,,,
SUZUKI,JIMNY 1.5L 4AT,JIMNY 1.5L 4AT,N/A,unreviewed,,,
SUZUKI,JIMNY ALPHA,JIMNY ALPHA,N/A,unreviewed,,,
SUZUKI,JIMNY ALPHA 4WD,JIMNY ALPHA 4WD,N/A,unreviewed,,,
SUZUKI,JIMNY ALPHA 5 DOOR,JIMNY ALPHA 5 DOOR,N/A,unreviewed,,,
SUZUKI,JIMNY NOMADE FC 4WD,JIMNY NOMADE FC 4WD,N/A,unreviewed,,,
SUZUKI,JIMNY NOMADE FC 5 DOOR,JIMNY NOMADE FC 5 DOOR,N/A,unreviewed,,,
SUZUKI,JIMNY SIERRA,JIMNY SIERRA,N/A,unreviewed,,,
SUZUKI,JIMNY SIERRA 1.5L,JIMNY SIERRA 1.5L,N/A,unreviewed,,,
SUZUKI,JIMNY SIERRA 1.5L 4AT,JIMNY SIERRA 1.5L 4AT,N/A,unreviewed,,,
SUZUKI,JIMNY SIERRA 4WD,JIMNY SIERRA 4WD,N/A,unreviewed,,,
SUZUKI,JIMNY SIERRA JC,JIMNY SIERRA JC,N/A,unreviewed,,,
SUZUKI,JIMNY SIERRA JC 1.5L,JIMNY SIERRA JC 1.5L,N/A,unreviewed,,,
SUZUKI,JIMNY SIERRA JC 4WD,JIMNY SIERRA JC 4WD,N/A,unreviewed,,,
SUZUKI,JIMNY SIERRA JL 1.5L 4WD,JIMNY SIERRA JL 1.5L 4WD,N/A,unreviewed,,,
SUZUKI,JIMNY SIERRA JL 4WD,JIMNY SIERRA JL 4WD,N/A,unreviewed,,,
SUZUKI,JIMNY XC,JIMNY XC,N/A,unreviewed,,,
SUZUKI,JIMNY XC 4WD,JIMNY XC 4WD,N/A,unreviewed,,,
SUZUKI,JIMNY XC MT 4WD,JIMNY XC MT 4WD,N/A,unreviewed,,,
SUZUKI,JIMNY XG MT 4WD,JIMNY XG MT 4WD,N/A,unreviewed,,,
SUZUKI,JIMNY XL,JIMNY XL,N/A,unreviewed,,,
SUZUKI,LANDY HYBRID G 2WD,LANDY HYBRID G 2WD,N/A,unreviewed,,,
SUZUKI,LET'S,Let's,N/A,unreviewed,,,
SUZUKI,NEX CROSSOVER,NEX CROSSOVER,N/A,unreviewed,,,
SUZUKI,RAIDER,RAIDER,N/A,unreviewed,,,
SUZUKI,RAIDER J CROSSOVER,RAIDER J CROSSOVER,N/A,unreviewed,,,
SUZUKI,RC100J,RC100J,N/A,unreviewed,,,
SUZUKI,RC110KD,RC110KD,N/A,unreviewed,,,
SUZUKI,RG-V (SS),RG-V (SS),N/A,unreviewed,,,
SUZUKI,RK-110S,RK-110S,N/A,unreviewed,,,
SUZUKI,SHOGUN,SHOGUN,N/A,unreviewed,,,
SUZUKI,SKYDRIVE,SKYDRIVE,N/A,unreviewed,,,
SUZUKI,SMASH,SMASH,N/A,unreviewed,,,
SUZUKI,SPACIA CUSTOM HYBRID XS,SPACIA CUSTOM HYBRID XS,N/A,unreviewed,,,
SUZUKI,SPACIA CUSTOM HYBRID XS TURBO,SPACIA CUSTOM HYBRID XS TURBO,N/A,unreviewed,,,
SUZUKI,SPACIA GEAR HYBRID MY STYLE,SPACIA GEAR HYBRID MY STYLE,N/A,unreviewed,,,
SUZUKI,SPACIA GEAR HYBRID XZ TURBO,SPACIA GEAR HYBRID XZ TURBO,N/A,unreviewed,,,
SUZUKI,SPACIA GEAR MY STYLE HYBRID,SPACIA GEAR MY STYLE HYBRID,N/A,unreviewed,,,
SUZUKI,SPACIA HYBRID MY STYLE,SPACIA HYBRID MY STYLE,N/A,unreviewed,,,
SUZUKI,SUPER CARRY X PICK UP,SUPER CARRY X PICK UP,N/A,unreviewed,,,
SUZUKI,SV650,SV650,N/A,unreviewed,,,
SUZUKI,SWIFT GA 1.25L CVT,SWIFT GA 1.25L CVT,N/A,unreviewed,,,
SUZUKI,SWIFT GA 1.25L MT,SWIFT GA 1.25L MT,N/A,unreviewed,,,
SUZUKI,SWIFT GL 1.25L,SWIFT GL 1.25L,N/A,unreviewed,,,
SUZUKI,SWIFT GL 1.25L CVT,SWIFT GL 1.25L CVT,N/A,unreviewed,,,
SUZUKI,SWIFT GL 1.2L CVT,SWIFT GL 1.2L CVT,N/A,unreviewed,,,
SUZUKI,SWIFT GL 1.5L,SWIFT GL 1.5L,N/A,unreviewed,,,
SUZUKI,SWIFT GL MAX EDITION,SWIFT GL MAX EDITION,N/A,unreviewed,,,
SUZUKI,SWIFT GL NEXT 1.2L CVT,SWIFT GL NEXT 1.2L CVT,N/A,unreviewed,,,
SUZUKI,SWIFT GL PLUS 1.2L CVT,SWIFT GL PLUS 1.2L CVT,N/A,unreviewed,,,
SUZUKI,SWIFT GL SPORTS EDITION,SWIFT GL SPORTS EDITION,N/A,unreviewed,,,
SUZUKI,SWIFT GLX 1.25L CVT,SWIFT GLX 1.25L CVT,N/A,unreviewed,,,
SUZUKI,SWIFT GLX 1.2L CVT,SWIFT GLX 1.2L CVT,N/A,unreviewed,,,
SUZUKI,SWIFT GLX-NAVI 1.2L CVT,SWIFT GLX-Navi 1.2L CVT,N/A,unreviewed,,,
SUZUKI,SWIFT RX 1.25L,SWIFT RX 1.25L,N/A,unreviewed,,,
SUZUKI,SWIFT SAI 1.25L CVT,SWIFT SAI 1.25L CVT,N/A,unreviewed,,,
SUZUKI,SWIFT SPORT,SWIFT SPORT,N/A,unreviewed,,,
SUZUKI,UD110NE,UD110NE,N/A,unreviewed,,,
SUZUKI,UF125F,UF125F,N/A,unreviewed,,,
SUZUKI,UF125FS,UF125FS,N/A,unreviewed,,,
SUZUKI,UK125ZFS,UK125ZFS,N/A,unreviewed,,,
SUZUKI,UK125ZFSC,UK125ZFSC,N/A,unreviewed,,,
SUZUKI,UW125FS,UW125FS,N/A,unreviewed,,,
SUZUKI,UW125S,UW125S,N/A,unreviewed,,,
SUZUKI,UY125,UY125,N/A,unreviewed,,,
SUZUKI,UY125S,UY125S,N/A,unreviewed,,,
SUZUKI,UY125SL,UY125SL,N/A,unreviewed,,,
SUZUKI,V-STROM,V-Strom,N/A,unreviewed,,,
SUZUKI,V-STROM1050,V-Strom1050,N/A,unreviewed,,,
SUZUKI,V-STROM250SX,V-STROM250SX,N/A,unreviewed,,,
SUZUKI,V-STROM800DE,V-STROM800DE,N/A,unreviewed,,,
SUZUKI,VANVAN,VanVan,N/A,unreviewed,,,
SUZUKI,WAGON R SMILE HYBRID X,WAGON R SMILE HYBRID X,N/A,unreviewed,,,
SUZUKI,XL7 1.5L,XL7 1.5L,N/A,unreviewed,,,
SWAG,TYPE-S,TYPE-S,N/A,unreviewed,,,
SWAG,TYPE-X,TYPE-X,N/A,unreviewed,,,
SWIFT,CHALLENGER 530 SE,CHALLENGER 530 SE,N/A,unreviewed,,,
SYM,FORMULA,FORMULA,N/A,unreviewed,,,
SYM,GTS300I,GTS300i,N/A,unreviewed,,,
SYM,JOYMAX300I,JOYMAX300i,N/A,unreviewed,,,
SYM,MAXSYM400I,MAXSYM400i,N/A,unreviewed,,,
SYM,TINI110,TINI110,N/A,unreviewed,,,
SYZG,ZL930,ZL930,N/A,unreviewed,,,
SYZG,ZL932,ZL932,N/A,unreviewed,,,
SYZG,ZL932L,ZL932L,N/A,unreviewed,,,
SYZG,ZL940,ZL940,N/A,unreviewed,,,
SYZG,ZL940F,ZL940F,N/A,unreviewed,,,
SYZG,ZL940G,ZL940G,N/A,unreviewed,,,
SYZG,ZL940L,ZL940L,N/A,unreviewed,,,
T-REX,RL3500D,RL3500D,N/A,unreviewed,,,
TAI SHAN,TSG904,TSG904,N/A,unreviewed,,,
TAILG,DRAGONS,DRAGONS,N/A,unreviewed,,,
TAILG,WARRIOR,WARRIOR,N/A,unreviewed,,,
TAILG,X-3000,X-3000,N/A,unreviewed,,,
TAILG,Y3,Y3,N/A,unreviewed,,,
TAKANO,TM350,TM350,N/A,unreviewed,,,
TAKANO,TM500,TM500,N/A,unreviewed,,,
TAKANO,TTE-500,TTE-500,N/A,unreviewed,,,
TAKANO,TTE-500L,TTE-500L,N/A,unreviewed,,,
TAKEUCHI,TB150C,TB150C,N/A,unreviewed,,,
TAKEUCHI,TB175C,TB175C,N/A,unreviewed,,,
TAKEUCHI,TB228,TB228,N/A,unreviewed,,,
TAKEUCHI,TB235,TB235,N/A,unreviewed,,,
TAKEUCHI,TB250,TB250,N/A,unreviewed,,,
TAKEUCHI,TB285,TB285,N/A,unreviewed,,,
TAKEUCHI,TB290CH,TB290CH,N/A,unreviewed,,,
TAKEUCHI,TB335R (CAB),TB335R (CAB),N/A,unreviewed,,,
TALAYTHONG,DF-1004A,DF-1004A,N/A,unreviewed,,,
TALAYTHONG,DF-404,DF-404,N/A,unreviewed,,,
TALAYTHONG,DF-554,DF-554,N/A,unreviewed,,,
TATA,0XENON,0XENON,N/A,unreviewed,,,
TATA,INTRA V50 PICKUP VX CLB BS6,INTRA V50 PICKUP VX CLB BS6,N/A,unreviewed,,,
TATA,SUPER ACE 1.4 L,SUPER ACE 1.4 L,N/A,unreviewed,,,
TATA,SUPER ACE MINT,SUPER ACE MINT,N/A,unreviewed,,,
TATA,SUPER ACE MINT EURO 4RHD,SUPER ACE MINT EURO 4RHD,N/A,unreviewed,,,
TATA,SUPERACE,SUPERACE,N/A,unreviewed,,,
TATA,WINGER FL 3200 FR 125 AC,WINGER FL 3200 FR 125 AC,N/A,unreviewed,,,
TATA,XENON,XENON,N/A,unreviewed,,,
TATA,XENON 2.1L CNG SC CLE HD,XENON 2.1L CNG SC CLE HD,N/A,unreviewed,,,
TATA,XENON 2.2L EVDC 4X4 X2 AU,XENON 2.2L EVDC 4X4 X2 AU,N/A,unreviewed,,,
TATUNG,3E,3E,N/A,unreviewed,,,
TATUNG,EVO 2.0,EVO 2.0,N/A,unreviewed,,,
TATUNG,EVO MINI,EVO MINI,N/A,unreviewed,,,
TATUNG,SERVO 1.8,SERVO 1.8,N/A,unreviewed,,,
TATUNG,SERVO SMART,SERVO SMART,N/A,unreviewed,,,
TCM,50BZ-3,50BZ-3,N/A,unreviewed,,,
TCM,50BZ3,50BZ3,N/A,unreviewed,,,
TCM,808A-2,808A-2,N/A,unreviewed,,,
TCM,830,830,N/A,unreviewed,,,
TCM,835,835,N/A,unreviewed,,,
TCM,835-2,835-2,N/A,unreviewed,,,
TCM,840,840,N/A,unreviewed,,,
TCM,840-2,840-2,N/A,unreviewed,,,
TCM,850-1,850-1,N/A,unreviewed,,,
TCM,850-2,850-2,N/A,unreviewed,,,
TCM,860,860,N/A,unreviewed,,,
TCM,860-2,860-2,N/A,unreviewed,,,
TCM,866,866,N/A,unreviewed,,,
TCM,870-2,870-2,N/A,unreviewed,,,
TCM,E830,E830,N/A,unreviewed,,,
TCM,E835,E835,N/A,unreviewed,,,
TCM,E840,E840,N/A,unreviewed,,,
TCM,FD30T5C 3FP60,FD30T5C 3FP60,N/A,unreviewed,,,
TCM,L13,L13,N/A,unreviewed,,,
TCM,L13-2,L13-2,N/A,unreviewed,,,
TCM,L13-3,L13-3,N/A,unreviewed,,,
TCM,L16,L16,N/A,unreviewed,,,
TCM,L16-2,L16-2,N/A,unreviewed,,,
TCM,L16-3,L16-3,N/A,unreviewed,,,
TCM,L19,L19,N/A,unreviewed,,,
TCM,L20,L20,N/A,unreviewed,,,
TCM,L20-2,L20-2,N/A,unreviewed,,,
TCM,L20-3,L20-3,N/A,unreviewed,,,
TCM,L26,L26,N/A,unreviewed,,,
TCM,L27,L27,N/A,unreviewed,,,
TCM,L27-3,L27-3,N/A,unreviewed,,,
TCM,L32,L32,N/A,unreviewed,,,
TCM,L40-3,L40-3,N/A,unreviewed,,,
TCM,STD30,STD30,N/A,unreviewed,,,
TENAX,ELECTRA 1.0,ELECTRA 1.0,N/A,unreviewed,,,
TENAX,ELECTRA 2.0 EVOS,ELECTRA 2.0 EVOS,N/A,unreviewed,,,
TENAX,ELECTRA 2.0 EVOS+,ELECTRA 2.0 EVOS+,N/A,unreviewed,,,
TEREX,RS500C,RS500C,N/A,unreviewed,,,
TEREX,SF-2204HVW,SF-2204HVW,N/A,unreviewed,,,
TESLA,MODEL 3,MODEL 3,N/A,unreviewed,,,
TESLA,MODEL 3 LONG RANGE,MODEL 3,N/A,unreviewed,,,
TESLA,MODEL 3 LONG RANGE PLUS,MODEL 3,N/A,unreviewed,,,
TESLA,MODEL 3 LONG RANGE RWD,MODEL 3,N/A,unreviewed,,,
TESLA,MODEL 3 PERFORMANCE,MODEL 3,N/A,unreviewed,,,
TESLA,MODEL 3 REAR WHEEL DRIVE,MODEL 3,N/A,unreviewed,,,
TESLA,MODEL 3 REAR-WHEEL DRIVE,MODEL 3,N/A,unreviewed,,,
TESLA,MODEL 3 RWD,MODEL 3,N/A,unreviewed,,,
TESLA,MODEL 3 STANDARD,MODEL 3,N/A,unreviewed,,,
TESLA,MODEL 3 STANDARD PLUS,MODEL 3,N/A,unreviewed,,,
TESLA,MODEL 3 STANDARD PLUS RWD,MODEL 3,N/A,unreviewed,,,
TESLA,MODEL 3 STANDARD RANGE,MODEL 3,N/A,unreviewed,,,
TESLA,MODEL 3 STANDARD RANGE PLUS,MODEL 3,N/A,unreviewed,,,
TESLA,MODEL S LONG RANGE,MODEL S,N/A,unreviewed,,,
TESLA,MODEL S PERFORMANCE,MODEL S,N/A,unreviewed,,,
TESLA,MODEL X 100D,MODEL X,N/A,unreviewed,,,
TESLA,MODEL X LONG RANGE,MODEL X,N/A,unreviewed,,,
TESLA,MODEL X LONG RANGE PLUS,MODEL X,N/A,unreviewed,,,
TESLA,MODEL X PERFORMANCE,MODEL X,N/A,unreviewed,,,
TESLA,MODEL Y L,MODEL Y,N/A,unreviewed,,,
TESLA,MODEL Y LONG RANGE,MODEL Y,N/A,unreviewed,,,
TESLA,MODEL Y LONG RANGE DUAL MOTOR,MODEL Y,N/A,unreviewed,,,
TESLA,MODEL Y LONG RANGE RWD,MODEL Y,N/A,unreviewed,,,
TESLA,MODEL Y PERFORMANCE,MODEL Y,N/A,unreviewed,,,
TESLA,MODEL Y REAR WHEEL DRIVE,MODEL Y,N/A,unreviewed,,,
TESLA,MODEL Y REAR-WHEEL DRIVE,MODEL Y,N/A,unreviewed,,,
TESLA,MODEL Y RWD,MODEL Y,N/A,unreviewed,,,
TESLA,MODEL Y STANDARD,MODEL Y,N/A,unreviewed,,,
TESLA,MODEL Y STANDARD RANGE,MODEL Y,N/A,unreviewed,,,
TESLA,MODEL3 LONG RANGE PER,MODEL 3,N/A,unreviewed,,,
TESLA,MODEL3 LONG RANGE PERFORMANCE,MODEL 3,N/A,unreviewed,,,
TG TUKTUK,TG,TG,N/A,unreviewed,,,
THAI TUK TUK,TT 550 ESD,TT 550 ESD,N/A,unreviewed,,,
THAI TUK TUK,TT 550 SD,TT 550 SD,N/A,unreviewed,,,
THAINA,CR6,CR6,N/A,unreviewed,,,
THAISENGYONG,10HT,10HT,N/A,unreviewed,,,
THAISENGYONG,11 HT,11 HT,N/A,unreviewed,,,
THAISENGYONG,12 HT,12 HT,N/A,unreviewed,,,
THAISENGYONG,12HT,12HT,N/A,unreviewed,,,
THAISENGYONG,TT7C,TT7C,N/A,unreviewed,,,
THAISENGYONG,TT8C,TT8C,N/A,unreviewed,,,
THOMAS,ARFF 4X4,ARFF 4x4,N/A,unreviewed,,,
THOMAS,CHARMING,CHARMING,N/A,unreviewed,,,
THOMAS,CYSTAL,CYSTAL,N/A,unreviewed,,,
THOMAS,DIAMOND,Diamond,N/A,unreviewed,,,
THOMAS,S-2000,S-2000,N/A,unreviewed,,,
THOMAS,VP 22.54-4X4,VP 22.54-4x4,N/A,unreviewed,,,
TIGER,BOXER-A,BOXER-A,N/A,unreviewed,,,
TIGER,CX125E,CX125E,N/A,unreviewed,,,
TIGER,CX125SE,CX125SE,N/A,unreviewed,,,
TIGER,CX135A,CX135A,N/A,unreviewed,,,
TIGER,CX135E,CX135E,N/A,unreviewed,,,
TIGER,G-MAX150,G-MAX150,N/A,unreviewed,,,
TIGER,ICE-125,ICE-125,N/A,unreviewed,,,
TIGER,O-ZONE,O-ZONE,N/A,unreviewed,,,
TIGER,SM110S-R,SM110S-R,N/A,unreviewed,,,
TIGER,SM115S-E,SM115S-E,N/A,unreviewed,,,
TIGER,SM125S-C,SM125S-C,N/A,unreviewed,,,
TIGER,SM135S-A,SM135S-A,N/A,unreviewed,,,
TIGER,SM135S-C,SM135S-C,N/A,unreviewed,,,
TIGER,SMART-B,SMART-B,N/A,unreviewed,,,
TIGER,SMART-C,SMART-C,N/A,unreviewed,,,
TIGER,SMART-C (2003),SMART-C (2003),N/A,unreviewed,,,
TIGER,SMART-C04,SMART-C04,N/A,unreviewed,,,
TIGER,SMART-E04,SMART-E04,N/A,unreviewed,,,
TIGER,ST200,ST200,N/A,unreviewed,,,
TISTO,TISTO SUNSHINE 6.0,TISTO SUNSHINE 6.0,N/A,unreviewed,,,
TKI,001EV TUK TUK,001EV TUK TUK,N/A,unreviewed,,,
TKI,002EV TUK TUK,002EV TUK TUK,N/A,unreviewed,,,
TKI,003-1 TUK TUK,003-1 TUK TUK,N/A,unreviewed,,,
TKI,003EV TUK TUK,003EV TUK TUK,N/A,unreviewed,,,
TKI,003EV TUK TUK PICKUP,003EV TUK TUK PICKUP,N/A,unreviewed,,,
TKI,003EV TUK TUK SCT,003EV TUK TUK SCT,N/A,unreviewed,,,
TKI,004-1 TUK TUK,004-1 TUK TUK,N/A,unreviewed,,,
TKI,004EV TUK TUK,004EV TUK TUK,N/A,unreviewed,,,
TKI,005EV TUK TUK,005EV TUK TUK,N/A,unreviewed,,,
TKI,EV TUK TUK KMITL1,EV TUK TUK KMITL1,N/A,unreviewed,,,
TO TUK TUK,TO,TO,N/A,unreviewed,,,
TOROS,TE35,TE35,N/A,unreviewed,,,
TOROS,TE40,TE40,N/A,unreviewed,,,
TOYOTA,1.5S TOURING,1.5S Touring,N/A,unreviewed,,,
TOYOTA,1.6G,1.6G,N/A,unreviewed,,,
TOYOTA,1.8E,1.8E,N/A,unreviewed,,,
TOYOTA,1.8ESPORT,1.8ESPORT,N/A,unreviewed,,,
TOYOTA,1.8V NAVI,1.8V Navi,N/A,unreviewed,,,
TOYOTA,2.0G EXTREMO,2.0G Extremo,N/A,unreviewed,,,
TOYOTA,2.5 HV CD,2.5 HV CD,N/A,unreviewed,,,
TOYOTA,2.5 HV PREMIUM,2.5 HV Premium,N/A,unreviewed,,,
TOYOTA,2.5HV,2.5HV,N/A,unreviewed,,,
TOYOTA,2.7V A/T,2.7V A/T,N/A,unreviewed,,,
TOYOTA,2.7V NAVI,2.7V Navi,N/A,unreviewed,,,
TOYOTA,2SDT40,2SDT40,N/A,unreviewed,,,
TOYOTA,3.0V 4WD TRD,3.0V 4WD TRD,N/A,unreviewed,,,
TOYOTA,86,86,N/A,unreviewed,,,
TOYOTA,86 GR,86 GR,N/A,unreviewed,,,
TOYOTA,86 GT LIMITED,86 GT LIMITED,N/A,unreviewed,,,
TOYOTA,A-CAB 2X4 2.5E VNT(BLACK),A-Cab 2X4 2.5E VNT(Black),N/A,unreviewed,,,
TOYOTA,A-CAB 4X2 2.5E,A-Cab 4X2 2.5E,N/A,unreviewed,,,
TOYOTA,A-CAB 4X2 2.5J,A-Cab 4X2 2.5J,N/A,unreviewed,,,
TOYOTA,A-CAB 4X2 2.7J,A-Cab 4x2 2.7J,N/A,unreviewed,,,
TOYOTA,A-CAB 4X2 2.7J CNG,A-Cab 4x2 2.7J CNG,N/A,unreviewed,,,
TOYOTA,ACV40R-JEAGKT  A1,ACV40R-JEAGKT  A1,N/A,unreviewed,,,
TOYOTA,ACV41R-JEPNKT  AB,ACV41R-JEPNKT  AB,N/A,unreviewed,,,
TOYOTA,ACV51R-JEPEKT  AA,ACV51R-JEPEKT  AA,N/A,unreviewed,,,
TOYOTA,ACV51R-JEPEKT  AB,ACV51R-JEPEKT  AB,N/A,unreviewed,,,
TOYOTA,ACV51R-JEPEKT  AC,ACV51R-JEPEKT  AC,N/A,unreviewed,,,
TOYOTA,AHV40R-JEXGBT  A1,AHV40R-JEXGBT  A1,N/A,unreviewed,,,
TOYOTA,AHV40R-JEXGBT  BL,AHV40R-JEXGBT  BL,N/A,unreviewed,,,
TOYOTA,ALPHARD,ALPHARD,N/A,unreviewed,,,
TOYOTA,ALPHARD 2.5,ALPHARD 2.5,N/A,unreviewed,,,
TOYOTA,ALPHARD 2.5 HYBRID EXE,ALPHARD 2.5 HYBRID EXE,N/A,unreviewed,,,
TOYOTA,ALPHARD 2.5 HYBRID EXECUTIVE,ALPHARD 2.5 HYBRID EXECUTIVE,N/A,unreviewed,,,
TOYOTA,ALPHARD 2.5 HYBRID G,ALPHARD 2.5 HYBRID G,N/A,unreviewed,,,
TOYOTA,ALPHARD 2.5 HYBRID G E-FOUR,ALPHARD 2.5 HYBRID G E-FOUR,N/A,unreviewed,,,
TOYOTA,ALPHARD 2.5 HYBRID G F,ALPHARD 2.5 HYBRID G F,N/A,unreviewed,,,
TOYOTA,ALPHARD 2.5 HYBRID G F PACKAGE,ALPHARD 2.5 HYBRID G F PACKAGE,N/A,unreviewed,,,
TOYOTA,ALPHARD 2.5 HYBRID S,ALPHARD 2.5 HYBRID S,N/A,unreviewed,,,
TOYOTA,ALPHARD 2.5 HYBRID S E-FOUR,ALPHARD 2.5 HYBRID S E-FOUR,N/A,unreviewed,,,
TOYOTA,ALPHARD 2.5 HYBRID S TYPE GOLD,ALPHARD 2.5 HYBRID S TYPE GOLD,N/A,unreviewed,,,
TOYOTA,ALPHARD 2.5 HYBRID SR,ALPHARD 2.5 HYBRID SR,N/A,unreviewed,,,
TOYOTA,ALPHARD 2.5 HYBRID SR C,ALPHARD 2.5 HYBRID SR C,N/A,unreviewed,,,
TOYOTA,ALPHARD 2.5 HYBRID SR C PACKAG,ALPHARD 2.5 HYBRID SR C PACKAG,N/A,unreviewed,,,
TOYOTA,ALPHARD 2.5 HYBRID SR E-FOUR,ALPHARD 2.5 HYBRID SR E-FOUR,N/A,unreviewed,,,
TOYOTA,ALPHARD 2.5 HYBRID SR SIDE,ALPHARD 2.5 HYBRID SR SIDE,N/A,unreviewed,,,
TOYOTA,ALPHARD 2.5 HYBRID SR-C,ALPHARD 2.5 HYBRID SR-C,N/A,unreviewed,,,
TOYOTA,ALPHARD 2.5 HYBRID SRC PACKAGE,ALPHARD 2.5 HYBRID SRC PACKAGE,N/A,unreviewed,,,
TOYOTA,ALPHARD 2.5 HYBRID X,ALPHARD 2.5 HYBRID X,N/A,unreviewed,,,
TOYOTA,ALPHARD 2.5 HYBRID X E-FOUR,ALPHARD 2.5 HYBRID X E-FOUR,N/A,unreviewed,,,
TOYOTA,ALPHARD 2.5 HYBRID X SIDE,ALPHARD 2.5 HYBRID X SIDE,N/A,unreviewed,,,
TOYOTA,ALPHARD 2.5 HYBRID Z,ALPHARD 2.5 HYBRID Z,N/A,unreviewed,,,
TOYOTA,ALPHARD 2.5 HYBRID Z E-FOUR,ALPHARD 2.5 HYBRID Z E-FOUR,N/A,unreviewed,,,
TOYOTA,ALPHARD 2.5 S C,ALPHARD 2.5 S C,N/A,unreviewed,,,
TOYOTA,ALPHARD 2.5 SC PACKAGE,ALPHARD 2.5 SC PACKAGE,N/A,unreviewed,,,
TOYOTA,ALPHARD 2.5 Z,ALPHARD 2.5 Z,N/A,unreviewed,,,
TOYOTA,ALPHARD 2.5G,ALPHARD 2.5G,N/A,unreviewed,,,
TOYOTA,ALPHARD 2.5L HYBRID X,ALPHARD 2.5L HYBRID X,N/A,unreviewed,,,
TOYOTA,ALPHARD 2.5L S C PACKAGE,ALPHARD 2.5L S C PACKAGE,N/A,unreviewed,,,
TOYOTA,ALPHARD 2.5L S TYPE GOLD III,ALPHARD 2.5L S TYPE GOLD III,N/A,unreviewed,,,
TOYOTA,ALPHARD 2.5L S WELCAB,ALPHARD 2.5L S WELCAB,N/A,unreviewed,,,
TOYOTA,ALPHARD 2.5L SC PACKAGE,ALPHARD 2.5L SC PACKAGE,N/A,unreviewed,,,
TOYOTA,ALPHARD 2.5S,ALPHARD 2.5S,N/A,unreviewed,,,
TOYOTA,"ALPHARD 2.5S ""TYPE GOLD II""","ALPHARD 2.5S ""TYPE GOLD II""",N/A,unreviewed,,,
TOYOTA,"ALPHARD 2.5S ""TYPE GOLD III""","ALPHARD 2.5S ""TYPE GOLD III""",N/A,unreviewed,,,
TOYOTA,"ALPHARD 2.5S ""TYPE GOLD""","ALPHARD 2.5S ""TYPE GOLD""",N/A,unreviewed,,,
TOYOTA,ALPHARD 2.5S C PACKAGE,ALPHARD 2.5S C PACKAGE,N/A,unreviewed,,,
TOYOTA,ALPHARD 2.5S G PACKAGE,ALPHARD 2.5S G PACKAGE,N/A,unreviewed,,,
TOYOTA,ALPHARD 2.5X,ALPHARD 2.5X,N/A,unreviewed,,,
TOYOTA,ALPHARD 2.5X SIDE LIFT UP SEAT,ALPHARD 2.5X SIDE LIFT UP SEAT,N/A,unreviewed,,,
TOYOTA,ALPHARD 3.5 GF,ALPHARD 3.5 GF,N/A,unreviewed,,,
TOYOTA,ALPHARD 3.5 SC,ALPHARD 3.5 SC,N/A,unreviewed,,,
TOYOTA,ALPHARD 3.5 SC PACKAGE,ALPHARD 3.5 SC PACKAGE,N/A,unreviewed,,,
TOYOTA,ALPHARD 3.5 VIP,ALPHARD 3.5 VIP,N/A,unreviewed,,,
TOYOTA,ALPHARD EXECUTIVE LOUNGE,ALPHARD EXECUTIVE LOUNGE,N/A,unreviewed,,,
TOYOTA,ALPHARD GF HYBRID 2.5L,ALPHARD GF HYBRID 2.5L,N/A,unreviewed,,,
TOYOTA,ALPHARD GF PACKAGE,ALPHARD GF PACKAGE,N/A,unreviewed,,,
TOYOTA,ALPHARD GRADE HV X HYBRID,ALPHARD GRADE HV X HYBRID,N/A,unreviewed,,,
TOYOTA,ALPHARD HYBRID 2.5 G F PACKAGE,ALPHARD HYBRID 2.5 G F PACKAGE,N/A,unreviewed,,,
TOYOTA,ALPHARD HYBRID 2.5 GF,ALPHARD HYBRID 2.5 GF,N/A,unreviewed,,,
TOYOTA,ALPHARD HYBRID 2.5 S TYPE GOLD,ALPHARD HYBRID 2.5 S TYPE GOLD,N/A,unreviewed,,,
TOYOTA,ALPHARD HYBRID 2.5 SR C,ALPHARD HYBRID 2.5 SR C,N/A,unreviewed,,,
TOYOTA,ALPHARD HYBRID 2.5L G F,ALPHARD HYBRID 2.5L G F,N/A,unreviewed,,,
TOYOTA,ALPHARD HYBRID E-FOUR,ALPHARD HYBRID E-FOUR,N/A,unreviewed,,,
TOYOTA,ALPHARD HYBRID EXECUTIVE,ALPHARD HYBRID EXECUTIVE,N/A,unreviewed,,,
TOYOTA,ALPHARD HYBRID G WELCAB E-FOUR,ALPHARD HYBRID G Welcab E-FOUR,N/A,unreviewed,,,
TOYOTA,ALPHARD HYBRID GF,ALPHARD HYBRID GF,N/A,unreviewed,,,
TOYOTA,ALPHARD HYBRID GF 2.5L,ALPHARD HYBRID GF 2.5L,N/A,unreviewed,,,
TOYOTA,ALPHARD HYBRID GF PACKAGE,ALPHARD HYBRID GF PACKAGE,N/A,unreviewed,,,
TOYOTA,ALPHARD HYBRID GF PACKAGE 2.5L,ALPHARD HYBRID GF PACKAGE 2.5L,N/A,unreviewed,,,
TOYOTA,ALPHARD HYBRID S,ALPHARD HYBRID S,N/A,unreviewed,,,
TOYOTA,ALPHARD HYBRID S 2.5L,ALPHARD HYBRID S 2.5L,N/A,unreviewed,,,
TOYOTA,ALPHARD HYBRID S 2.5L E-FOUR,ALPHARD HYBRID S 2.5L E-FOUR,N/A,unreviewed,,,
TOYOTA,ALPHARD HYBRID S E-FOUR,ALPHARD HYBRID S E-FOUR,N/A,unreviewed,,,
TOYOTA,ALPHARD HYBRID S TYPE GOLD,ALPHARD HYBRID S TYPE GOLD,N/A,unreviewed,,,
TOYOTA,ALPHARD HYBRID S TYPE GOLD II,ALPHARD HYBRID S TYPE GOLD II,N/A,unreviewed,,,
TOYOTA,ALPHARD HYBRID S TYPE GOLD III,ALPHARD HYBRID S TYPE GOLD III,N/A,unreviewed,,,
TOYOTA,ALPHARD HYBRID SR C,ALPHARD HYBRID SR C,N/A,unreviewed,,,
TOYOTA,ALPHARD HYBRID SRC,ALPHARD HYBRID SRC,N/A,unreviewed,,,
TOYOTA,ALPHARD HYBRID SRC 2.5L,ALPHARD HYBRID SRC 2.5L,N/A,unreviewed,,,
TOYOTA,ALPHARD HYBRID SRC PACKAGE,ALPHARD HYBRID SRC PACKAGE,N/A,unreviewed,,,
TOYOTA,ALPHARD HYBRID TYPE GOLD II,ALPHARD HYBRID TYPE GOLD II,N/A,unreviewed,,,
TOYOTA,ALPHARD HYBRID X,ALPHARD HYBRID X,N/A,unreviewed,,,
TOYOTA,ALPHARD HYBRID X 2.5 WELCAB,ALPHARD HYBRID X 2.5 WELCAB,N/A,unreviewed,,,
TOYOTA,ALPHARD HYBRID X 2.5L,ALPHARD HYBRID X 2.5L,N/A,unreviewed,,,
TOYOTA,ALPHARD HYBRID X 2.5L WELCAB,ALPHARD HYBRID X 2.5L WELCAB,N/A,unreviewed,,,
TOYOTA,ALPHARD HYBRID X E-FOUR,ALPHARD HYBRID X E-FOUR,N/A,unreviewed,,,
TOYOTA,ALPHARD HYBRID X SIDE LIFT UP,ALPHARD HYBRID X SIDE LIFT UP,N/A,unreviewed,,,
TOYOTA,ALPHARD HYBRID Z,ALPHARD HYBRID Z,N/A,unreviewed,,,
TOYOTA,ALPHARD HYBRID Z 2.5L,ALPHARD HYBRID Z 2.5L,N/A,unreviewed,,,
TOYOTA,ALPHARD HYBRID Z 2.5L E-FOUR,ALPHARD HYBRID Z 2.5L E-FOUR,N/A,unreviewed,,,
TOYOTA,ALPHARD HYBRID Z 2WD,ALPHARD HYBRID Z 2WD,N/A,unreviewed,,,
TOYOTA,ALPHARD HYBRID Z E-FOUR,ALPHARD HYBRID Z E-FOUR,N/A,unreviewed,,,
TOYOTA,ALPHARD HYBRID Z EXECUTIVE,ALPHARD HYBRID Z EXECUTIVE,N/A,unreviewed,,,
TOYOTA,ALPHARD HYBRID Z PREMIER,ALPHARD HYBRID Z PREMIER,N/A,unreviewed,,,
TOYOTA,ALPHARD PHEV EXECUTIVE LOUNGE,ALPHARD PHEV EXECUTIVE LOUNGE,N/A,unreviewed,,,
TOYOTA,ALPHARD S,ALPHARD S,N/A,unreviewed,,,
TOYOTA,"ALPHARD S ""TYPE GOLD III""","ALPHARD S ""TYPE GOLD III""",N/A,unreviewed,,,
TOYOTA,ALPHARD S AERO GRADE,ALPHARD S AERO GRADE,N/A,unreviewed,,,
TOYOTA,ALPHARD S C PACKAGE,ALPHARD S C PACKAGE,N/A,unreviewed,,,
TOYOTA,ALPHARD S C PACKAGE 2.5L,ALPHARD S C PACKAGE 2.5L,N/A,unreviewed,,,
TOYOTA,ALPHARD S TYPE GOLD 2.5L,ALPHARD S TYPE GOLD 2.5L,N/A,unreviewed,,,
TOYOTA,ALPHARD SC PACKAGE,ALPHARD SC PACKAGE,N/A,unreviewed,,,
TOYOTA,ALPHARD SC PACKAGE 2.5L,ALPHARD SC PACKAGE 2.5L,N/A,unreviewed,,,
TOYOTA,ALPHARD SC PACKAGE 2.5L 2WD,ALPHARD SC PACKAGE 2.5L 2WD,N/A,unreviewed,,,
TOYOTA,ALPHARD SC PACKAGE 3.5L,ALPHARD SC PACKAGE 3.5L,N/A,unreviewed,,,
TOYOTA,ALPHARD SR C PACKAGE,ALPHARD SR C PACKAGE,N/A,unreviewed,,,
TOYOTA,ALPHARD SRC HYBRID 2.5L,ALPHARD SRC HYBRID 2.5L,N/A,unreviewed,,,
TOYOTA,ALPHARD TYPE GOLD II HYBRID,ALPHARD TYPE GOLD II HYBRID,N/A,unreviewed,,,
TOYOTA,ALPHARD X,ALPHARD X,N/A,unreviewed,,,
TOYOTA,ALPHARD X 2.5L,ALPHARD X 2.5L,N/A,unreviewed,,,
TOYOTA,ALPHARD X HYBRID 2.5L,ALPHARD X HYBRID 2.5L,N/A,unreviewed,,,
TOYOTA,ALPHARD X HYBRID E-FOUR,ALPHARD X HYBRID E-FOUR,N/A,unreviewed,,,
TOYOTA,ALPHARD X SIDE LIFT UP,ALPHARD X SIDE LIFT UP,N/A,unreviewed,,,
TOYOTA,ALPHARD Z,ALPHARD Z,N/A,unreviewed,,,
TOYOTA,ALPHARD Z 2.5L,ALPHARD Z 2.5L,N/A,unreviewed,,,
TOYOTA,ALPHARD Z 2WD,ALPHARD Z 2WD,N/A,unreviewed,,,
TOYOTA,ALPHARD Z 2WD 2.5L,ALPHARD Z 2WD 2.5L,N/A,unreviewed,,,
TOYOTA,ALPHARD Z 4WD,ALPHARD Z 4WD,N/A,unreviewed,,,
TOYOTA,ALPHARD Z HYBRID,ALPHARD Z HYBRID,N/A,unreviewed,,,
TOYOTA,ALPHARD Z HYBRID 2.5L,ALPHARD Z HYBRID 2.5L,N/A,unreviewed,,,
TOYOTA,ALPHARD Z HYBRID E-FOUR 2.5L,ALPHARD Z HYBRID E-FOUR 2.5L,N/A,unreviewed,,,
TOYOTA,ANH20R-PFXGK   C4,ANH20R-PFXGK   C4,N/A,unreviewed,,,
TOYOTA,ASV50R-JETEKT  A1,ASV50R-JETEKT  A1,N/A,unreviewed,,,
TOYOTA,AVANZA,AVANZA,N/A,unreviewed,,,
TOYOTA,AVV50R-JEXGBT  A1,AVV50R-JEXGBT  A1,N/A,unreviewed,,,
TOYOTA,AVV50R-JEXVBT  A1,AVV50R-JEXVBT  A1,N/A,unreviewed,,,
TOYOTA,AYGO 1.0 X-CLUSIV,AYGO 1.0 X-CLUSIV,N/A,unreviewed,,,
TOYOTA,B-CAB 4X2 2.4J,B-Cab 4x2 2.4J,N/A,unreviewed,,,
TOYOTA,B-CAB 4X2 2.5J NO-PS,B-Cab 4X2 2.5J no-PS,N/A,unreviewed,,,
TOYOTA,B-CAB 4X2 2.5J VNT,B-Cab 4X2 2.5J VNT,N/A,unreviewed,,,
TOYOTA,B-CAB 4X2 2.7J,B-Cab 4X2 2.7J,N/A,unreviewed,,,
TOYOTA,B-CAB 4X4 2.8J,B-Cab 4x4 2.8J,N/A,unreviewed,,,
TOYOTA,BZ4X,BZ4X,N/A,unreviewed,,,
TOYOTA,C+POD,C+POD,N/A,unreviewed,,,
TOYOTA,C-CAB 2X4 2.4E A/T,C-Cab 2x4 2.4E A/T,N/A,unreviewed,,,
TOYOTA,C-CAB 2X4 2.8G,C-Cab 2x4 2.8G,N/A,unreviewed,,,
TOYOTA,C-CAB 4X2 2.4J,C-Cab 4x2 2.4J,N/A,unreviewed,,,
TOYOTA,C-CAB 4X2 2.4J PLUS,C-Cab 4x2 2.4J Plus,N/A,unreviewed,,,
TOYOTA,C-CAB 4X4 2.8G,C-Cab 4x4 2.8G,N/A,unreviewed,,,
TOYOTA,C-HR,C-HR,N/A,unreviewed,,,
TOYOTA,CAMRY,CAMRY,N/A,unreviewed,,,
TOYOTA,CAMRY 2.5G ESPORT,Camry 2.5G ESport,N/A,unreviewed,,,
TOYOTA,CAMRY HV,Camry HV,N/A,unreviewed,,,
TOYOTA,CENTURY,CENTURY,N/A,unreviewed,,,
TOYOTA,CENTURY 5.0L,CENTURY 5.0L,N/A,unreviewed,,,
TOYOTA,CENTURY HYBRID,CENTURY HYBRID,N/A,unreviewed,,,
TOYOTA,COASTER,COASTER,N/A,unreviewed,,,
TOYOTA,COMMUTER,COMMUTER,N/A,unreviewed,,,
TOYOTA,COMMUTER (SILVER) E4,Commuter (Silver) E4,N/A,unreviewed,,,
TOYOTA,COMUTER,COMUTER,N/A,unreviewed,,,
TOYOTA,COROLLA,Corolla,N/A,unreviewed,,,
TOYOTA,COROLLA CROSS,COROLLA CROSS,N/A,unreviewed,,,
TOYOTA,CROWN,CROWN,N/A,unreviewed,,,
TOYOTA,CROWN 2.5 HYBRID RS ADVANCE,CROWN 2.5 HYBRID RS ADVANCE,N/A,unreviewed,,,
TOYOTA,CROWN 2.5L SPORT Z HYBRID,CROWN 2.5L SPORT Z HYBRID,N/A,unreviewed,,,
TOYOTA,CROWN CROSSOVER G,CROWN CROSSOVER G,N/A,unreviewed,,,
TOYOTA,CROWN CROSSOVER G ADVANCED,CROWN CROSSOVER G ADVANCED,N/A,unreviewed,,,
TOYOTA,CROWN CROSSOVER G LEATHER,CROWN CROSSOVER G LEATHER,N/A,unreviewed,,,
TOYOTA,CROWN CROSSOVER RS ADVANCE,CROWN CROSSOVER RS ADVANCE,N/A,unreviewed,,,
TOYOTA,CROWN CROSSOVER RS ADVANCED,CROWN CROSSOVER RS ADVANCED,N/A,unreviewed,,,
TOYOTA,CROWN ESTATE Z HYBRID E FOUR,CROWN ESTATE Z HYBRID E FOUR,N/A,unreviewed,,,
TOYOTA,CROWN HYBRID SPORT RS,CROWN HYBRID SPORT RS,N/A,unreviewed,,,
TOYOTA,CROWN HYBRID SPORT Z,CROWN HYBRID SPORT Z,N/A,unreviewed,,,
TOYOTA,CROWN HYBRID Z,CROWN HYBRID Z,N/A,unreviewed,,,
TOYOTA,CROWN RS LIMITED II,CROWN RS LIMITED II,N/A,unreviewed,,,
TOYOTA,CROWN SPORT RS,CROWN SPORT RS,N/A,unreviewed,,,
TOYOTA,CROWN SPORT RS 70TH,CROWN SPORT RS 70TH,N/A,unreviewed,,,
TOYOTA,CROWN SPORT Z,CROWN SPORT Z,N/A,unreviewed,,,
TOYOTA,CROWN SPORT Z 2.5L,CROWN SPORT Z 2.5L,N/A,unreviewed,,,
TOYOTA,CROWN Z,CROWN Z,N/A,unreviewed,,,
TOYOTA,CROWN Z 2.5L,CROWN Z 2.5L,N/A,unreviewed,,,
TOYOTA,D-CAB 2X4 2.4E,D-Cab 2x4 2.4E,N/A,unreviewed,,,
TOYOTA,D-CAB 2X4 2.4E A/T,D-Cab 2x4 2.4E A/T,N/A,unreviewed,,,
TOYOTA,D-CAB 2X4 2.4G A/T,D-Cab 2x4 2.4G A/T,N/A,unreviewed,,,
TOYOTA,D-CAB 2X4 2.4J PLUS,D-Cab 2x4 2.4J Plus,N/A,unreviewed,,,
TOYOTA,D-CAB 2X4 2.5E I/C(BLACK),D-Cab 2x4 2.5E I/C(Black),N/A,unreviewed,,,
TOYOTA,D-CAB 2X4 2.5E VNT A/T TRD,D-Cab 2x4 2.5E VNT A/T TRD,N/A,unreviewed,,,
TOYOTA,D-CAB 4X2 2.4J PLUS,D-Cab 4x2 2.4J Plus,N/A,unreviewed,,,
TOYOTA,D-CAB 4X2 2.5 J W PS-M/T,D-Cab 4X2 2.5 J W PS-M/T,N/A,unreviewed,,,
TOYOTA,D-CAB 4X4 2.4E,D-Cab 4x4 2.4E,N/A,unreviewed,,,
TOYOTA,D-CAB 4X4 2.8G,D-Cab 4x4 2.8G,N/A,unreviewed,,,
TOYOTA,D-CAB 4X4 2.8G A/T,D-Cab 4x4 2.8G A/T,N/A,unreviewed,,,
TOYOTA,ESQUIRE GI,ESQUIRE GI,N/A,unreviewed,,,
TOYOTA,ESQUIRE GI 7 SEATS,ESQUIRE GI 7 SEATS,N/A,unreviewed,,,
TOYOTA,ESQUIRE HYBRID GI 7 SEATS,ESQUIRE HYBRID GI 7 SEATS,N/A,unreviewed,,,
TOYOTA,ESQUIRE HYBRID GI PREMIUM,ESQUIRE HYBRID GI PREMIUM,N/A,unreviewed,,,
TOYOTA,ESTIMA AERAS PREMIUM,ESTIMA AERAS PREMIUM,N/A,unreviewed,,,
TOYOTA,ESTIMA HYBRID AERAS,ESTIMA HYBRID AERAS,N/A,unreviewed,,,
TOYOTA,FJ CRUISER,FJ CRUISER,N/A,unreviewed,,,
TOYOTA,FJ CRUISER 4.0 V6,FJ CRUISER 4.0 V6,N/A,unreviewed,,,
TOYOTA,FJ CRUISER 4.0L,FJ CRUISER 4.0L,N/A,unreviewed,,,
TOYOTA,FORTUNER,Fortuner,N/A,unreviewed,,,
TOYOTA,GR 86 RZ,GR 86 RZ,N/A,unreviewed,,,
TOYOTA,GR 86 RZ 2.4L,GR 86 RZ 2.4L,N/A,unreviewed,,,
TOYOTA,GR 86 RZ 2.5L,GR 86 RZ 2.5L,N/A,unreviewed,,,
TOYOTA,GR COROLLA,GR COROLLA,N/A,unreviewed,,,
TOYOTA,GR COROLLA MORIZO EDITION,GR COROLLA MORIZO EDITION,N/A,unreviewed,,,
TOYOTA,GR COROLLA RZ,GR COROLLA RZ,N/A,unreviewed,,,
TOYOTA,GR COROLLA RZ AT,GR COROLLA RZ AT,N/A,unreviewed,,,
TOYOTA,GR COROLLA RZ MORIZO EDITION,GR COROLLA RZ MORIZO EDITION,N/A,unreviewed,,,
TOYOTA,GR SUPRA,GR SUPRA,N/A,unreviewed,,,
TOYOTA,GR SUPRA RZ,GR SUPRA RZ,N/A,unreviewed,,,
TOYOTA,GR SUPRA RZ 100 EDITION,GR SUPRA RZ 100 EDITION,N/A,unreviewed,,,
TOYOTA,GR SUPRA RZ 3.0,GR SUPRA RZ 3.0,N/A,unreviewed,,,
TOYOTA,GR SUPRA RZ 35TH ANNIVERSARY,GR SUPRA RZ 35TH ANNIVERSARY,N/A,unreviewed,,,
TOYOTA,GR SUPRA RZ 6MT,GR SUPRA RZ 6MT,N/A,unreviewed,,,
TOYOTA,GR SUPRA RZ MATTE WHITE EDIT,GR SUPRA RZ MATTE WHITE EDIT,N/A,unreviewed,,,
TOYOTA,GR SUPRA RZ PLASMA ORANGE 100,GR SUPRA RZ PLASMA ORANGE 100,N/A,unreviewed,,,
TOYOTA,GR SUPRA SZ-R,GR SUPRA SZ-R,N/A,unreviewed,,,
TOYOTA,GR YARIS,GR YARIS,N/A,unreviewed,,,
TOYOTA,GR YARIS GRMN,GR YARIS GRMN,N/A,unreviewed,,,
TOYOTA,GR YARIS KALLE ROVANPERA,GR YARIS KALLE ROVANPERA,N/A,unreviewed,,,
TOYOTA,GR YARIS OGIER EDITION 4WD,GR YARIS OGIER EDITION 4WD,N/A,unreviewed,,,
TOYOTA,GR YARIS RALLYE,GR YARIS RALLYE,N/A,unreviewed,,,
TOYOTA,GR YARIS RALLYE EDITION,GR YARIS RALLYE EDITION,N/A,unreviewed,,,
TOYOTA,GR YARIS RC,GR YARIS RC,N/A,unreviewed,,,
TOYOTA,GR YARIS RC 8AT,GR YARIS RC 8AT,N/A,unreviewed,,,
TOYOTA,GR YARIS RC 8AT 4WD,GR YARIS RC 8AT 4WD,N/A,unreviewed,,,
TOYOTA,GR YARIS RC AERO PERFORMANCE,GR YARIS RC AERO PERFORMANCE,N/A,unreviewed,,,
TOYOTA,GR YARIS RC AT,GR YARIS RC AT,N/A,unreviewed,,,
TOYOTA,GR YARIS RC M/T 4WD,GR YARIS RC M/T 4WD,N/A,unreviewed,,,
TOYOTA,GR YARIS RS 4WD,GR YARIS RS 4WD,N/A,unreviewed,,,
TOYOTA,GR YARIS RZ,GR YARIS RZ,N/A,unreviewed,,,
TOYOTA,GR YARIS RZ HIGH PERFORMANCE,GR YARIS RZ HIGH PERFORMANCE,N/A,unreviewed,,,
TOYOTA,GR86,GR86,N/A,unreviewed,,,
TOYOTA,GR86 10TH ANNIVERSARY,GR86 10TH ANNIVERSARY,N/A,unreviewed,,,
TOYOTA,GR86 CUP CAR BASIC,GR86 CUP CAR BASIC,N/A,unreviewed,,,
TOYOTA,GR86 RC,GR86 RC,N/A,unreviewed,,,
TOYOTA,GR86 RZ,GR86 RZ,N/A,unreviewed,,,
TOYOTA,GR86 RZ 10TH ANNIVERSARY,GR86 RZ 10th ANNIVERSARY,N/A,unreviewed,,,
TOYOTA,GR86 RZ 2WD,GR86 RZ 2WD,N/A,unreviewed,,,
TOYOTA,GR86 RZ 40TH ANNIVERSARY,GR86 RZ 40TH ANNIVERSARY,N/A,unreviewed,,,
TOYOTA,GR86 RZ 6MT,GR86 RZ 6MT,N/A,unreviewed,,,
TOYOTA,GR86 RZ AT,GR86 RZ AT,N/A,unreviewed,,,
TOYOTA,GR86 RZ GREDDY,GR86 RZ GREDDY,N/A,unreviewed,,,
TOYOTA,GR86 RZ M/T,GR86 RZ M/T,N/A,unreviewed,,,
TOYOTA,GR86 RZ RIDGE GREEN LIMITED,GR86 RZ RIDGE GREEN LIMITED,N/A,unreviewed,,,
TOYOTA,GR86 RZ YELLOW LIMITED,GR86 RZ YELLOW LIMITED,N/A,unreviewed,,,
TOYOTA,GR86 SARD GT1 CUP CAR,GR86 SARD GT1 CUP CAR,N/A,unreviewed,,,
TOYOTA,GR86 SZ,GR86 SZ,N/A,unreviewed,,,
TOYOTA,GT86 14R-60 TRD,GT86 14R-60 TRD,N/A,unreviewed,,,
TOYOTA,GT86 BLACK LIMTED,GT86 BLACK LIMTED,N/A,unreviewed,,,
TOYOTA,GT86 RACING,GT86 RACING,N/A,unreviewed,,,
TOYOTA,GUN120R-CTTSXT,GUN120R-CTTSXT,N/A,unreviewed,,,
TOYOTA,GUN122R-BTFLXT,GUN122R-BTFLXT,N/A,unreviewed,,,
TOYOTA,GUN122R-BTFLXT3,GUN122R-BTFLXT3,N/A,unreviewed,,,
TOYOTA,GUN135R-CTFHXT,GUN135R-CTFHXT,N/A,unreviewed,,,
TOYOTA,HARRIER 2.0 G,HARRIER 2.0 G,N/A,unreviewed,,,
TOYOTA,HARRIER 2.0 G LEATHER PACKAGE,HARRIER 2.0 G LEATHER PACKAGE,N/A,unreviewed,,,
TOYOTA,HARRIER 2.0 S,HARRIER 2.0 S,N/A,unreviewed,,,
TOYOTA,HARRIER 2.0 TURBO,HARRIER 2.0 TURBO,N/A,unreviewed,,,
TOYOTA,HARRIER 2.0 TURBO PREMIUM,HARRIER 2.0 TURBO PREMIUM,N/A,unreviewed,,,
TOYOTA,HARRIER 2.0 Z,HARRIER 2.0 Z,N/A,unreviewed,,,
TOYOTA,HARRIER 2.0 Z LEATHER PACKAGE,HARRIER 2.0 Z LEATHER PACKAGE,N/A,unreviewed,,,
TOYOTA,HARRIER 2.0L 2WD PREMIUM,HARRIER 2.0L 2WD PREMIUM,N/A,unreviewed,,,
TOYOTA,HARRIER 2.0L 2WD TURBO,HARRIER 2.0L 2WD TURBO,N/A,unreviewed,,,
TOYOTA,HARRIER 2.5 HYBRID G,HARRIER 2.5 HYBRID G,N/A,unreviewed,,,
TOYOTA,HARRIER 2.5 HYBRID Z,HARRIER 2.5 HYBRID Z,N/A,unreviewed,,,
TOYOTA,HARRIER 2.5 HYBRID Z LEATHER,HARRIER 2.5 HYBRID Z LEATHER,N/A,unreviewed,,,
TOYOTA,HARRIER 2.5L HYBRID,HARRIER 2.5L HYBRID,N/A,unreviewed,,,
TOYOTA,HARRIER G 2WD,HARRIER G 2WD,N/A,unreviewed,,,
TOYOTA,HARRIER HYBRID 2.5L Z,HARRIER HYBRID 2.5L Z,N/A,unreviewed,,,
TOYOTA,HARRIER HYBRID G,HARRIER HYBRID G,N/A,unreviewed,,,
TOYOTA,HARRIER HYBRID G 2.5L,HARRIER HYBRID G 2.5L,N/A,unreviewed,,,
TOYOTA,HARRIER HYBRID G PACKAGE,HARRIER HYBRID G PACKAGE,N/A,unreviewed,,,
TOYOTA,HARRIER HYBRID S,HARRIER HYBRID S,N/A,unreviewed,,,
TOYOTA,HARRIER HYBRID Z,HARRIER HYBRID Z,N/A,unreviewed,,,
TOYOTA,HARRIER HYBRID Z 2.5L,HARRIER HYBRID Z 2.5L,N/A,unreviewed,,,
TOYOTA,HARRIER HYBRID Z E-FOUR,HARRIER HYBRID Z E-FOUR,N/A,unreviewed,,,
TOYOTA,HARRIER HYBRID Z LEATHER,HARRIER HYBRID Z LEATHER,N/A,unreviewed,,,
TOYOTA,HARRIER S,HARRIER S,N/A,unreviewed,,,
TOYOTA,HARRIER Z LEATHER PACKAGE,HARRIER Z LEATHER PACKAGE,N/A,unreviewed,,,
TOYOTA,HIACE,HIACE,N/A,unreviewed,,,
TOYOTA,HIACE DIESEL COMMUTER,HIACE DIESEL COMMUTER,N/A,unreviewed,,,
TOYOTA,HIACE DIESEL GL. SOLID,HIACE DIESEL GL. SOLID,N/A,unreviewed,,,
TOYOTA,HIACE DX ROUTE VAN,HIACE DX ROUTE VAN,N/A,unreviewed,,,
TOYOTA,HIACE MAJESTY,HIACE MAJESTY,N/A,unreviewed,,,
TOYOTA,HIACE VAN,HIACE VAN,N/A,unreviewed,,,
TOYOTA,HILUK,HILUK,N/A,unreviewed,,,
TOYOTA,HILUX CHAMP,HILUX CHAMP,N/A,unreviewed,,,
TOYOTA,HILUX REVO,HILUX REVO,N/A,unreviewed,,,
TOYOTA,"HILUX TIGER B-CAB / 2L,P/S","HILUX TIGER B-CAB / 2L,P/S",N/A,unreviewed,,,
TOYOTA,"HILUX TIGER C-CAB / 2L,P/S","HILUX TIGER C-CAB / 2L,P/S",N/A,unreviewed,,,
TOYOTA,HILUX TIGER ECO 5 M/T (B-CAB),HILUX TIGER ECO 5 M/T (B-CAB),N/A,unreviewed,,,
TOYOTA,HILUX TRAVO,HILUX TRAVO,N/A,unreviewed,,,
TOYOTA,INNOVA,Innova,N/A,unreviewed,,,
TOYOTA,KDH202R-RDMDYE A1,KDH202R-RDMDYE A1,N/A,unreviewed,,,
TOYOTA,KDH202R-RDMNY  A1,KDH202R-RDMNY  A1,N/A,unreviewed,,,
TOYOTA,KDH202R-RDMNYT B3,KDH202R-RDMNYT B3,N/A,unreviewed,,,
TOYOTA,KDH213R-KDPNYT D1,KDH213R-KDPNYT D1,N/A,unreviewed,,,
TOYOTA,KDH222R-LEMDY,KDH222R-LEMDY,N/A,unreviewed,,,
TOYOTA,KDH222R-LEMDY  A1,KDH222R-LEMDY  A1,N/A,unreviewed,,,
TOYOTA,KDH222R-LEMDY  B1,KDH222R-LEMDY  B1,N/A,unreviewed,,,
TOYOTA,KDH222R-LEMDYT A1,KDH222R-LEMDYT A1,N/A,unreviewed,,,
TOYOTA,KDH222R-LEMDYT A3,KDH222R-LEMDYT A3,N/A,unreviewed,,,
TOYOTA,KDH222R-LEMDYT A4,KDH222R-LEMDYT A4,N/A,unreviewed,,,
TOYOTA,KDH222R-LEMDYT A5,KDH222R-LEMDYT A5,N/A,unreviewed,,,
TOYOTA,KDH222R-LEMDYT A6,KDH222R-LEMDYT A6,N/A,unreviewed,,,
TOYOTA,KDH222R-LEMDYT B4,KDH222R-LEMDYT B4,N/A,unreviewed,,,
TOYOTA,KDH222R-LEMDYT B5,KDH222R-LEMDYT B5,N/A,unreviewed,,,
TOYOTA,KDH222R-LEMDYT B6,KDH222R-LEMDYT B6,N/A,unreviewed,,,
TOYOTA,KDH223R-LEMDYT A2,KDH223R-LEMDYT A2,N/A,unreviewed,,,
TOYOTA,KDH223R-LEMDYT B2,KDH223R-LEMDYT B2,N/A,unreviewed,,,
TOYOTA,KDH223R-LEPDYT A1,KDH223R-LEPDYT A1,N/A,unreviewed,,,
TOYOTA,KDH223R-LEPDYT B1,KDH223R-LEPDYT B1,N/A,unreviewed,,,
TOYOTA,KUN15R-CRMSHT  A3,KUN15R-CRMSHT  A3,N/A,unreviewed,,,
TOYOTA,KUN15R-PRMDYT  A3,KUN15R-PRMDYT  A3,N/A,unreviewed,,,
TOYOTA,KUN15R-TRMDHT  B8,KUN15R-TRMDHT  B8,N/A,unreviewed,,,
TOYOTA,KUN15R-TRMDYT  B6,KUN15R-TRMDYT  B6,N/A,unreviewed,,,
TOYOTA,KUN15R-TRMDYT3 A3,KUN15R-TRMDYT3 A3,N/A,unreviewed,,,
TOYOTA,KUN25R-PRMSHT  A4,KUN25R-PRMSHT  A4,N/A,unreviewed,,,
TOYOTA,KUN25R-URMSHT  A4,KUN25R-URMSHT  A4,N/A,unreviewed,,,
TOYOTA,KUN26R-PRASYT  A8,KUN26R-PRASYT  A8,N/A,unreviewed,,,
TOYOTA,KUN26R-PRMSYT  B3,KUN26R-PRMSYT  B3,N/A,unreviewed,,,
TOYOTA,KUN26R-PRPSYT  A7,KUN26R-PRPSYT  A7,N/A,unreviewed,,,
TOYOTA,KUN35R-PRMDHT  A6,KUN35R-PRMDHT  A6,N/A,unreviewed,,,
TOYOTA,KUN35R-PRMDHT  A8,KUN35R-PRMDHT  A8,N/A,unreviewed,,,
TOYOTA,KUN35R-PRMSHT  A5,KUN35R-PRMSHT  A5,N/A,unreviewed,,,
TOYOTA,KUN35R-PRMSHT  A6,KUN35R-PRMSHT  A6,N/A,unreviewed,,,
TOYOTA,KUN35R-PRMSHT  A8,KUN35R-PRMSHT  A8,N/A,unreviewed,,,
TOYOTA,KUN35R-URASHT  AJ,KUN35R-URASHT  AJ,N/A,unreviewed,,,
TOYOTA,KUN36R-PRMSYT  B5,KUN36R-PRMSYT  B5,N/A,unreviewed,,,
TOYOTA,KUN51R-NKASYT  A8,KUN51R-NKASYT  A8,N/A,unreviewed,,,
TOYOTA,KUN51R-NKASYT  AJ,KUN51R-NKASYT  AJ,N/A,unreviewed,,,
TOYOTA,KUN51R-NKASYT  AK,KUN51R-NKASYT  AK,N/A,unreviewed,,,
TOYOTA,KUN51R-NKPSYT  A7,KUN51R-NKPSYT  A7,N/A,unreviewed,,,
TOYOTA,KUN51R-NKPSYT  B7,KUN51R-NKPSYT  B7,N/A,unreviewed,,,
TOYOTA,KUN61R-NKASYT  A8,KUN61R-NKASYT  A8,N/A,unreviewed,,,
TOYOTA,KUN61R-NKASYT  B0,KUN61R-NKASYT  B0,N/A,unreviewed,,,
TOYOTA,LAND  CRUISER,LAND  CRUISER,N/A,unreviewed,,,
TOYOTA,LAND CRUISER 200 VX,LAND CRUISER 200 VX,N/A,unreviewed,,,
TOYOTA,LAND CRUISER 250 GX,LAND CRUISER 250 GX,N/A,unreviewed,,,
TOYOTA,LAND CRUISER 250 VX,LAND CRUISER 250 VX,N/A,unreviewed,,,
TOYOTA,LAND CRUISER 250 VX 2.8L,LAND CRUISER 250 VX 2.8L,N/A,unreviewed,,,
TOYOTA,LAND CRUISER 250 VX FIRST,LAND CRUISER 250 VX FIRST,N/A,unreviewed,,,
TOYOTA,LAND CRUISER 250 ZX,LAND CRUISER 250 ZX,N/A,unreviewed,,,
TOYOTA,LAND CRUISER 250 ZX 2.8L,LAND CRUISER 250 ZX 2.8L,N/A,unreviewed,,,
TOYOTA,LAND CRUISER 250 ZX FIRST,LAND CRUISER 250 ZX FIRST,N/A,unreviewed,,,
TOYOTA,LAND CRUISER 3.3L  GR SPORT,LAND CRUISER 3.3L  GR SPORT,N/A,unreviewed,,,
TOYOTA,LAND CRUISER 3.5L GR SPORT,LAND CRUISER 3.5L GR SPORT,N/A,unreviewed,,,
TOYOTA,LAND CRUISER 300 GR SPORT,LAND CRUISER 300 GR SPORT,N/A,unreviewed,,,
TOYOTA,LAND CRUISER 300 SAHARA 3.3L,LAND CRUISER 300 SAHARA 3.3L,N/A,unreviewed,,,
TOYOTA,LAND CRUISER 300 SAHARA ZX,LAND CRUISER 300 SAHARA ZX,N/A,unreviewed,,,
TOYOTA,LAND CRUISER 300 SERIES GR,LAND CRUISER 300 SERIES GR,N/A,unreviewed,,,
TOYOTA,LAND CRUISER 300 ZX,LAND CRUISER 300 ZX,N/A,unreviewed,,,
TOYOTA,LAND CRUISER 300 ZX 3.3L,LAND CRUISER 300 ZX 3.3L,N/A,unreviewed,,,
TOYOTA,LAND CRUISER 300 ZX DIESEL,LAND CRUISER 300 ZX DIESEL,N/A,unreviewed,,,
TOYOTA,LAND CRUISER 70 30TH,LAND CRUISER 70 30TH,N/A,unreviewed,,,
TOYOTA,LAND CRUISER 70 AX,LAND CRUISER 70 AX,N/A,unreviewed,,,
TOYOTA,LAND CRUISER 70 AX 2.8L 4WD,LAND CRUISER 70 AX 2.8L 4WD,N/A,unreviewed,,,
TOYOTA,LAND CRUISER 70 PICKUP 30TH,LAND CRUISER 70 PICKUP 30TH,N/A,unreviewed,,,
TOYOTA,LAND CRUISER 71 HARDTOP 4.0L,LAND CRUISER 71 HARDTOP 4.0L,N/A,unreviewed,,,
TOYOTA,LAND CRUISER 76 AX 4WD,LAND CRUISER 76 AX 4WD,N/A,unreviewed,,,
TOYOTA,LAND CRUISER 79 PICK UP,LAND CRUISER 79 PICK UP,N/A,unreviewed,,,
TOYOTA,LAND CRUISER 79 PICK UP 4.2,LAND CRUISER 79 PICK UP 4.2,N/A,unreviewed,,,
TOYOTA,LAND CRUISER ACTIVE 2.8,LAND CRUISER ACTIVE 2.8,N/A,unreviewed,,,
TOYOTA,LAND CRUISER ACTIVE 2.8D,LAND CRUISER ACTIVE 2.8D,N/A,unreviewed,,,
TOYOTA,LAND CRUISER AX,LAND CRUISER AX,N/A,unreviewed,,,
TOYOTA,LAND CRUISER AX G,LAND CRUISER AX G,N/A,unreviewed,,,
TOYOTA,LAND CRUISER AX G SELECTION,LAND CRUISER AX G SELECTION,N/A,unreviewed,,,
TOYOTA,LAND CRUISER FJ,LAND CRUISER FJ,N/A,unreviewed,,,
TOYOTA,LAND CRUISER GR,LAND CRUISER GR,N/A,unreviewed,,,
TOYOTA,LAND CRUISER GR SPORT,LAND CRUISER GR SPORT,N/A,unreviewed,,,
TOYOTA,LAND CRUISER GX,LAND CRUISER GX,N/A,unreviewed,,,
TOYOTA,LAND CRUISER GX 3.5L,LAND CRUISER GX 3.5L,N/A,unreviewed,,,
TOYOTA,LAND CRUISER PICK UP 70TH,LAND CRUISER PICK UP 70TH,N/A,unreviewed,,,
TOYOTA,LAND CRUISER PRADO 2.7 TX-L,LAND CRUISER PRADO 2.7 TX-L,N/A,unreviewed,,,
TOYOTA,LAND CRUISER PRADO TX,LAND CRUISER PRADO TX,N/A,unreviewed,,,
TOYOTA,LAND CRUISER PRADO TX 7 SEAT,LAND CRUISER PRADO TX 7 SEAT,N/A,unreviewed,,,
TOYOTA,LAND CRUISER PRADO TX L,LAND CRUISER PRADO TX L,N/A,unreviewed,,,
TOYOTA,LAND CRUISER PRADO TX L 70TH,LAND CRUISER PRADO TX L 70TH,N/A,unreviewed,,,
TOYOTA,LAND CRUISER PRADO TXL MATT,LAND CRUISER PRADO TXL MATT,N/A,unreviewed,,,
TOYOTA,LAND CRUISER PRADO TZ G 2.8L,LAND CRUISER PRADO TZ G 2.8L,N/A,unreviewed,,,
TOYOTA,LAND CRUISER PRADO TZ-G,LAND CRUISER PRADO TZ-G,N/A,unreviewed,,,
TOYOTA,LAND CRUISER VX,LAND CRUISER VX,N/A,unreviewed,,,
TOYOTA,LAND CRUISER ZX,LAND CRUISER ZX,N/A,unreviewed,,,
TOYOTA,LANDCRUISER 200,LANDCRUISER 200,N/A,unreviewed,,,
TOYOTA,LANDCRUISER 200 GX 4.5L,LANDCRUISER 200 GX 4.5L,N/A,unreviewed,,,
TOYOTA,LANDCRUISER 3DOOR ACTIVE 2.8,LANDCRUISER 3DOOR ACTIVE 2.8,N/A,unreviewed,,,
TOYOTA,LANDCRUISER 70 GXL,LANDCRUISER 70 GXL,N/A,unreviewed,,,
TOYOTA,LANDCRUISER 70PICKUP 30TH,LANDCRUISER 70PICKUP 30TH,N/A,unreviewed,,,
TOYOTA,LANDCRUISER 79 4.5L DIESEL V8,LANDCRUISER 79 4.5L DIESEL V8,N/A,unreviewed,,,
TOYOTA,LANDCRUISER HARDTOP 4.0L,LANDCRUISER HARDTOP 4.0L,N/A,unreviewed,,,
TOYOTA,LANDCRUISER LC300 AX,LANDCRUISER LC300 AX,N/A,unreviewed,,,
TOYOTA,LANDCRUISER LC300 GR SPORT,LANDCRUISER LC300 GR SPORT,N/A,unreviewed,,,
TOYOTA,LANDCRUISER LC300 GX,LANDCRUISER LC300 GX,N/A,unreviewed,,,
TOYOTA,LANDCRUISER LC300 SAHARA,LANDCRUISER LC300 SAHARA,N/A,unreviewed,,,
TOYOTA,LANDCRUISER LC300 SAHARA ZX,LANDCRUISER LC300 SAHARA ZX,N/A,unreviewed,,,
TOYOTA,LANDCRUISER LC300 ZX,LANDCRUISER LC300 ZX,N/A,unreviewed,,,
TOYOTA,LANDCRUISER PRADO 2.7 TXL,LANDCRUISER PRADO 2.7 TXL,N/A,unreviewed,,,
TOYOTA,LANDCRUISER PRADO 2.8,LANDCRUISER PRADO 2.8,N/A,unreviewed,,,
TOYOTA,LANDCRUISER PRADO 2.8 DIESEL,LANDCRUISER PRADO 2.8 DIESEL,N/A,unreviewed,,,
TOYOTA,LANDCRUISER PRADO 2.8 TXL,LANDCRUISER PRADO 2.8 TXL,N/A,unreviewed,,,
TOYOTA,LANDCRUISER PRADO 2.8 TZG,LANDCRUISER PRADO 2.8 TZG,N/A,unreviewed,,,
TOYOTA,LANDCRUISER PRADO TXL PACKAGE,LANDCRUISER PRADO TXL PACKAGE,N/A,unreviewed,,,
TOYOTA,LANDCRUISER PRADO TZ-G,LANDCRUISER PRADO TZ-G,N/A,unreviewed,,,
TOYOTA,LANDCRUISER PRADO TZG 2.8L,LANDCRUISER PRADO TZG 2.8L,N/A,unreviewed,,,
TOYOTA,LANDCRUISER SAHARA 4.5,LANDCRUISER SAHARA 4.5,N/A,unreviewed,,,
TOYOTA,LANDCRUISER SAHARA 4.5L,LANDCRUISER SAHARA 4.5L,N/A,unreviewed,,,
TOYOTA,LANDCRUISER SINGLE CAB LC79,LANDCRUISER SINGLE CAB LC79,N/A,unreviewed,,,
TOYOTA,LANDCRUISER300SAHARA3.3L V6,LANDCRUISER300SAHARA3.3L V6,N/A,unreviewed,,,
TOYOTA,LANDCRUISER70 30TH ANNIVERSARY,LANDCRUISER70 30TH ANNIVERSARY,N/A,unreviewed,,,
TOYOTA,LN106R-TRMRS,LN106R-TRMRS,N/A,unreviewed,,,
TOYOTA,LN152R-CRMSSTA,LN152R-CRMSSTA,N/A,unreviewed,,,
TOYOTA,LN155R-TRMDST,LN155R-TRMDST,N/A,unreviewed,,,
TOYOTA,MIRAI,MIRAI,N/A,unreviewed,,,
TOYOTA,NCP150R-BEPDKT AA,NCP150R-BEPDKT AA,N/A,unreviewed,,,
TOYOTA,NCP150R-BEPRKT C1,NCP150R-BEPRKT C1,N/A,unreviewed,,,
TOYOTA,NCP93R-BEPRKT  A4,NCP93R-BEPRKT  A4,N/A,unreviewed,,,
TOYOTA,NOAH HYBRID S-Z,NOAH HYBRID S-Z,N/A,unreviewed,,,
TOYOTA,NOAH HYBRID X,NOAH HYBRID X,N/A,unreviewed,,,
TOYOTA,NOAH HYBRID X 2WD,NOAH HYBRID X 2WD,N/A,unreviewed,,,
TOYOTA,NOAH S-G,NOAH S-G,N/A,unreviewed,,,
TOYOTA,NOAH SZ,NOAH SZ,N/A,unreviewed,,,
TOYOTA,NOAH SZ 2.0L,NOAH SZ 2.0L,N/A,unreviewed,,,
TOYOTA,NOAH SZ HYBRID,NOAH SZ HYBRID,N/A,unreviewed,,,
TOYOTA,NOAH X,NOAH X,N/A,unreviewed,,,
TOYOTA,NOAH X 2WD,NOAH X 2WD,N/A,unreviewed,,,
TOYOTA,NSP152R-AHXRKT CA,NSP152R-AHXRKT CA,N/A,unreviewed,,,
TOYOTA,PRIUS,PRIUS,N/A,unreviewed,,,
TOYOTA,PRIUS 1.8L STD TRD,PRIUS 1.8L STD TRD,N/A,unreviewed,,,
TOYOTA,PRIUS 1.8L TOP OPT,PRIUS 1.8L TOP OPT,N/A,unreviewed,,,
TOYOTA,PRIUS HYBRID Z 2WD,PRIUS HYBRID Z 2WD,N/A,unreviewed,,,
TOYOTA,PRIUS Z,PRIUS Z,N/A,unreviewed,,,
TOYOTA,PRIUS Z HYBRID,PRIUS Z HYBRID,N/A,unreviewed,,,
TOYOTA,ROOMY CUSTOM G T 1.0L,ROOMY CUSTOM G T 1.0L,N/A,unreviewed,,,
TOYOTA,ROOMY CUSTOM GT,ROOMY CUSTOM GT,N/A,unreviewed,,,
TOYOTA,SIENTA,Sienta,N/A,unreviewed,,,
TOYOTA,SIENTA HYBRID G 2WD,SIENTA HYBRID G 2WD,N/A,unreviewed,,,
TOYOTA,SIENTA HYBRID Z,SIENTA HYBRID Z,N/A,unreviewed,,,
TOYOTA,SUPRA,SUPRA,N/A,unreviewed,,,
TOYOTA,SUPRA GR 3.0 PRO,SUPRA GR 3.0 PRO,N/A,unreviewed,,,
TOYOTA,SUPRA RZ,SUPRA RZ,N/A,unreviewed,,,
TOYOTA,SUPRA RZ 3.0L,SUPRA RZ 3.0L,N/A,unreviewed,,,
TOYOTA,SUPRA RZ PLASMA ORANGE 100,SUPRA RZ PLASMA ORANGE 100,N/A,unreviewed,,,
TOYOTA,SUPRA SZ-R,SUPRA SZ-R,N/A,unreviewed,,,
TOYOTA,SUPRA SZ-R 2.0,SUPRA SZ-R 2.0,N/A,unreviewed,,,
TOYOTA,SUPRA SZ-R 2.0L,SUPRA SZ-R 2.0L,N/A,unreviewed,,,
TOYOTA,TGN16R-PRMSKT  A7,TGN16R-PRMSKT  A7,N/A,unreviewed,,,
TOYOTA,TGN16R-PRMSKT  A8,TGN16R-PRMSKT  A8,N/A,unreviewed,,,
TOYOTA,TGN16R-TRMDKT  A7,TGN16R-TRMDKT  A7,N/A,unreviewed,,,
TOYOTA,TGN16R-URMDMT  A7,TGN16R-URMDMT  A7,N/A,unreviewed,,,
TOYOTA,TGN16R-URMDMT  A8,TGN16R-URMDMT  A8,N/A,unreviewed,,,
TOYOTA,TGN40R-GKPDKT  AE,TGN40R-GKPDKT  AE,N/A,unreviewed,,,
TOYOTA,TGN61R-NKPSKT  A3,TGN61R-NKPSKT  A3,N/A,unreviewed,,,
TOYOTA,TGN61R-NKPSKT  A5,TGN61R-NKPSKT  A5,N/A,unreviewed,,,
TOYOTA,TGN61R-NKPSKT  A8,TGN61R-NKPSKT  A8,N/A,unreviewed,,,
TOYOTA,TR TRANSFORMER,TR TRANSFORMER,N/A,unreviewed,,,
TOYOTA,TR TRANSFORMER II,TR TRANSFORMER II,N/A,unreviewed,,,
TOYOTA,TR TRANSFORMER MAXI,TR TRANSFORMER MAXI,N/A,unreviewed,,,
TOYOTA,TR-TRANSFORTMER,TR-TRANSFORTMER,N/A,unreviewed,,,
TOYOTA,TRH213R-KDPNKT A3,TRH213R-KDPNKT A3,N/A,unreviewed,,,
TOYOTA,TRH213R-KDPNKT C5,TRH213R-KDPNKT C5,N/A,unreviewed,,,
TOYOTA,TRH223R-LEMDKT C2,TRH223R-LEMDKT C2,N/A,unreviewed,,,
TOYOTA,TRH223R-LEMDKT C6,TRH223R-LEMDKT C6,N/A,unreviewed,,,
TOYOTA,TUNDRA 3.5L,TUNDRA 3.5L,N/A,unreviewed,,,
TOYOTA,VELLFIRE,VELLFIRE,N/A,unreviewed,,,
TOYOTA,VELLFIRE 2.4 Z PREMIER,VELLFIRE 2.4 Z PREMIER,N/A,unreviewed,,,
TOYOTA,VELLFIRE 2.5,VELLFIRE 2.5,N/A,unreviewed,,,
TOYOTA,VELLFIRE 2.5 GOLDEN EYES III,VELLFIRE 2.5 GOLDEN EYES III,N/A,unreviewed,,,
TOYOTA,VELLFIRE 2.5 HYBRID V,VELLFIRE 2.5 HYBRID V,N/A,unreviewed,,,
TOYOTA,VELLFIRE 2.5 HYBRID V-L,VELLFIRE 2.5 HYBRID V-L,N/A,unreviewed,,,
TOYOTA,VELLFIRE 2.5 HYBRID X,VELLFIRE 2.5 HYBRID X,N/A,unreviewed,,,
TOYOTA,VELLFIRE 2.5 HYBRID X E-FOUR,VELLFIRE 2.5 HYBRID X E-FOUR,N/A,unreviewed,,,
TOYOTA,VELLFIRE 2.5 HYBRID Z,VELLFIRE 2.5 HYBRID Z,N/A,unreviewed,,,
TOYOTA,VELLFIRE 2.5 HYBRID Z E-FOUR,VELLFIRE 2.5 HYBRID Z E-FOUR,N/A,unreviewed,,,
TOYOTA,VELLFIRE 2.5 HYBRID Z PREMIER,VELLFIRE 2.5 HYBRID Z PREMIER,N/A,unreviewed,,,
TOYOTA,VELLFIRE 2.5 HYBRID ZR,VELLFIRE 2.5 HYBRID ZR,N/A,unreviewed,,,
TOYOTA,VELLFIRE 2.5 HYBRID ZR G,VELLFIRE 2.5 HYBRID ZR G,N/A,unreviewed,,,
TOYOTA,VELLFIRE 2.5 Z G,VELLFIRE 2.5 Z G,N/A,unreviewed,,,
TOYOTA,VELLFIRE 2.5 ZG EDITION,VELLFIRE 2.5 ZG EDITION,N/A,unreviewed,,,
TOYOTA,VELLFIRE 2.5L Z G EDITION,VELLFIRE 2.5L Z G EDITION,N/A,unreviewed,,,
TOYOTA,VELLFIRE 2.5V,VELLFIRE 2.5V,N/A,unreviewed,,,
TOYOTA,VELLFIRE 2.5X SIDE LIFT,VELLFIRE 2.5X SIDE LIFT,N/A,unreviewed,,,
TOYOTA,VELLFIRE 2.5Z,VELLFIRE 2.5Z,N/A,unreviewed,,,
TOYOTA,VELLFIRE 2.5Z 2WD,VELLFIRE 2.5Z 2WD,N/A,unreviewed,,,
TOYOTA,VELLFIRE 2.5Z G EDITION,VELLFIRE 2.5Z G EDITION,N/A,unreviewed,,,
TOYOTA,VELLFIRE 2.5ZG EDITION,VELLFIRE 2.5ZG EDITION,N/A,unreviewed,,,
TOYOTA,VELLFIRE 250,VELLFIRE 250,N/A,unreviewed,,,
TOYOTA,VELLFIRE EXECUTIVE LOUNGE,VELLFIRE EXECUTIVE LOUNGE,N/A,unreviewed,,,
TOYOTA,VELLFIRE GOLDEN EYE III,VELLFIRE GOLDEN EYE III,N/A,unreviewed,,,
TOYOTA,VELLFIRE GOLDEN EYES III,VELLFIRE GOLDEN EYES III,N/A,unreviewed,,,
TOYOTA,VELLFIRE GRADE 2.5Z G,VELLFIRE GRADE 2.5Z G,N/A,unreviewed,,,
TOYOTA,VELLFIRE HYBRID E-FOUR,VELLFIRE HYBRID E-FOUR,N/A,unreviewed,,,
TOYOTA,VELLFIRE HYBRID EXECUTIVE,VELLFIRE HYBRID EXECUTIVE,N/A,unreviewed,,,
TOYOTA,VELLFIRE HYBRID GOLDEN EYES,VELLFIRE HYBRID GOLDEN EYES,N/A,unreviewed,,,
TOYOTA,VELLFIRE HYBRID V L,VELLFIRE HYBRID V L,N/A,unreviewed,,,
TOYOTA,VELLFIRE HYBRID V L EDITION,VELLFIRE HYBRID V L EDITION,N/A,unreviewed,,,
TOYOTA,VELLFIRE HYBRID X,VELLFIRE HYBRID X,N/A,unreviewed,,,
TOYOTA,VELLFIRE HYBRID X 2.5L,VELLFIRE HYBRID X 2.5L,N/A,unreviewed,,,
TOYOTA,VELLFIRE HYBRID X E-FOUR,VELLFIRE HYBRID X E-FOUR,N/A,unreviewed,,,
TOYOTA,VELLFIRE HYBRID Z,VELLFIRE HYBRID Z,N/A,unreviewed,,,
TOYOTA,VELLFIRE HYBRID Z 2.5L,VELLFIRE HYBRID Z 2.5L,N/A,unreviewed,,,
TOYOTA,VELLFIRE HYBRID Z 2.5L E-FOUR,VELLFIRE HYBRID Z 2.5L E-FOUR,N/A,unreviewed,,,
TOYOTA,VELLFIRE HYBRID Z E-FOUR,VELLFIRE HYBRID Z E-FOUR,N/A,unreviewed,,,
TOYOTA,VELLFIRE HYBRID Z PREMIER,VELLFIRE HYBRID Z PREMIER,N/A,unreviewed,,,
TOYOTA,VELLFIRE HYBRID ZR G,VELLFIRE HYBRID ZR G,N/A,unreviewed,,,
TOYOTA,VELLFIRE HYBRID ZRG 2.5L,VELLFIRE HYBRID ZRG 2.5L,N/A,unreviewed,,,
TOYOTA,VELLFIRE HYBRID ZRG EDITION,VELLFIRE HYBRID ZRG EDITION,N/A,unreviewed,,,
TOYOTA,VELLFIRE V 2.5L,VELLFIRE V 2.5L,N/A,unreviewed,,,
TOYOTA,VELLFIRE Z G EDITION,VELLFIRE Z G EDITION,N/A,unreviewed,,,
TOYOTA,VELLFIRE Z G EDITION 2.5L,VELLFIRE Z G EDITION 2.5L,N/A,unreviewed,,,
TOYOTA,VELLFIRE Z GOLDEN EYES 2.5L,VELLFIRE Z GOLDEN EYES 2.5L,N/A,unreviewed,,,
TOYOTA,VELLFIRE Z GOLDEN EYES III,VELLFIRE Z GOLDEN EYES III,N/A,unreviewed,,,
TOYOTA,VELLFIRE Z PREMIER,VELLFIRE Z PREMIER,N/A,unreviewed,,,
TOYOTA,VELLFIRE Z PREMIER  2.4L,VELLFIRE Z PREMIER  2.4L,N/A,unreviewed,,,
TOYOTA,VELLFIRE Z PREMIER 2WD 2.5L,VELLFIRE Z PREMIER 2WD 2.5L,N/A,unreviewed,,,
TOYOTA,VELLFIRE Z PREMIER E-FOUR,VELLFIRE Z PREMIER E-FOUR,N/A,unreviewed,,,
TOYOTA,VELLFIRE Z PREMIER HYBRID,VELLFIRE Z PREMIER HYBRID,N/A,unreviewed,,,
TOYOTA,VELLFIRE Z PREMIER HYBRID 2.5L,VELLFIRE Z PREMIER HYBRID 2.5L,N/A,unreviewed,,,
TOYOTA,VELLFIRE ZG EDITION 2.5L,VELLFIRE ZG EDITION 2.5L,N/A,unreviewed,,,
TOYOTA,VELOZ,VELOZ,N/A,unreviewed,,,
TOYOTA,VIOS,VIOS,N/A,unreviewed,,,
TOYOTA,VIOS 1.5E A/T,VIOS 1.5E A/T,N/A,unreviewed,,,
TOYOTA,VIOS 1.5J A/T,VIOS 1.5J A/T,N/A,unreviewed,,,
TOYOTA,VIOS 1.5J M/T,VIOS 1.5J M/T,N/A,unreviewed,,,
TOYOTA,VIOS 1.5S A/T,VIOS 1.5S A/T,N/A,unreviewed,,,
TOYOTA,VITZ GRMN,VITZ GRMN,N/A,unreviewed,,,
TOYOTA,VOXY,VOXY,N/A,unreviewed,,,
TOYOTA,VOXY 1.8 HYBRID S-Z,VOXY 1.8 HYBRID S-Z,N/A,unreviewed,,,
TOYOTA,VOXY 1.8 HYBRID ZS,VOXY 1.8 HYBRID ZS,N/A,unreviewed,,,
TOYOTA,VOXY HYBRID S-G,VOXY HYBRID S-G,N/A,unreviewed,,,
TOYOTA,VOXY HYBRID S-Z,VOXY HYBRID S-Z,N/A,unreviewed,,,
TOYOTA,VOXY HYBRID SZ 1.8L,VOXY HYBRID SZ 1.8L,N/A,unreviewed,,,
TOYOTA,"VOXY HYBRID ZS ""GLITTER III""","VOXY HYBRID ZS ""GLITTER III""",N/A,unreviewed,,,
TOYOTA,VOXY S-Z 2.0L,VOXY S-Z 2.0L,N/A,unreviewed,,,
TOYOTA,VOXY S-Z 2WD,VOXY S-Z 2WD,N/A,unreviewed,,,
TOYOTA,VOXY SZ,VOXY SZ,N/A,unreviewed,,,
TOYOTA,VOXY SZ 2.0L,VOXY SZ 2.0L,N/A,unreviewed,,,
TOYOTA,VOXY SZ HYBRID,VOXY SZ HYBRID,N/A,unreviewed,,,
TOYOTA,VOXY SZ HYBRID 1.8L,VOXY SZ HYBRID 1.8L,N/A,unreviewed,,,
TOYOTA,VOXY ZS,VOXY ZS,N/A,unreviewed,,,
TOYOTA,YARIS,YARIS,N/A,unreviewed,,,
TOYOTA,YARIS 1.2E CVT,Yaris 1.2E CVT,N/A,unreviewed,,,
TOYOTA,YARIS 1.2G CVT,Yaris 1.2G CVT,N/A,unreviewed,,,
TOYOTA,YARIS 1.2J CVT,Yaris 1.2J CVT,N/A,unreviewed,,,
TOYOTA,YARIS ATIV,YARIS ATIV,N/A,unreviewed,,,
TOYOTA,YARIS CROSS,YARIS CROSS,N/A,unreviewed,,,
TOYOTA,YARIS GR CIRCUIT PACK,YARIS GR CIRCUIT PACK,N/A,unreviewed,,,
TOYOTA,YARIS GRMN CIRCUIT PACKAGE,YARIS GRMN CIRCUIT PACKAGE,N/A,unreviewed,,,
TOYOTA,YARIS GRMN RALLY PACKAGE,YARIS GRMN RALLY PACKAGE,N/A,unreviewed,,,
TOYOTA,YARIS RZ HIGH PERFORMANCE,YARIS RZ HIGH PERFORMANCE,N/A,unreviewed,,,
TOYOTA,YN85R-TRMRST,YN85R-TRMRST,N/A,unreviewed,,,
TOYOTA,ZRE141R-GEPEKT A1,ZRE141R-GEPEKT A1,N/A,unreviewed,,,
TOYOTA,ZRE142R-GEXNGT A2,ZRE142R-GEXNGT A2,N/A,unreviewed,,,
TOYOTA,ZRE171R-GEFDKT A1,ZRE171R-GEFDKT A1,N/A,unreviewed,,,
TOYOTA,ZRE171R-GEXEMT A1,ZRE171R-GEXEMT A1,N/A,unreviewed,,,
TOYOTA,ZRE172R-GEXEGT A1,ZRE172R-GEXEGT A1,N/A,unreviewed,,,
TOYOTA,ZRE172R-GEXEGT B1,ZRE172R-GEXEGT B1,N/A,unreviewed,,,
TOYOTA,ZRE172R-GEXEGT BB,ZRE172R-GEXEGT BB,N/A,unreviewed,,,
TOYOTA,ZRE172R-GEXGGT A1,ZRE172R-GEXGGT A1,N/A,unreviewed,,,
TOYOTA,ZVW30R-AHXEBT  CB,ZVW30R-AHXEBT  CB,N/A,unreviewed,,,
TOYOTA,ZZE141R-GEMDKT A1,ZZE141R-GEMDKT A1,N/A,unreviewed,,,
TOYOTA,ZZE141R-GEPEKT C1,ZZE141R-GEPEKT C1,N/A,unreviewed,,,
TOYOTA,ZZE141R-GEPEKT D1,ZZE141R-GEPEKT D1,N/A,unreviewed,,,
TOYOTRON,TX-1,TX-1,N/A,unreviewed,,,
TOYOTRON,ZS1000DT-2,ZS1000DT-2,N/A,unreviewed,,,
TPM,SB1 3.0T,SB1 3.0T,N/A,unreviewed,,,
TPM,SB1 3.5T,SB1 3.5T,N/A,unreviewed,,,
TPM,SB1 4.5T,SB1 4.5T,N/A,unreviewed,,,
TPM,SB1 5.0T,SB1 5.0T,N/A,unreviewed,,,
TPM,SB1 5.5T,SB1 5.5T,N/A,unreviewed,,,
TPM,SB1 6.0T,SB1 6.0T,N/A,unreviewed,,,
TRACKLESS,MT7,MT7,N/A,unreviewed,,,
TREELETRIK,T-EXPRESS,T-EXPRESS,N/A,unreviewed,,,
TRHB,TRHB926-5,TRHB926-5,N/A,unreviewed,,,
TRHB,TRHB926H,TRHB926H,N/A,unreviewed,,,
TRIUMPH,BOBBER TFC,BOBBER TFC,N/A,unreviewed,,,
TRIUMPH,BONNEVILLE BOBBER,BONNEVILLE BOBBER,N/A,unreviewed,,,
TRIUMPH,BONNEVILLE BOBBER BLACK,BONNEVILLE BOBBER BLACK,N/A,unreviewed,,,
TRIUMPH,BONNEVILLE BOBBER TFC,BONNEVILLE BOBBER TFC,N/A,unreviewed,,,
TRIUMPH,BONNEVILLE SPEEDMASTER,BONNEVILLE SPEEDMASTER,N/A,unreviewed,,,
TRIUMPH,BONNEVILLE T100,BONNEVILLE T100,N/A,unreviewed,,,
TRIUMPH,BONNEVILLE T100 BLACK,BONNEVILLE T100 BLACK,N/A,unreviewed,,,
TRIUMPH,BONNEVILLE T100 BUD EKINS,BONNEVILLE T100 BUD EKINS,N/A,unreviewed,,,
TRIUMPH,BONNEVILLE T120,BONNEVILLE T120,N/A,unreviewed,,,
TRIUMPH,BONNEVILLE T120 ACE,BONNEVILLE T120 ACE,N/A,unreviewed,,,
TRIUMPH,BONNEVILLE T120 BLACK,BONNEVILLE T120 BLACK,N/A,unreviewed,,,
TRIUMPH,BONNEVILLE T120 BLACK DGR LE,BONNEVILLE T120 BLACK DGR LE,N/A,unreviewed,,,
TRIUMPH,BONNEVILLE T120 BUD EKINS,BONNEVILLE T120 BUD EKINS,N/A,unreviewed,,,
TRIUMPH,BONNEVILLE T120 DIAMOND,BONNEVILLE T120 DIAMOND,N/A,unreviewed,,,
TRIUMPH,DAYTONA 660,DAYTONA 660,N/A,unreviewed,,,
TRIUMPH,ROCKET 3 GT,ROCKET 3 GT,N/A,unreviewed,,,
TRIUMPH,ROCKET 3 R,ROCKET 3 R,N/A,unreviewed,,,
TRIUMPH,ROCKET 3 R BLACK,ROCKET 3 R BLACK,N/A,unreviewed,,,
TRIUMPH,ROCKET 3 STORM GT,ROCKET 3 STORM GT,N/A,unreviewed,,,
TRIUMPH,ROCKET 3 STORM R,ROCKET 3 STORM R,N/A,unreviewed,,,
TRIUMPH,ROCKET 3 TFC,ROCKET 3 TFC,N/A,unreviewed,,,
TRIUMPH,SCRAMBLER 1200 STEVE MCQUEEN,SCRAMBLER 1200 STEVE MCQUEEN,N/A,unreviewed,,,
TRIUMPH,SCRAMBLER 1200 X,SCRAMBLER 1200 X,N/A,unreviewed,,,
TRIUMPH,SCRAMBLER 1200 XC,SCRAMBLER 1200 XC,N/A,unreviewed,,,
TRIUMPH,SCRAMBLER 1200 XC SHOWCASE,SCRAMBLER 1200 XC SHOWCASE,N/A,unreviewed,,,
TRIUMPH,SCRAMBLER 1200 XE,SCRAMBLER 1200 XE,N/A,unreviewed,,,
TRIUMPH,SCRAMBLER 400 X,SCRAMBLER 400 X,N/A,unreviewed,,,
TRIUMPH,SCRAMBLER 400XC,SCRAMBLER 400XC,N/A,unreviewed,,,
TRIUMPH,SCRAMBLER 900,SCRAMBLER 900,N/A,unreviewed,,,
TRIUMPH,SPEED 400,SPEED 400,N/A,unreviewed,,,
TRIUMPH,SPEED TRIPLE 1200 RR,SPEED TRIPLE 1200 RR,N/A,unreviewed,,,
TRIUMPH,SPEED TRIPLE 1200 RS,SPEED TRIPLE 1200 RS,N/A,unreviewed,,,
TRIUMPH,SPEED TRIPLE 1200RR BREITLING,SPEED TRIPLE 1200RR BREITLING,N/A,unreviewed,,,
TRIUMPH,SPEED TWIN,SPEED TWIN,N/A,unreviewed,,,
TRIUMPH,SPEED TWIN 1200 RS,SPEED TWIN 1200 RS,N/A,unreviewed,,,
TRIUMPH,SPEED TWIN 900,SPEED TWIN 900,N/A,unreviewed,,,
TRIUMPH,SPEED TWIN BREITLING EDITION,SPEED TWIN BREITLING EDITION,N/A,unreviewed,,,
TRIUMPH,STREET SCRAMBLER,STREET SCRAMBLER,N/A,unreviewed,,,
TRIUMPH,STREET SCRAMBLERSANDSTORM,STREET SCRAMBLERSANDSTORM,N/A,unreviewed,,,
TRIUMPH,STREET TRIPLE 765 RX,STREET TRIPLE 765 RX,N/A,unreviewed,,,
TRIUMPH,STREET TRIPLE MOTO2 TM EDITION,STREET TRIPLE MOTO2 TM EDITION,N/A,unreviewed,,,
TRIUMPH,STREET TRIPLE R,STREET TRIPLE R,N/A,unreviewed,,,
TRIUMPH,STREET TRIPLE RS,STREET TRIPLE RS,N/A,unreviewed,,,
TRIUMPH,STREET TWIN,STREET TWIN,N/A,unreviewed,,,
TRIUMPH,STREET TWIN GOLDLINE,STREET TWIN GOLDLINE,N/A,unreviewed,,,
TRIUMPH,THRUXTON R,THRUXTON R,N/A,unreviewed,,,
TRIUMPH,THRUXTON RS,THRUXTON RS,N/A,unreviewed,,,
TRIUMPH,THRUXTON RS SHOWCASE,THRUXTON RS SHOWCASE,N/A,unreviewed,,,
TRIUMPH,TIGER 1200 RALLY EXPLORER,TIGER 1200 RALLY EXPLORER,N/A,unreviewed,,,
TRIUMPH,TIGER 1200 RALLY PRO,TIGER 1200 RALLY PRO,N/A,unreviewed,,,
TRIUMPH,TIGER 850 SPORT,TIGER 850 SPORT,N/A,unreviewed,,,
TRIUMPH,TIGER 900 ALPINE EDITION,TIGER 900 ALPINE EDITION,N/A,unreviewed,,,
TRIUMPH,TIGER 900 DESERT EDITION,TIGER 900 DESERT EDITION,N/A,unreviewed,,,
TRIUMPH,TIGER 900 GT,TIGER 900 GT,N/A,unreviewed,,,
TRIUMPH,TIGER 900 GT ARAGON EDITION,TIGER 900 GT ARAGON EDITION,N/A,unreviewed,,,
TRIUMPH,TIGER 900 GT PRO,TIGER 900 GT PRO,N/A,unreviewed,,,
TRIUMPH,TIGER 900 RALLY,TIGER 900 RALLY,N/A,unreviewed,,,
TRIUMPH,TIGER 900 RALLY ARAGON EDITION,TIGER 900 RALLY ARAGON EDITION,N/A,unreviewed,,,
TRIUMPH,TIGER 900 RALLY PRO,TIGER 900 RALLY PRO,N/A,unreviewed,,,
TRIUMPH,TIGER SPORT,TIGER SPORT,N/A,unreviewed,,,
TRIUMPH,TIGER SPORT 660,TIGER SPORT 660,N/A,unreviewed,,,
TRIUMPH,TIGER XCA,TIGER XCA,N/A,unreviewed,,,
TRIUMPH,TIGER XR,TIGER XR,N/A,unreviewed,,,
TRIUMPH,TIGER XRT,TIGER XRT,N/A,unreviewed,,,
TRIUMPH,TRIDENT,TRIDENT,N/A,unreviewed,,,
TRIUMPH,TRIDENT 660,TRIDENT 660,N/A,unreviewed,,,
TRIUMPH,TRIDENT 660 - TRIPLE TRIBUTE,TRIDENT 660 - TRIPLE TRIBUTE,N/A,unreviewed,,,
TUFT,TUV-4T,TUV-4T,N/A,unreviewed,,,
TUKTUK,SD,SD,N/A,unreviewed,,,
UD TRUCKS,CWE08N43R280CSS9,CWE08N43R280CSS9,N/A,unreviewed,,,
UD TRUCKS,CWE08N43R350CSS9,CWE08N43R350CSS9,N/A,unreviewed,,,
UD TRUCKS,CWE08N43R350SS9,CWE08N43R350SS9,N/A,unreviewed,,,
UD TRUCKS,CWE11N43R370CSS9,CWE11N43R370CSS9,N/A,unreviewed,,,
UD TRUCKS,CWE11N43R390SSI,CWE11N43R390SSI,N/A,unreviewed,,,
UD TRUCKS,CWE11N43R410CSSI,CWE11N43R410CSSI,N/A,unreviewed,,,
UD TRUCKS,PKE250CELRM,PKE250CELRM,N/A,unreviewed,,,
UD TRUCKS,PKE250CHLRA,PKE250CHLRA,N/A,unreviewed,,,
UD TRUCKS,PKE250CHLRM,PKE250CHLRM,N/A,unreviewed,,,
UD TRUCKS,PKE250ELRM,PKE250ELRM,N/A,unreviewed,,,
UD TRUCKS,PKE250HLRM,PKE250HLRM,N/A,unreviewed,,,
UNIVERSAL TRACTOR,LRS1016,LRS1016,N/A,unreviewed,,,
V-TWIN,REPLICA PANHEAD,REPLICA PANHEAD,N/A,unreviewed,,,
VESPA,946 150,946 150,N/A,unreviewed,,,
VESPA,946 150 IGET ABS,946 150 IGET ABS,N/A,unreviewed,,,
VESPA,GTS 150 3V IE,GTS 150 3V IE,N/A,unreviewed,,,
VESPA,GTS 150 IGET ABS,GTS 150 IGET ABS,N/A,unreviewed,,,
VESPA,GTS 300,GTS 300,N/A,unreviewed,,,
VESPA,GTS 300 ABS SUPER,GTS 300 ABS SUPER,N/A,unreviewed,,,
VESPA,GTS 300 CLASSIC HPE,GTS 300 CLASSIC HPE,N/A,unreviewed,,,
VESPA,GTS 300 SUPER,GTS 300 SUPER,N/A,unreviewed,,,
VESPA,GTS 300 SUPER SPORT HPE,GTS 300 SUPER SPORT HPE,N/A,unreviewed,,,
VESPA,GTS 300 SUPERTECH HPE,GTS 300 SUPERTECH HPE,N/A,unreviewed,,,
VESPA,GTS SUPERTECH 300 HPE,GTS SUPERTECH 300 HPE,N/A,unreviewed,,,
VESPA,GTV 300 HPE,GTV 300 HPE,N/A,unreviewed,,,
VESPA,GTV 300 HPE OFFICINA 8,GTV 300 HPE OFFICINA 8,N/A,unreviewed,,,
VESPA,LT 125 3V IE,LT 125 3V IE,N/A,unreviewed,,,
VESPA,LX  125 IE,LX  125 IE,N/A,unreviewed,,,
VESPA,LX 125 IGET,LX 125 IGET,N/A,unreviewed,,,
VESPA,LX 150,LX 150,N/A,unreviewed,,,
VESPA,LX  150 IE,LX  150 IE,N/A,unreviewed,,,
VESPA,LX 150 IGET ABS,LX 150 IGET ABS,N/A,unreviewed,,,
VESPA,LX125 3V IE,LX125 3V IE,N/A,unreviewed,,,
VESPA,LX125 3V IE IGET,LX125 3V IE IGET,N/A,unreviewed,,,
VESPA,LX150 3V IE,LX150 3V IE,N/A,unreviewed,,,
VESPA,LXV150 3V IE,LXV150 3V IE,N/A,unreviewed,,,
VESPA,PRIMAVERA 125 3V IE,PRIMAVERA 125 3V IE,N/A,unreviewed,,,
VESPA,PRIMAVERA 150 3V IE,PRIMAVERA 150 3V IE,N/A,unreviewed,,,
VESPA,PRIMAVERA 150 3V IE ABS,PRIMAVERA 150 3V IE ABS,N/A,unreviewed,,,
VESPA,PRIMAVERA 150 IGET ABS,PRIMAVERA 150 IGET ABS,N/A,unreviewed,,,
VESPA,PRIMAVERA 150 IGET ABS S,PRIMAVERA 150 IGET ABS S,N/A,unreviewed,,,
VESPA,PRIMAVERA 150 IGET ABSTFT,PRIMAVERA 150 IGET ABSTFT,N/A,unreviewed,,,
VESPA,PX 125,PX 125,N/A,unreviewed,,,
VESPA,S 125 IGET,S 125 IGET,N/A,unreviewed,,,
VESPA,S 150 IGET ABS,S 150 IGET ABS,N/A,unreviewed,,,
VESPA,S125 3V IE,S125 3V IE,N/A,unreviewed,,,
VESPA,S125 3V IE IGET,S125 3V IE IGET,N/A,unreviewed,,,
VESPA,S150 3V IE,S150 3V IE,N/A,unreviewed,,,
VESPA,SPRINT 125 3V IE,SPRINT 125 3V IE,N/A,unreviewed,,,
VESPA,SPRINT 125 3V IE ABS,SPRINT 125 3V IE ABS,N/A,unreviewed,,,
VESPA,SPRINT 125 IGET ABS,SPRINT 125 IGET ABS,N/A,unreviewed,,,
VESPA,SPRINT 150 3V IE,SPRINT 150 3V IE,N/A,unreviewed,,,
VESPA,SPRINT 150 3V IE ABS,SPRINT 150 3V IE ABS,N/A,unreviewed,,,
VESPA,SPRINT 150 IGET ABS,SPRINT 150 IGET ABS,N/A,unreviewed,,,
VESPA,SPRINT 150 IGET ABS S,SPRINT 150 IGET ABS S,N/A,unreviewed,,,
VESPA,SPRINT 150 IGET ABS TFT,SPRINT 150 IGET ABS TFT,N/A,unreviewed,,,
VESPA,SPRINT 150 IGET OFFICINA8,SPRINT 150 IGET OFFICINA8,N/A,unreviewed,,,
VESPA,SPRINT TECH 150,SPRINT TECH 150,N/A,unreviewed,,,
VIAUTO,BOMA,BOMA,N/A,unreviewed,,,
VICTORY,ARLEN VISION TOUR,ARLEN VISION TOUR,N/A,unreviewed,,,
VICTORY,CROSS,CROSS,N/A,unreviewed,,,
VICTORY,HAMMER,HAMMER,N/A,unreviewed,,,
VICTORY,VEGAS 8-BALL,VEGAS 8-BALL,N/A,unreviewed,,,
VIVACE,YG 100-7,YG 100-7,N/A,unreviewed,,,
VMORTOR,ZF2000D-A,ZF2000D-A,N/A,unreviewed,,,
VMOTO,CITI,CITI,N/A,unreviewed,,,
VOGELE,08.83/SUPER 1603-2,08.83/SUPER 1603-2,N/A,unreviewed,,,
VOGELE,08.83/SUPER 1803-2,08.83/SUPER 1803-2,N/A,unreviewed,,,
VOGELE,082/SUPER 1800-1,082/SUPER 1800-1,N/A,unreviewed,,,
VOGELE,09.11/S1303-2,09.11/S1303-2,N/A,unreviewed,,,
VOGELE,09.11/SUPER 1303-2,09.11/SUPER 1303-2,N/A,unreviewed,,,
VOGELE,11.82/SUPER 1800-2,11.82/SUPER 1800-2,N/A,unreviewed,,,
VOGELE,1704-4WD,1704-4WD,N/A,unreviewed,,,
VOGELE,1800-2,1800-2,N/A,unreviewed,,,
VOGELE,6-69/SUPER 1804,6-69/SUPER 1804,N/A,unreviewed,,,
VOGELE,6-83,6-83,N/A,unreviewed,,,
VOGELE,S1600,S1600,N/A,unreviewed,,,
VOGELE,S1603-2,S1603-2,N/A,unreviewed,,,
VOGELE,S1800-2,S1800-2,N/A,unreviewed,,,
VOGELE,S1800-3/AB600-3TV,S1800-3/AB600-3TV,N/A,unreviewed,,,
VOGELE,S1803-2,S1803-2,N/A,unreviewed,,,
VOGELE,S1880L,S1880L,N/A,unreviewed,,,
VOGELE,S1900,S1900,N/A,unreviewed,,,
VOGELE,SUPER 1303,SUPER 1303,N/A,unreviewed,,,
VOGELE,SUPER 1600,SUPER 1600,N/A,unreviewed,,,
VOGELE,SUPER 1600-3I,SUPER 1600-3i,N/A,unreviewed,,,
VOGELE,SUPER 1603-1,SUPER 1603-1,N/A,unreviewed,,,
VOGELE,SUPER 1603-2,SUPER 1603-2,N/A,unreviewed,,,
VOGELE,SUPER 1603-3,SUPER 1603-3,N/A,unreviewed,,,
VOGELE,SUPER 1800,SUPER 1800,N/A,unreviewed,,,
VOGELE,SUPER 1800-3,SUPER 1800-3,N/A,unreviewed,,,
VOGELE,SUPER 1803-1,SUPER 1803-1,N/A,unreviewed,,,
VOGELE,SUPER 1803-2,SUPER 1803-2,N/A,unreviewed,,,
VOGELE,SUPER 1803-3,SUPER 1803-3,N/A,unreviewed,,,
VOGELE,SUPER 1900,SUPER 1900,N/A,unreviewed,,,
VOGELE,SUPER 1903,SUPER 1903,N/A,unreviewed,,,
VOGELE,SUPER1600-1,SUPER1600-1,N/A,unreviewed,,,
VOGELE,SUPER1600-3,SUPER1600-3,N/A,unreviewed,,,
VOGELE,SUPER1603-1,SUPER1603-1,N/A,unreviewed,,,
VOGELE,SUPER1800-1,SUPER1800-1,N/A,unreviewed,,,
VOGELE,SUPER1800-2,SUPER1800-2,N/A,unreviewed,,,
VOGELE,SUPER1800-3,SUPER1800-3,N/A,unreviewed,,,
VOGELE,SUPER1803-2,SUPER1803-2,N/A,unreviewed,,,
VOGELE,SUPER1803-3,SUPER1803-3,N/A,unreviewed,,,
VOLKAN,M32K,M32K,N/A,unreviewed,,,
VOLKSWAGEN,BEETLE 1.4 TSI,BEETLE 1.4 TSI,N/A,unreviewed,,,
VOLKSWAGEN,BEETLE 1.4 TSI DSG COUPE,BEETLE 1.4 TSI DSG COUPE,N/A,unreviewed,,,
VOLKSWAGEN,BEETLE 1.4L,BEETLE 1.4L,N/A,unreviewed,,,
VOLKSWAGEN,BEETLE CABRIOLET DSG,BEETLE CABRIOLET DSG,N/A,unreviewed,,,
VOLKSWAGEN,CADDY MAXI 1.5 TSI,CADDY MAXI 1.5 TSI,N/A,unreviewed,,,
VOLKSWAGEN,CARAVELLE,CARAVELLE,N/A,unreviewed,,,
VOLKSWAGEN,CARAVELLE 2.0 BI TDI,CARAVELLE 2.0 BI TDI,N/A,unreviewed,,,
VOLKSWAGEN,CARAVELLE 2.0 L,CARAVELLE 2.0 L,N/A,unreviewed,,,
VOLKSWAGEN,CARAVELLE 2.0 TDI SWB,CARAVELLE 2.0 TDI SWB,N/A,unreviewed,,,
VOLKSWAGEN,CARAVELLE COMFORTLINE 2,CARAVELLE COMFORTLINE 2,N/A,unreviewed,,,
VOLKSWAGEN,CARAVELLE COMFORTLINE2.0L,CARAVELLE COMFORTLINE2.0L,N/A,unreviewed,,,
VOLKSWAGEN,CARAVELLE MINORCHANGE 2,CARAVELLE MINORCHANGE 2,N/A,unreviewed,,,
VOLKSWAGEN,CARAVELLE T69 2.0 L,CARAVELLE T69 2.0 L,N/A,unreviewed,,,
VOLKSWAGEN,CARAVELLE TOURING 2.0 L,CARAVELLE TOURING 2.0 L,N/A,unreviewed,,,
VOLKSWAGEN,GOLF ESTATE 8 2.0 TDI,GOLF ESTATE 8 2.0 TDI,N/A,unreviewed,,,
VOLKSWAGEN,GOLF ESTATE LIFE 2.0 TDI,GOLF ESTATE LIFE 2.0 TDI,N/A,unreviewed,,,
VOLKSWAGEN,GOLF GTI,GOLF GTI,N/A,unreviewed,,,
VOLKSWAGEN,GOLF GTI CLUBSPORT,GOLF GTI CLUBSPORT,N/A,unreviewed,,,
VOLKSWAGEN,GOLF GTI CLUBSPORT S,GOLF GTI CLUBSPORT S,N/A,unreviewed,,,
VOLKSWAGEN,GOLF R,GOLF R,N/A,unreviewed,,,
VOLKSWAGEN,GOLF R 2.0 TSI,GOLF R 2.0 TSI,N/A,unreviewed,,,
VOLKSWAGEN,ID 3 PRO S,ID 3 PRO S,N/A,unreviewed,,,
VOLKSWAGEN,ID BUZZ,ID BUZZ,N/A,unreviewed,,,
VOLKSWAGEN,ID BUZZ 1ST EDITION,ID BUZZ 1st EDITION,N/A,unreviewed,,,
VOLKSWAGEN,ID BUZZ FIRST EDITION,ID BUZZ FIRST EDITION,N/A,unreviewed,,,
VOLKSWAGEN,ID BUZZ STYLE SWB PRO,ID BUZZ STYLE SWB PRO,N/A,unreviewed,,,
VOLKSWAGEN,ID.3 TOURER PRO S,ID.3 TOURER PRO S,N/A,unreviewed,,,
VOLKSWAGEN,ID4 CROZZ PURE PLUS,ID4 CROZZ PURE PLUS,N/A,unreviewed,,,
VOLKSWAGEN,KARMANNGHIA,KARMANNGHIA,N/A,unreviewed,,,
VOLKSWAGEN,MULTIVAN 2.0 BI TDI,MULTIVAN 2.0 BI TDI,N/A,unreviewed,,,
VOLKSWAGEN,MULTIVAN STYLE,MULTIVAN STYLE,N/A,unreviewed,,,
VOLKSWAGEN,PASSAT ESTATE 2.0 TDI,PASSAT ESTATE 2.0 TDI,N/A,unreviewed,,,
VOLKSWAGEN,SCIROCCO 2.0 TSI,SCIROCCO 2.0 TSI,N/A,unreviewed,,,
VOLKSWAGEN,T-CROSS STYLE 1.0 TSI,T-CROSS STYLE 1.0 TSI,N/A,unreviewed,,,
VOLKSWAGEN,T-ROC LIFE 1.0 TSI,T-ROC LIFE 1.0 TSI,N/A,unreviewed,,,
VOLKSWAGEN,T-ROC STYLE 1.5 TSI,T-ROC STYLE 1.5 TSI,N/A,unreviewed,,,
VOLKSWAGEN,T6,T6,N/A,unreviewed,,,
VOLKSWAGEN,TIGUAN ALLSPACE ESTATE 1.5 TSI,TIGUAN ALLSPACE ESTATE 1.5 TSI,N/A,unreviewed,,,
VOLKSWAGEN,TIGUAN LIFE 2.0 TDI,TIGUAN LIFE 2.0 TDI,N/A,unreviewed,,,
VOLKSWAGEN,TOUAREG 3.0 TDI V6 R LINE TECH,TOUAREG 3.0 TDI V6 R LINE TECH,N/A,unreviewed,,,
VOLKSWAGEN,TOUAREG R 3.0 E-HYBRID,TOUAREG R 3.0 E-HYBRID,N/A,unreviewed,,,
VOLKSWAGEN,TOURAN MATCH ESTATE 1.5 TSI,TOURAN MATCH ESTATE 1.5 TSI,N/A,unreviewed,,,
VOLKSWAGEN,TRANSPORTER,TRANSPORTER,N/A,unreviewed,,,
VOLKSWAGEN,TRANSPORTER 6.1 PANEL VAN,TRANSPORTER 6.1 PANEL VAN,N/A,unreviewed,,,
VOLKSWAGEN,TRANSPORTER(CARAVELLE)RHD 2.0,TRANSPORTER(CARAVELLE)RHD 2.0,N/A,unreviewed,,,
VOLKSWAGEN,VW E LAVIDA,VW E LAVIDA,N/A,unreviewed,,,
VOLKSWAGEN,คาราเวล,คาราเวล,N/A,unreviewed,,,
VOLT,VOLT FOR FOUR,VOLT FOR FOUR,N/A,unreviewed,,,
VOLT,VOLT FOR TWO,VOLT FOR TWO,N/A,unreviewed,,,
VOLVO,264GL,264GL,N/A,unreviewed,,,
VOLVO,264GLE,264GLE,N/A,unreviewed,,,
VOLVO,C40,C40,N/A,unreviewed,,,
VOLVO,CR30,CR30,N/A,unreviewed,,,
VOLVO,DD100,DD100,N/A,unreviewed,,,
VOLVO,EC 201B,EC 201B,N/A,unreviewed,,,
VOLVO,EC 210B,EC 210B,N/A,unreviewed,,,
VOLVO,EC 210B PRIME,EC 210B PRIME,N/A,unreviewed,,,
VOLVO,EC140BLC,EC140BLC,N/A,unreviewed,,,
VOLVO,EC140DL,EC140DL,N/A,unreviewed,,,
VOLVO,EC200D,EC200D,N/A,unreviewed,,,
VOLVO,EC210B PRIME,EC210B PRIME,N/A,unreviewed,,,
VOLVO,EC210BLC,EC210BLC,N/A,unreviewed,,,
VOLVO,EC210BLR,EC210BLR,N/A,unreviewed,,,
VOLVO,EC210D,EC210D,N/A,unreviewed,,,
VOLVO,EC210DL,EC210DL,N/A,unreviewed,,,
VOLVO,EC210DLR,EC210DLR,N/A,unreviewed,,,
VOLVO,EC210F3,EC210F3,N/A,unreviewed,,,
VOLVO,EC220DL,EC220DL,N/A,unreviewed,,,
VOLVO,EC300DL,EC300DL,N/A,unreviewed,,,
VOLVO,EC300DLR,EC300DLR,N/A,unreviewed,,,
VOLVO,EC300FLR3,EC300FLR3,N/A,unreviewed,,,
VOLVO,EC350DL,EC350DL,N/A,unreviewed,,,
VOLVO,EC360BLC,EC360BLC,N/A,unreviewed,,,
VOLVO,EC380DL,EC380DL,N/A,unreviewed,,,
VOLVO,EC40,EC40,N/A,unreviewed,,,
VOLVO,EC480DL,EC480DL,N/A,unreviewed,,,
VOLVO,EC55B,EC55B,N/A,unreviewed,,,
VOLVO,EC55B PRO,EC55B PRO,N/A,unreviewed,,,
VOLVO,EC55D,EC55D,N/A,unreviewed,,,
VOLVO,EC55PRO,EC55PRO,N/A,unreviewed,,,
VOLVO,EC750DL,EC750DL,N/A,unreviewed,,,
VOLVO,ES90,ES90,N/A,unreviewed,,,
VOLVO,EW145B,EW145B,N/A,unreviewed,,,
VOLVO,EW205D,EW205D,N/A,unreviewed,,,
VOLVO,EX30,EX30,N/A,unreviewed,,,
VOLVO,EX30 ULTRA SINGLE MOTOR,EX30,N/A,unreviewed,,,
VOLVO,EX40,EX40,N/A,unreviewed,,,
VOLVO,EX90,EX90,N/A,unreviewed,,,
VOLVO,FM1164R49370AASI-TH,FM1164R49370AASI-TH,N/A,unreviewed,,,
VOLVO,FM1342R49400ALSI-TH,FM1342R49400ALSI-TH,N/A,unreviewed,,,
VOLVO,FM1342R49420CLSI,FM1342R49420CLSI,N/A,unreviewed,,,
VOLVO,FM1342R52420CLSI (EURO 5) CBU,FM1342R52420CLSI (EURO 5) CBU,N/A,unreviewed,,,
VOLVO,FM1364R49420CLSI-TH,FM1364R49420CLSI-TH,N/A,unreviewed,,,
VOLVO,FM1364R52,FM1364R52,N/A,unreviewed,,,
VOLVO,FM1364R52420CLSI,FM1364R52420CLSI,N/A,unreviewed,,,
VOLVO,FMX1364R56420CLHI,FMX1364R56420CLHI,N/A,unreviewed,,,
VOLVO,FMX1364R56480ALHI-TH,FMX1364R56480ALHI-TH,N/A,unreviewed,,,
VOLVO,L120F,L120F,N/A,unreviewed,,,
VOLVO,L60F,L60F,N/A,unreviewed,,,
VOLVO,L70F,L70F,N/A,unreviewed,,,
VOLVO,P4370B,P4370B,N/A,unreviewed,,,
VOLVO,P6820D,P6820D,N/A,unreviewed,,,
VOLVO,P6870C,P6870C,N/A,unreviewed,,,
VOLVO,P7820D,P7820D,N/A,unreviewed,,,
VOLVO,PANTHER 8X8,PANTHER 8X8,N/A,unreviewed,,,
VOLVO,PT220,PT220,N/A,unreviewed,,,
VOLVO,S60,S60,N/A,unreviewed,,,
VOLVO,S60 T5,S60 T5,N/A,unreviewed,,,
VOLVO,S90,S90,N/A,unreviewed,,,
VOLVO,S90L,S90L,N/A,unreviewed,,,
VOLVO,SD 100D C SERIES,SD 100D C SERIES,N/A,unreviewed,,,
VOLVO,SD110,SD110,N/A,unreviewed,,,
VOLVO,SD110B,SD110B,N/A,unreviewed,,,
VOLVO,SD116D 84,SD116D 84,N/A,unreviewed,,,
VOLVO,SD120C,SD120C,N/A,unreviewed,,,
VOLVO,V40,V40,N/A,unreviewed,,,
VOLVO,V50 2.0,V50 2.0,N/A,unreviewed,,,
VOLVO,V60,V60,N/A,unreviewed,,,
VOLVO,V90,V90,N/A,unreviewed,,,
VOLVO,VOLKAN M24,VOLKAN M24,N/A,unreviewed,,,
VOLVO,XC40,XC40,N/A,unreviewed,,,
VOLVO,XC40 RECHARGE,XC40,N/A,unreviewed,,,
VOLVO,XC60,XC60,N/A,unreviewed,,,
VOLVO,XC60 D4,XC60 D4,N/A,unreviewed,,,
VOLVO,XC90,XC90,N/A,unreviewed,,,
VPL,VPL200M,VPL200M,N/A,unreviewed,,,
VPL,VPL26R,VPL26R,N/A,unreviewed,,,
WACKER NEUSON,EZ28,EZ28,N/A,unreviewed,,,
WATANABE,WP15,WP15,N/A,unreviewed,,,
WATANABE,WP15-WE,WP15-WE,N/A,unreviewed,,,
WATANABE,WP20,WP20,N/A,unreviewed,,,
WATANABE,WP902,WP902,N/A,unreviewed,,,
WEIAO BOMA,STANDARD,STANDARD,N/A,unreviewed,,,
WEICHAI LOVOL,EURO TP,EURO TP,N/A,unreviewed,,,
WEICHAI LOVOL,FD160,FD160,N/A,unreviewed,,,
WEICHAI LOVOL,FL958H,FL958H,N/A,unreviewed,,,
WEICHAI LOVOL,FLB468,FLB468,N/A,unreviewed,,,
WEICHAI LOVOL,FP130W,FP130W,N/A,unreviewed,,,
WEICHAI LOVOL,FP160W,FP160W,N/A,unreviewed,,,
WEICHAI LOVOL,FR215E2,FR215E2,N/A,unreviewed,,,
WEICHAI LOVOL,FR220D2,FR220D2,N/A,unreviewed,,,
WEICHAI LOVOL,FR245E2,FR245E2,N/A,unreviewed,,,
WEICHAI LOVOL,FR315F,FR315F,N/A,unreviewed,,,
WEICHAI LOVOL,FW160F,FW160F,N/A,unreviewed,,,
WEICHAI LOVOL,FY12S,FY12S,N/A,unreviewed,,,
WEICHAI LOVOL,P4000,P4000,N/A,unreviewed,,,
WEICHAI LOVOL,P4100,P4100,N/A,unreviewed,,,
WEIFANG HENGHAO,1004,1004,N/A,unreviewed,,,
WELTMEISTER,EX5Z FUN,EX5Z FUN,N/A,unreviewed,,,
WELTMEISTER,EX5Z PRO,EX5Z PRO,N/A,unreviewed,,,
WELTMEISTER,EX6 NEXT,EX6 NEXT,N/A,unreviewed,,,
WIRTGEN,1000C,1000C,N/A,unreviewed,,,
WIRTGEN,2000DC,2000DC,N/A,unreviewed,,,
WIRTGEN,2100DC,2100DC,N/A,unreviewed,,,
WIRTGEN,4500RX,4500RX,N/A,unreviewed,,,
WIRTGEN,HM 4500,HM 4500,N/A,unreviewed,,,
WIRTGEN,HM4500,HM4500,N/A,unreviewed,,,
WIRTGEN,RX4500,RX4500,N/A,unreviewed,,,
WIRTGEN,SP 64,SP 64,N/A,unreviewed,,,
WIRTGEN,SP15,SP15,N/A,unreviewed,,,
WIRTGEN,W1000F,W1000F,N/A,unreviewed,,,
WIRTGEN,W120F,W120F,N/A,unreviewed,,,
WIRTGEN,W185CF,W185CF,N/A,unreviewed,,,
WIRTGEN,W1900,W1900,N/A,unreviewed,,,
WIRTGEN,W195,W195,N/A,unreviewed,,,
WIRTGEN,W200,W200,N/A,unreviewed,,,
WIRTGEN,W2000,W2000,N/A,unreviewed,,,
WIRTGEN,W200P,W200P,N/A,unreviewed,,,
WIRTGEN,W200XP,W200XP,N/A,unreviewed,,,
WIRTGEN,W210,W210,N/A,unreviewed,,,
WIRTGEN,W2100,W2100,N/A,unreviewed,,,
WIRTGEN,W210I,W210I,N/A,unreviewed,,,
WIRTGEN,W220,W220,N/A,unreviewed,,,
WIRTGEN,W2200,W2200,N/A,unreviewed,,,
WIRTGEN,W240CR,W240CR,N/A,unreviewed,,,
WIRTGEN,W250I,W250I,N/A,unreviewed,,,
WIRTGEN,W50DC,W50DC,N/A,unreviewed,,,
WIRTGEN,W50R,W50R,N/A,unreviewed,,,
WIRTGEN,W55H,W55H,N/A,unreviewed,,,
WIRTGEN,WR 240 X,WR 240 X,N/A,unreviewed,,,
WIRTGEN,WR2000,WR2000,N/A,unreviewed,,,
WIRTGEN,WR2000XL,WR2000XL,N/A,unreviewed,,,
WIRTGEN,WR2400,WR2400,N/A,unreviewed,,,
WIRTGEN,WR240I,WR240I,N/A,unreviewed,,,
WIRTGEN,WR250,WR250,N/A,unreviewed,,,
WIRTGEN,WR2500,WR2500,N/A,unreviewed,,,
WIRTGEN,WR2500S,WR2500S,N/A,unreviewed,,,
WIRTGEN,WR2500SK,WR2500SK,N/A,unreviewed,,,
WISKING,003 EV DISABLED,003 EV DISABLED,N/A,unreviewed,,,
WORLD,105HP,105HP,N/A,unreviewed,,,
WORLD,110HP,110HP,N/A,unreviewed,,,
WORLD,115HP,115HP,N/A,unreviewed,,,
WORLD,145HP,145HP,N/A,unreviewed,,,
WORLD,45HP,45HP,N/A,unreviewed,,,
WORLD,4GD-1,4GD-1,N/A,unreviewed,,,
WORLD,4LZ-6.0F,4LZ-6.0F,N/A,unreviewed,,,
WORLD,4LZ-6.0P,4LZ-6.0P,N/A,unreviewed,,,
WORLD,50HP,50HP,N/A,unreviewed,,,
WORLD,70HP,70HP,N/A,unreviewed,,,
WORLD,90HP,90HP,N/A,unreviewed,,,
WORLD,FM 102,FM 102,N/A,unreviewed,,,
WORLD,W120,W120,N/A,unreviewed,,,
WORLD,W156,W156,N/A,unreviewed,,,
WORLD,WD105PLUS,WD105PLUS,N/A,unreviewed,,,
WORLD,WD1104M,WD1104M,N/A,unreviewed,,,
WORLD,WD115PRO,WD115PRO,N/A,unreviewed,,,
WORLD,WD454,WD454,N/A,unreviewed,,,
WORLD,WD504K,WD504K,N/A,unreviewed,,,
WORLD,WD704,WD704,N/A,unreviewed,,,
WORLD,WD704F,WD704F,N/A,unreviewed,,,
WORLD,WD90,WD90,N/A,unreviewed,,,
WULING,AIR EV LR,Air EV,N/A,unreviewed,,,
WULING,AIR EV SR,Air EV,N/A,unreviewed,,,
WULING,BINGOU SRD,Bingou,N/A,unreviewed,,,
WULING,BINGOU SRDTH CCS2,Bingou,N/A,unreviewed,,,
WULING,BINGUO SRD,Bingou,N/A,unreviewed,,,
WULING,BINGUO SRDTH,Bingou,N/A,unreviewed,,,
WULING,E10,E10,N/A,unreviewed,,,
WULING,GXA5032XXYEV,GXA5032XXYEV,N/A,unreviewed,,,
WULING,HONGGUANG,HONGGUANG,N/A,unreviewed,,,
WULING,MULIN MINI,MULIN MINI,N/A,unreviewed,,,
WULING,WULING MINI,WULING MINI,N/A,unreviewed,,,
WUZHENG,MD704,MD704,N/A,unreviewed,,,
XCMG,3Y153J,3Y153J,N/A,unreviewed,,,
XCMG,GR1605,GR1605,N/A,unreviewed,,,
XCMG,GR2003,GR2003,N/A,unreviewed,,,
XCMG,GR2205,GR2205,N/A,unreviewed,,,
XCMG,GR2205T,GR2205T,N/A,unreviewed,,,
XCMG,LW 220K,LW 220K,N/A,unreviewed,,,
XCMG,LW 280,LW 280,N/A,unreviewed,,,
XCMG,LW 330K,LW 330K,N/A,unreviewed,,,
XCMG,LW 550K,LW 550K,N/A,unreviewed,,,
XCMG,LW 660K,LW 660K,N/A,unreviewed,,,
XCMG,LW150FV,LW150FV,N/A,unreviewed,,,
XCMG,LW156FV,LW156FV,N/A,unreviewed,,,
XCMG,LW160FV,LW160FV,N/A,unreviewed,,,
XCMG,LW180K,LW180K,N/A,unreviewed,,,
XCMG,LW186FV,LW186FV,N/A,unreviewed,,,
XCMG,LW200K,LW200K,N/A,unreviewed,,,
XCMG,LW220K,LW220K,N/A,unreviewed,,,
XCMG,LW300FN,LW300FN,N/A,unreviewed,,,
XCMG,LW300KN,LW300KN,N/A,unreviewed,,,
XCMG,LW330K,LW330K,N/A,unreviewed,,,
XCMG,LW550FN,LW550FN,N/A,unreviewed,,,
XCMG,LW550K,LW550K,N/A,unreviewed,,,
XCMG,LW660K,LW660K,N/A,unreviewed,,,
XCMG,QUY50,QUY50,N/A,unreviewed,,,
XCMG,TY160,TY160,N/A,unreviewed,,,
XCMG,TY230,TY230,N/A,unreviewed,,,
XCMG,XC750K,XC750K,N/A,unreviewed,,,
XCMG,XC760K,XC760K,N/A,unreviewed,,,
XCMG,XC870K,XC870K,N/A,unreviewed,,,
XCMG,XC936,XC936,N/A,unreviewed,,,
XCMG,XC938TH,XC938TH,N/A,unreviewed,,,
XCMG,XC948TH,XC948TH,N/A,unreviewed,,,
XCMG,XC958-EV,XC958-EV,N/A,unreviewed,,,
XCMG,XC958EV,XC958EV,N/A,unreviewed,,,
XCMG,XC958TH,XC958TH,N/A,unreviewed,,,
XCMG,XC968,XC968,N/A,unreviewed,,,
XCMG,XC968TH,XC968TH,N/A,unreviewed,,,
XCMG,XD103,XD103,N/A,unreviewed,,,
XCMG,XE135B,XE135B,N/A,unreviewed,,,
XCMG,XE135C,XE135C,N/A,unreviewed,,,
XCMG,XE150WB,XE150WB,N/A,unreviewed,,,
XCMG,XE150WD,XE150WD,N/A,unreviewed,,,
XCMG,XE15U,XE15U,N/A,unreviewed,,,
XCMG,XE205D,XE205D,N/A,unreviewed,,,
XCMG,XE210WB,XE210WB,N/A,unreviewed,,,
XCMG,XE215C,XE215C,N/A,unreviewed,,,
XCMG,XE215CLL,XE215CLL,N/A,unreviewed,,,
XCMG,XE215CT,XE215CT,N/A,unreviewed,,,
XCMG,XE215G,XE215G,N/A,unreviewed,,,
XCMG,XE235C,XE235C,N/A,unreviewed,,,
XCMG,XE240ELL,XE240ELL,N/A,unreviewed,,,
XCMG,XE260CLL,XE260CLL,N/A,unreviewed,,,
XCMG,XE300DP,XE300DP,N/A,unreviewed,,,
XCMG,XE305D,XE305D,N/A,unreviewed,,,
XCMG,XE35U,XE35U,N/A,unreviewed,,,
XCMG,XE370CA,XE370CA,N/A,unreviewed,,,
XCMG,XE400DK,XE400DK,N/A,unreviewed,,,
XCMG,XE400DP,XE400DP,N/A,unreviewed,,,
XCMG,XE490D,XE490D,N/A,unreviewed,,,
XCMG,XE55DA,XE55DA,N/A,unreviewed,,,
XCMG,XE60,XE60,N/A,unreviewed,,,
XCMG,XE60CA,XE60CA,N/A,unreviewed,,,
XCMG,XE60CB,XE60CB,N/A,unreviewed,,,
XCMG,XE60DA,XE60DA,N/A,unreviewed,,,
XCMG,XE60G,XE60G,N/A,unreviewed,,,
XCMG,XE60G PRO,XE60G PRO,N/A,unreviewed,,,
XCMG,XE60GA,XE60GA,N/A,unreviewed,,,
XCMG,XE60WD,XE60WD,N/A,unreviewed,,,
XCMG,XE700C,XE700C,N/A,unreviewed,,,
XCMG,XE75DA,XE75DA,N/A,unreviewed,,,
XCMG,XE75SL,XE75SL,N/A,unreviewed,,,
XCMG,XG600E,XG600E,N/A,unreviewed,,,
XCMG,XGC55,XGC55,N/A,unreviewed,,,
XCMG,XH233J,XH233J,N/A,unreviewed,,,
XCMG,XH283J,XH283J,N/A,unreviewed,,,
XCMG,XLZ2303,XLZ2303,N/A,unreviewed,,,
XCMG,XLZ2303K,XLZ2303K,N/A,unreviewed,,,
XCMG,XLZ2305S,XLZ2305S,N/A,unreviewed,,,
XCMG,XM1305K,XM1305K,N/A,unreviewed,,,
XCMG,XM2005K,XM2005K,N/A,unreviewed,,,
XCMG,XMR403,XMR403,N/A,unreviewed,,,
XCMG,XP163,XP163,N/A,unreviewed,,,
XCMG,XR240E,XR240E,N/A,unreviewed,,,
XCMG,XS113,XS113,N/A,unreviewed,,,
XCMG,XS113E,XS113E,N/A,unreviewed,,,
XCMG,XS113EPD,XS113EPD,N/A,unreviewed,,,
XCMG,XS113PD,XS113PD,N/A,unreviewed,,,
XCMG,XS122E,XS122E,N/A,unreviewed,,,
XCMG,XS123,XS123,N/A,unreviewed,,,
XCMG,XS123H,XS123H,N/A,unreviewed,,,
XCMG,XS123PD,XS123PD,N/A,unreviewed,,,
XCMG,XS142J,XS142J,N/A,unreviewed,,,
XCMG,XS203,XS203,N/A,unreviewed,,,
XCMG,XS203J,XS203J,N/A,unreviewed,,,
XCMG,XS203PD,XS203PD,N/A,unreviewed,,,
XCMG,XS205,XS205,N/A,unreviewed,,,
XCMG,XS263,XS263,N/A,unreviewed,,,
XCMG,XS263S,XS263S,N/A,unreviewed,,,
XCMG,XS263T,XS263T,N/A,unreviewed,,,
XCMG,XS265,XS265,N/A,unreviewed,,,
XCMG,XS265S,XS265S,N/A,unreviewed,,,
XCMG,XS265SPD,XS265SPD,N/A,unreviewed,,,
XCMG,XZ120E,XZ120E,N/A,unreviewed,,,
XCMG,XZ200,XZ200,N/A,unreviewed,,,
XCMG,XZ2200,XZ2200,N/A,unreviewed,,,
XCMG,XZ230E,XZ230E,N/A,unreviewed,,,
XCMG,XZ360E,XZ360E,N/A,unreviewed,,,
XCMG,XZ360EPLUS,XZ360EPLUS,N/A,unreviewed,,,
XCMG,XZ450 PLUS,XZ450 PLUS,N/A,unreviewed,,,
XCMG,ZL 50G,ZL 50G,N/A,unreviewed,,,
XCMG,ZL50G,ZL50G,N/A,unreviewed,,,
XCMG,ZL50GN,ZL50GN,N/A,unreviewed,,,
XEV,YOYO PLUS,YOYO PLUS,N/A,unreviewed,,,
XEV,YOYO PRO,YOYO PRO,N/A,unreviewed,,,
XGMA,XG6121,XG6121,N/A,unreviewed,,,
XGMA,XG821,XG821,N/A,unreviewed,,,
XGMA,XG916H,XG916H,N/A,unreviewed,,,
XGMA,XG916N-L,XG916N-L,N/A,unreviewed,,,
XGMA,XG918N,XG918N,N/A,unreviewed,,,
XGMA,XG920N-L,XG920N-L,N/A,unreviewed,,,
XGMA,XG925H,XG925H,N/A,unreviewed,,,
XGMA,XG935H,XG935H,N/A,unreviewed,,,
XGMA,XG935III,XG935III,N/A,unreviewed,,,
XGMA,XG958H,XG958H,N/A,unreviewed,,,
XIAO DAO,MEW,MEW,N/A,unreviewed,,,
XIAO DAO,REN S+,REN S+,N/A,unreviewed,,,
XIAO DAO,SLICE,SLICE,N/A,unreviewed,,,
XIAO DAO,VINSK,VINSK,N/A,unreviewed,,,
XIAOMI,SU7 MAX,SU7 MAX,N/A,unreviewed,,,
XINYUAN,XY75W-8,XY75W-8,N/A,unreviewed,,,
XINYUAN,XYB70SWTJ,XYB70SWTJ,N/A,unreviewed,,,
XINYUAN,XYB75W-9TJ,XYB75W-9TJ,N/A,unreviewed,,,
XINYUAN,XYC130WTJ,XYC130WTJ,N/A,unreviewed,,,
XPENG,G6 AWD PERFORMANCE,G6,N/A,unreviewed,,,
XPENG,G6 LONG RANGE,G6,N/A,unreviewed,,,
XPENG,G6 RWD LONG RANGE,G6,N/A,unreviewed,,,
XPENG,G6 RWD STANDARD RANGE,G6,N/A,unreviewed,,,
XPENG,G6 STANDARD RANGE,G6,N/A,unreviewed,,,
XPENG,X9 AWD LONG RANGE,X9,N/A,unreviewed,,,
XPENG,X9 FWD LONG RANGE,X9,N/A,unreviewed,,,
XPENG,X9 FWD STANDARD RANGE,X9,N/A,unreviewed,,,
XPENG,X9 LONG RANGE,X9,N/A,unreviewed,,,
XPENG,X9 LONG RANGE(EXECUTIVE),X9,N/A,unreviewed,,,
XPENG,X9 LONG RANGE(LUXURY),X9,N/A,unreviewed,,,
XPENG,X9 STANDARD RANGE,X9,N/A,unreviewed,,,
YADEA,GS70,GS70,N/A,unreviewed,,,
YADEA,ODORA PRO,ODORA PRO,N/A,unreviewed,,,
YADEA,S3 PRO,S3 PRO,N/A,unreviewed,,,
YADEA,X5,X5,N/A,unreviewed,,,
YADEA,YADEA ORLA,YADEA ORLA,N/A,unreviewed,,,
YADEA,YADEA RS20,YADEA RS20,N/A,unreviewed,,,
YADEA,YADEA RS20-P,YADEA RS20-P,N/A,unreviewed,,,
YADEA,YADEA VELAX,YADEA VELAX,N/A,unreviewed,,,
YADEA,YADEA VOLTGUARD,YADEA VOLTGUARD,N/A,unreviewed,,,
YAMAHA,19S200,19S200,N/A,unreviewed,,,
YAMAHA,1P7700,1P7700,N/A,unreviewed,,,
YAMAHA,1P7B00,1P7B00,N/A,unreviewed,,,
YAMAHA,20B100,20B100,N/A,unreviewed,,,
YAMAHA,20B200,20B200,N/A,unreviewed,,,
YAMAHA,20B400,20B400,N/A,unreviewed,,,
YAMAHA,20B600,20B600,N/A,unreviewed,,,
YAMAHA,2P0800,2P0800,N/A,unreviewed,,,
YAMAHA,2P1200,2P1200,N/A,unreviewed,,,
YAMAHA,2P1400,2P1400,N/A,unreviewed,,,
YAMAHA,2S5600,2S5600,N/A,unreviewed,,,
YAMAHA,2S5A00,2S5A00,N/A,unreviewed,,,
YAMAHA,2S5B00,2S5B00,N/A,unreviewed,,,
YAMAHA,31P100,31P100,N/A,unreviewed,,,
YAMAHA,33S100,33S100,N/A,unreviewed,,,
YAMAHA,33S200,33S200,N/A,unreviewed,,,
YAMAHA,33S300,33S300,N/A,unreviewed,,,
YAMAHA,33S500,33S500,N/A,unreviewed,,,
YAMAHA,33S600,33S600,N/A,unreviewed,,,
YAMAHA,33S700,33S700,N/A,unreviewed,,,
YAMAHA,4C9200,4C9200,N/A,unreviewed,,,
YAMAHA,4C9500,4C9500,N/A,unreviewed,,,
YAMAHA,4C9600,4C9600,N/A,unreviewed,,,
YAMAHA,4C9700,4C9700,N/A,unreviewed,,,
YAMAHA,4D0500,4D0500,N/A,unreviewed,,,
YAMAHA,4D0600,4D0600,N/A,unreviewed,,,
YAMAHA,4D0700,4D0700,N/A,unreviewed,,,
YAMAHA,4D0A00,4D0A00,N/A,unreviewed,,,
YAMAHA,4D0C00,4D0C00,N/A,unreviewed,,,
YAMAHA,4S3200,4S3200,N/A,unreviewed,,,
YAMAHA,50P100,50P100,N/A,unreviewed,,,
YAMAHA,50P200,50P200,N/A,unreviewed,,,
YAMAHA,50S100,50S100,N/A,unreviewed,,,
YAMAHA,50S200,50S200,N/A,unreviewed,,,
YAMAHA,50S300,50S300,N/A,unreviewed,,,
YAMAHA,52B100,52B100,N/A,unreviewed,,,
YAMAHA,52B200,52B200,N/A,unreviewed,,,
YAMAHA,52B300,52B300,N/A,unreviewed,,,
YAMAHA,54S100,54S100,N/A,unreviewed,,,
YAMAHA,5P0100,5P0100,N/A,unreviewed,,,
YAMAHA,5P0300,5P0300,N/A,unreviewed,,,
YAMAHA,5P0400,5P0400,N/A,unreviewed,,,
YAMAHA,5P0600,5P0600,N/A,unreviewed,,,
YAMAHA,5P6100,5P6100,N/A,unreviewed,,,
YAMAHA,5YP600,5YP600,N/A,unreviewed,,,
YAMAHA,AE-115E,AE-115E,N/A,unreviewed,,,
YAMAHA,AEROX,AEROX,N/A,unreviewed,,,
YAMAHA,AEROX 155,AEROX 155,N/A,unreviewed,,,
YAMAHA,AEROX ABS,AEROX ABS,N/A,unreviewed,,,
YAMAHA,AEROX R,AEROX R,N/A,unreviewed,,,
YAMAHA,AEROX SP,AEROX SP,N/A,unreviewed,,,
YAMAHA,AH-115D,AH-115D,N/A,unreviewed,,,
YAMAHA,AT-115,AT-115,N/A,unreviewed,,,
YAMAHA,BB-115E,BB-115E,N/A,unreviewed,,,
YAMAHA,BD-115E,BD-115E,N/A,unreviewed,,,
YAMAHA,BE-115D,BE-115D,N/A,unreviewed,,,
YAMAHA,BF-115D-CW,BF-115D-CW,N/A,unreviewed,,,
YAMAHA,BH-115C,BH-115C,N/A,unreviewed,,,
YAMAHA,BI-115D,BI-115D,N/A,unreviewed,,,
YAMAHA,BOLT R,BOLT R,N/A,unreviewed,,,
YAMAHA,BT-115C,BT-115C,N/A,unreviewed,,,
YAMAHA,BT-115E,BT-115E,N/A,unreviewed,,,
YAMAHA,CT-115D,CT-115D,N/A,unreviewed,,,
YAMAHA,E01,E01,N/A,unreviewed,,,
YAMAHA,EXCITER,Exciter,N/A,unreviewed,,,
YAMAHA,EXCITER150,EXCITER150,N/A,unreviewed,,,
YAMAHA,FAZZIO,Fazzio,N/A,unreviewed,,,
YAMAHA,FILANO,Filano,N/A,unreviewed,,,
YAMAHA,FINN,FINN,N/A,unreviewed,,,
YAMAHA,FINO,Fino,N/A,unreviewed,,,
YAMAHA,FINO FI,Fino FI,N/A,unreviewed,,,
YAMAHA,FINO125,Fino125,N/A,unreviewed,,,
YAMAHA,FIORE,Fiore,N/A,unreviewed,,,
YAMAHA,FJR1300,FJR1300,N/A,unreviewed,,,
YAMAHA,FREEGO,FreeGo,N/A,unreviewed,,,
YAMAHA,GRAND FILANO,GRAND FILANO,N/A,unreviewed,,,
YAMAHA,GT125,GT125,N/A,unreviewed,,,
YAMAHA,JR-120S,JR-120S,N/A,unreviewed,,,
YAMAHA,JR-SSS,JR-SSS,N/A,unreviewed,,,
YAMAHA,JUPITER RC,JUPITER RC,N/A,unreviewed,,,
YAMAHA,JZ-120,JZ-120,N/A,unreviewed,,,
YAMAHA,JZ-120R,JZ-120R,N/A,unreviewed,,,
YAMAHA,JZ-120S,JZ-120S,N/A,unreviewed,,,
YAMAHA,JZ120S,JZ120S,N/A,unreviewed,,,
YAMAHA,LD-110C,LD-110C,N/A,unreviewed,,,
YAMAHA,LD-110D,LD-110D,N/A,unreviewed,,,
YAMAHA,LE-110C,LE-110C,N/A,unreviewed,,,
YAMAHA,LE-110ED,LE-110ED,N/A,unreviewed,,,
YAMAHA,LEXI,LEXI,N/A,unreviewed,,,
YAMAHA,LEXI ABS,LEXI ABS,N/A,unreviewed,,,
YAMAHA,LEXI S,LEXI S,N/A,unreviewed,,,
YAMAHA,LF-110C,LF-110C,N/A,unreviewed,,,
YAMAHA,LT-135D,LT-135D,N/A,unreviewed,,,
YAMAHA,LTA-135ED,LTA-135ED,N/A,unreviewed,,,
YAMAHA,M-SLAZ,M-SLAZ,N/A,unreviewed,,,
YAMAHA,MIO 125,Mio 125,N/A,unreviewed,,,
YAMAHA,MIO 125I,Mio 125i,N/A,unreviewed,,,
YAMAHA,MIO115I,MIO115I,N/A,unreviewed,,,
YAMAHA,MT-03,MT-03,N/A,unreviewed,,,
YAMAHA,MT-07,MT-07,N/A,unreviewed,,,
YAMAHA,MT-09,MT-09,N/A,unreviewed,,,
YAMAHA,MT-09 SP,MT-09 SP,N/A,unreviewed,,,
YAMAHA,MT-09 Y-AMT,MT-09 Y-AMT,N/A,unreviewed,,,
YAMAHA,MT-09A,MT-09A,N/A,unreviewed,,,
YAMAHA,MT-09SP,MT-09SP,N/A,unreviewed,,,
YAMAHA,MT-10,MT-10,N/A,unreviewed,,,
YAMAHA,MT-15,MT-15,N/A,unreviewed,,,
YAMAHA,MT03,MT03,N/A,unreviewed,,,
YAMAHA,MT09,MT09,N/A,unreviewed,,,
YAMAHA,NIKEN,NIKEN,N/A,unreviewed,,,
YAMAHA,NMAX,NMAX,N/A,unreviewed,,,
YAMAHA,NMAX TECH MAX,NMAX TECH MAX,N/A,unreviewed,,,
YAMAHA,NOUVO ELEGANCE,Nouvo Elegance,N/A,unreviewed,,,
YAMAHA,NOUVO SX,Nouvo SX,N/A,unreviewed,,,
YAMAHA,PG-1,PG-1,N/A,unreviewed,,,
YAMAHA,QBIX,QBIX,N/A,unreviewed,,,
YAMAHA,QBIX ABS,QBIX ABS,N/A,unreviewed,,,
YAMAHA,QBIX S,QBIX S,N/A,unreviewed,,,
YAMAHA,R7,R7,N/A,unreviewed,,,
YAMAHA,R9,R9,N/A,unreviewed,,,
YAMAHA,SPARK 115I,Spark 115i,N/A,unreviewed,,,
YAMAHA,SPARK LX,SPARK LX,N/A,unreviewed,,,
YAMAHA,SPARK NANO,Spark Nano,N/A,unreviewed,,,
YAMAHA,SR400,SR400,N/A,unreviewed,,,
YAMAHA,SUPER TENERE,SUPER TENERE,N/A,unreviewed,,,
YAMAHA,TENERE700,TENERE700,N/A,unreviewed,,,
YAMAHA,TMAX,TMAX,N/A,unreviewed,,,
YAMAHA,TMAX DX,TMAX DX,N/A,unreviewed,,,
YAMAHA,TMAX SX,TMAX SX,N/A,unreviewed,,,
YAMAHA,TMAX TECH MAX,TMAX TECH MAX,N/A,unreviewed,,,
YAMAHA,TMAX560,TMAX560,N/A,unreviewed,,,
YAMAHA,TRACER 9 GT,TRACER 9 GT,N/A,unreviewed,,,
YAMAHA,TRACER 9 GT+,TRACER 9 GT+,N/A,unreviewed,,,
YAMAHA,TRACER 900,TRACER 900,N/A,unreviewed,,,
YAMAHA,TRACER 900GT,TRACER 900GT,N/A,unreviewed,,,
YAMAHA,TRICITY,Tricity,N/A,unreviewed,,,
YAMAHA,TRICITY155,TRICITY155,N/A,unreviewed,,,
YAMAHA,TTX,TTX,N/A,unreviewed,,,
YAMAHA,TZR-150SP,TZR-150SP,N/A,unreviewed,,,
YAMAHA,VR150RS,VR150RS,N/A,unreviewed,,,
YAMAHA,WR155R,WR155R,N/A,unreviewed,,,
YAMAHA,XMAX,XMAX,N/A,unreviewed,,,
YAMAHA,XMAX 300,XMAX 300,N/A,unreviewed,,,
YAMAHA,XMAX SP,XMAX SP,N/A,unreviewed,,,
YAMAHA,XMAX TECH MAX,XMAX TECH MAX,N/A,unreviewed,,,
YAMAHA,XSR155,XSR155,N/A,unreviewed,,,
YAMAHA,XSR700,XSR700,N/A,unreviewed,,,
YAMAHA,XSR900,XSR900,N/A,unreviewed,,,
YAMAHA,XVS950CU,XVS950CU,N/A,unreviewed,,,
YAMAHA,Y-100SL,Y-100SL,N/A,unreviewed,,,
YAMAHA,Y-111,Y-111,N/A,unreviewed,,,
YAMAHA,Y-111D,Y-111D,N/A,unreviewed,,,
YAMAHA,Y-111ED,Y-111ED,N/A,unreviewed,,,
YAMAHA,Y100-EL,Y100-EL,N/A,unreviewed,,,
YAMAHA,YZF-R1,YZF-R1,N/A,unreviewed,,,
YAMAHA,YZF-R15,YZF-R15,N/A,unreviewed,,,
YAMAHA,YZF-R15M,YZF-R15M,N/A,unreviewed,,,
YAMAHA,YZF-R1M,YZF-R1M,N/A,unreviewed,,,
YAMAHA,YZF-R3,YZF-R3,N/A,unreviewed,,,
YAMAHA,YZF-R6,YZF-R6,N/A,unreviewed,,,
YAMAHA,ZR120A,ZR120A,N/A,unreviewed,,,
YANMAR,3FD80,3FD80,N/A,unreviewed,,,
YANMAR,AW70V,AW70V,N/A,unreviewed,,,
YANMAR,AW82GV,AW82GV,N/A,unreviewed,,,
YANMAR,"AW82GV,RS-TH","AW82GV,RS-TH",N/A,unreviewed,,,
YANMAR,AW82V,AW82V,N/A,unreviewed,,,
YANMAR,"AW82V,S-TH","AW82V,S-TH",N/A,unreviewed,,,
YANMAR,B27,B27,N/A,unreviewed,,,
YANMAR,B32-2,B32-2,N/A,unreviewed,,,
YANMAR,B50-2A,B50-2A,N/A,unreviewed,,,
YANMAR,B6-3,B6-3,N/A,unreviewed,,,
YANMAR,B6-3A,B6-3A,N/A,unreviewed,,,
YANMAR,EF312T,EF312T,N/A,unreviewed,,,
YANMAR,EF352 T,EF352 T,N/A,unreviewed,,,
YANMAR,EF352T,EF352T,N/A,unreviewed,,,
YANMAR,EF352T PQ,EF352T PQ,N/A,unreviewed,,,
YANMAR,EF352TEX PQ,EF352TEX PQ,N/A,unreviewed,,,
YANMAR,EF352TLX PQ-1,EF352TLX PQ-1,N/A,unreviewed,,,
YANMAR,EF393A,EF393A,N/A,unreviewed,,,
YANMAR,EF393T,EF393T,N/A,unreviewed,,,
YANMAR,EF453T,EF453T,N/A,unreviewed,,,
YANMAR,EF453T PQ,EF453T PQ,N/A,unreviewed,,,
YANMAR,"EF453T,PQ","EF453T,PQ",N/A,unreviewed,,,
YANMAR,EF453TLX PQ,EF453TLX PQ,N/A,unreviewed,,,
YANMAR,EF453TLX PQ-1,EF453TLX PQ-1,N/A,unreviewed,,,
YANMAR,EF494T,EF494T,N/A,unreviewed,,,
YANMAR,EF514MU,EF514MU,N/A,unreviewed,,,
YANMAR,EF514T,EF514T,N/A,unreviewed,,,
YANMAR,EF725T,EF725T,N/A,unreviewed,,,
YANMAR,HS2000,HS2000,N/A,unreviewed,,,
YANMAR,"HS2000,L","HS2000,L",N/A,unreviewed,,,
YANMAR,"HS2000,SL","HS2000,SL",N/A,unreviewed,,,
YANMAR,SOLIS 105-4WD,SOLIS 105-4WD,N/A,unreviewed,,,
YANMAR,SOLIS 22-4WD,SOLIS 22-4WD,N/A,unreviewed,,,
YANMAR,SOLIS WT-65-4WD,SOLIS WT-65-4WD,N/A,unreviewed,,,
YANMAR,SV100,SV100,N/A,unreviewed,,,
YANMAR,SV100-2B,SV100-2B,N/A,unreviewed,,,
YANMAR,VIO17,VIO17,N/A,unreviewed,,,
YANMAR,VIO17-1,VIO17-1,N/A,unreviewed,,,
YANMAR,VIO23-6,VIO23-6,N/A,unreviewed,,,
YANMAR,VIO25-6,ViO25-6,N/A,unreviewed,,,
YANMAR,VIO27-5B,ViO27-5B,N/A,unreviewed,,,
YANMAR,VIO30-2,VIO30-2,N/A,unreviewed,,,
YANMAR,VIO30-3,VIO30-3,N/A,unreviewed,,,
YANMAR,VIO30-5,VIO30-5,N/A,unreviewed,,,
YANMAR,VIO30-6,ViO30-6,N/A,unreviewed,,,
YANMAR,VIO30-6B,VIO30-6B,N/A,unreviewed,,,
YANMAR,VIO30-7,VIO30-7,N/A,unreviewed,,,
YANMAR,VIO35-6B,VIO35-6B,N/A,unreviewed,,,
YANMAR,VIO35-6B-CCTH-QM2JSA,VIO35-6B-CCTH-QM2JSA,N/A,unreviewed,,,
YANMAR,VIO35-6B-PTH-QM2JSA,VIO35-6B-PTH-QM2JSA,N/A,unreviewed,,,
YANMAR,VIO35-7,VIO35-7,N/A,unreviewed,,,
YANMAR,VIO40-5,VIO40-5,N/A,unreviewed,,,
YANMAR,VIO40-5B,VIO40-5B,N/A,unreviewed,,,
YANMAR,VIO50-5B,VIO50-5B,N/A,unreviewed,,,
YANMAR,VIO50-6B,VIO50-6B,N/A,unreviewed,,,
YANMAR,VIO55-5A,VIO55-5A,N/A,unreviewed,,,
YANMAR,VIO55-5B,VIO55-5B,N/A,unreviewed,,,
YANMAR,VIO55-6B,VIO55-6B,N/A,unreviewed,,,
YANMAR,VIO55-6B-CCTH-QM2JSA,VIO55-6B-CCTH-QM2JSA,N/A,unreviewed,,,
YANMAR,VIO70-2,VIO70-2,N/A,unreviewed,,,
YANMAR,VIO75-B,VIO75-B,N/A,unreviewed,,,
YANMAR,VIO80,VIO80,N/A,unreviewed,,,
YANMAR,VIO80-1,VIO80-1,N/A,unreviewed,,,
YANMAR,VIO80-B,VIO80-B,N/A,unreviewed,,,
YANMAR,VIO80B,VIO80B,N/A,unreviewed,,,
YANMAR,YH1180,YH1180,N/A,unreviewed,,,
YANMAR,YH700,YH700,N/A,unreviewed,,,
YANMAR,YH850,YH850,N/A,unreviewed,,,
YANMAR,YM351A,YM351A,N/A,unreviewed,,,
YANMAR,YM351R,YM351R,N/A,unreviewed,,,
YANMAR,YM357A,YM357A,N/A,unreviewed,,,
YANMAR,YM357A L1,YM357A L1,N/A,unreviewed,,,
YANMAR,YM358R,YM358R,N/A,unreviewed,,,
YANMAR,YR60D,YR60D,N/A,unreviewed,,,
YANMAR,YR80D,YR80D,N/A,unreviewed,,,
YANMAR,YT704,YT704,N/A,unreviewed,,,
YBM,GI-50C-3,GI-50C-3,N/A,unreviewed,,,
YTO,X804,X804,N/A,unreviewed,,,
YUCHAI,LZ1041L2ACT,LZ1041L2ACT,N/A,unreviewed,,,
YUCHAI,NZ5161ZYSH,NZ5161ZYSH,N/A,unreviewed,,,
YUCHAI,NZ5161ZYSR,NZ5161ZYSR,N/A,unreviewed,,,
YUCHAI,NZ5162GSS,NZ5162GSS,N/A,unreviewed,,,
YUCHAI,YC55-8,YC55-8,N/A,unreviewed,,,
YUCHAI,YC85-9,YC85-9,N/A,unreviewed,,,
YUTONG,931A(L),931A(L),N/A,unreviewed,,,
ZAPP,I300,i300,N/A,unreviewed,,,
ZEEHO,AE6+,AE6+,N/A,unreviewed,,,
ZEEHO,AE8+,AE8+,N/A,unreviewed,,,
ZEEHO,AE8S+,AE8S+,N/A,unreviewed,,,
ZEEKR,X FLAGSHIP,ZEEKR X,N/A,unreviewed,,,
ZEEKR,ZEEKR 009,ZEEKR 009,N/A,unreviewed,,,
ZEEKR,ZEEKR 7X,ZEEKR 7X,N/A,unreviewed,,,
ZEEKR,ZEEKR X,ZEEKR X,N/A,unreviewed,,,
ZENKO,ZEED,ZEED,N/A,unreviewed,,,
ZEUS,WARRIOR R2 EVOLUTION,WARRIOR R2 EVOLUTION,N/A,unreviewed,,,
ZHI EV,ZEV G BEAST,ZEV G BEAST,N/A,unreviewed,,,
ZHU GONG,ZG-938,ZG-938,N/A,unreviewed,,,
ZIEGLER,Z6-FLF 80/125-15+250P,Z6-FLF 80/125-15+250P,N/A,unreviewed,,,
ZONTES,350D,350D,N/A,unreviewed,,,
ZONTES,350E,350E,N/A,unreviewed,,,
ZONTES,368D,368D,N/A,unreviewed,,,
ZONTES,368G,368G,N/A,unreviewed,,,
ZONTES,368G ETC,368G ETC,N/A,unreviewed,,,
ZONTES,368K,368K,N/A,unreviewed,,,
ZONTES,R310,R310,N/A,unreviewed,,,
ZONTES,X310,X310,N/A,unreviewed,,,
ZOOMLION,FH100,FH100,N/A,unreviewed,,,
ZOOMLION,FH88,FH88,N/A,unreviewed,,,
ZOOMLION,PL60,PL60,N/A,unreviewed,,,
ZOOMLION,RC1104-A,RC1104-A,N/A,unreviewed,,,
ZOOMLION,RC904-A,RC904-A,N/A,unreviewed,,,
ZOOMLION,RD504,RD504,N/A,unreviewed,,,
ZOOMLION,RG1804,RG1804,N/A,unreviewed,,,
ZOOMLION,RK504-A,RK504-A,N/A,unreviewed,,,
ZOOMLION,RK554-A,RK554-A,N/A,unreviewed,,,
ZOOMLION,RK704-3,RK704-3,N/A,unreviewed,,,
ZOOMLION,RK704-A,RK704-A,N/A,unreviewed,,,
ZOOMLION,RN1104,RN1104,N/A,unreviewed,,,
ZOOMLION,RS1304,RS1304,N/A,unreviewed,,,
ZOOMLION,ZCT300V532-1,ZCT300V532-1,N/A,unreviewed,,,
ZOOMLION,ZD160TS-3,ZD160TS-3,N/A,unreviewed,,,
ZOOMLION,ZE135E-10,ZE135E-10,N/A,unreviewed,,,
ZOOMLION,ZE135G,ZE135G,N/A,unreviewed,,,
ZOOMLION,ZE210E,ZE210E,N/A,unreviewed,,,
ZOOMLION,ZE215E,ZE215E,N/A,unreviewed,,,
ZOOMLION,ZE215G,ZE215G,N/A,unreviewed,,,
ZOOMLION,ZE220E-10,ZE220E-10,N/A,unreviewed,,,
ZOOMLION,ZE35GU,ZE35GU,N/A,unreviewed,,,
ZOOMLION,ZE370E,ZE370E,N/A,unreviewed,,,
ZOOMLION,ZE60E-10,ZE60E-10,N/A,unreviewed,,,
ZOOMLION,ZE60G,ZE60G,N/A,unreviewed,,,
ZOOMLION,ZE75E-10,ZE75E-10,N/A,unreviewed,,,
ZOOMLION,ZE75G,ZE75G,N/A,unreviewed,,,
ZOOMLION,ZSH60,ZSH60,N/A,unreviewed,,,
ZX AUTO,FIREBRIGHT YDYX,FIREBRIGHT YDYX,N/A,unreviewed,,,
ZX AUTO,FP3A,FP3A,N/A,unreviewed,,,
ZX AUTO,FP3B,FP3B,N/A,unreviewed,,,
ไม่ระบุ,12B02,12B02,N/A,unreviewed,,,
ไม่ระบุ,20B01,20B01,N/A,unreviewed,,,
ไม่ระบุ,A02,A02,N/A,unreviewed,,,
ไม่ระบุ,ABBEY,ABBEY,N/A,unreviewed,,,
ไม่ระบุ,ABBEY AVENTURA,ABBEY AVENTURA,N/A,unreviewed,,,
ไม่ระบุ,ABBEY AVENTURA 320,ABBEY AVENTURA 320,N/A,unreviewed,,,
ไม่ระบุ,ABBEY EXPRESSION 470,ABBEY EXPRESSION 470,N/A,unreviewed,,,
ไม่ระบุ,ABBEY GTS,ABBEY GTS,N/A,unreviewed,,,
ไม่ระบุ,ABBEY SPECTRUM,ABBEY SPECTRUM,N/A,unreviewed,,,
ไม่ระบุ,ABBEY VOGUE GTS418,ABBEY VOGUE GTS418,N/A,unreviewed,,,
ไม่ระบุ,ABI,ABI,N/A,unreviewed,,,
ไม่ระบุ,ABI AWARD,ABI AWARD,N/A,unreviewed,,,
ไม่ระบุ,ACE,ACE,N/A,unreviewed,,,
ไม่ระบุ,ACE AWARD,ACE AWARD,N/A,unreviewed,,,
ไม่ระบุ,ACE JUBILEE,ACE JUBILEE,N/A,unreviewed,,,
ไม่ระบุ,ADRIA ADORA,ADRIA ADORA,N/A,unreviewed,,,
ไม่ระบุ,AIRSTREAM,AIRSTREAM,N/A,unreviewed,,,
ไม่ระบุ,AMARA 380/2,AMARA 380/2,N/A,unreviewed,,,
ไม่ระบุ,AMARA 520/4,AMARA 520/4,N/A,unreviewed,,,
ไม่ระบุ,AMARA 580/4,AMARA 580/4,N/A,unreviewed,,,
ไม่ระบุ,AURORA GTK,AURORA GTK,N/A,unreviewed,,,
ไม่ระบุ,AVANTE 534,AVANTE 534,N/A,unreviewed,,,
ไม่ระบุ,AVENTURA 318,AVENTURA 318,N/A,unreviewed,,,
ไม่ระบุ,AVONDALE,AVONDALE,N/A,unreviewed,,,
ไม่ระบุ,AVONDALE ARGENTE,AVONDALE ARGENTE,N/A,unreviewed,,,
ไม่ระบุ,AVONDALE DART SE,AVONDALE DART SE,N/A,unreviewed,,,
ไม่ระบุ,AVONDALE RIALTO,AVONDALE RIALTO,N/A,unreviewed,,,
ไม่ระบุ,BAILEY,BAILEY,N/A,unreviewed,,,
ไม่ระบุ,BAILEY DISCOVERY,BAILEY DISCOVERY,N/A,unreviewed,,,
ไม่ระบุ,BAILEY PAGEANT,BAILEY PAGEANT,N/A,unreviewed,,,
ไม่ระบุ,BAILEY PAGEANT MOSELLE,BAILEY PAGEANT MOSELLE,N/A,unreviewed,,,
ไม่ระบุ,BAILEY PEGASUS,BAILEY PEGASUS,N/A,unreviewed,,,
ไม่ระบุ,BAILEY RANGER,BAILEY RANGER,N/A,unreviewed,,,
ไม่ระบุ,BAILEY SENATOR,BAILEY SENATOR,N/A,unreviewed,,,
ไม่ระบุ,BAILEY UNICORN,BAILEY UNICORN,N/A,unreviewed,,,
ไม่ระบุ,BANPUNEXT,BANPUNEXT,N/A,unreviewed,,,
ไม่ระบุ,BEAT 9 POLE MOTORBIKE,BEAT 9 POLE MOTORBIKE,N/A,unreviewed,,,
ไม่ระบุ,BEAT BOAT U 15-18 FT,BEAT BOAT U 15-18 FT,N/A,unreviewed,,,
ไม่ระบุ,BEAT BOAT U 24 FT,BEAT BOAT U 24 FT,N/A,unreviewed,,,
ไม่ระบุ,BEAT BOAT U15-18 FT,BEAT BOAT U15-18 FT,N/A,unreviewed,,,
ไม่ระบุ,BEAT BOAT V 10-14 FT,BEAT BOAT V 10-14 FT,N/A,unreviewed,,,
ไม่ระบุ,BEAT BOAT V 10-14 FT WIDE,BEAT BOAT V 10-14 FT WIDE,N/A,unreviewed,,,
ไม่ระบุ,BEAT BOAT V 15-17 FT,BEAT BOAT V 15-17 FT,N/A,unreviewed,,,
ไม่ระบุ,BEAT BOAT V 15-18 FT,BEAT BOAT V 15-18 FT,N/A,unreviewed,,,
ไม่ระบุ,BEAT BOAT V 15-19 FT,BEAT BOAT V 15-19 FT,N/A,unreviewed,,,
ไม่ระบุ,BEAT BOAT V 17-20 FT,BEAT BOAT V 17-20 FT,N/A,unreviewed,,,
ไม่ระบุ,BEAT BOAT V 19-20 FT,BEAT BOAT V 19-20 FT,N/A,unreviewed,,,
ไม่ระบุ,BEAT BOAT V 21-24 FT,BEAT BOAT V 21-24 FT,N/A,unreviewed,,,
ไม่ระบุ,BEAT BOAT V 24-26 FT,BEAT BOAT V 24-26 FT,N/A,unreviewed,,,
ไม่ระบุ,BEAT BOAT V 26-30 FT,BEAT BOAT V 26-30 FT,N/A,unreviewed,,,
ไม่ระบุ,BEAT BOAT V 30 FT,BEAT BOAT V 30 FT,N/A,unreviewed,,,
ไม่ระบุ,BEAT BOX 123X200 CM,BEAT BOX 123X200 CM,N/A,unreviewed,,,
ไม่ระบุ,BEAT BOX 140X258 CM,BEAT BOX 140X258 CM,N/A,unreviewed,,,
ไม่ระบุ,BEAT BOX 150X300 CM,BEAT BOX 150X300 CM,N/A,unreviewed,,,
ไม่ระบุ,BEAT BOX 160X300 CM,BEAT BOX 160X300 CM,N/A,unreviewed,,,
ไม่ระบุ,BEAT BOX 198X420 CM,BEAT BOX 198X420 CM,N/A,unreviewed,,,
ไม่ระบุ,BEAT BOX 2.0X5.2,BEAT BOX 2.0X5.2,N/A,unreviewed,,,
ไม่ระบุ,BEAT BOX SR 150X300 CM,BEAT BOX SR 150X300 CM,N/A,unreviewed,,,
ไม่ระบุ,BEAT DIRT BIKE JR,BEAT DIRT BIKE JR,N/A,unreviewed,,,
ไม่ระบุ,BEAT DIRT BIKE SR,BEAT DIRT BIKE SR,N/A,unreviewed,,,
ไม่ระบุ,BEAT DOUBLE BIKE,BEAT DOUBLE BIKE,N/A,unreviewed,,,
ไม่ระบุ,BEAT DOUBLE JETSKI,BEAT DOUBLE JETSKI,N/A,unreviewed,,,
ไม่ระบุ,BEAT DOUBLE JETSKI COMBO,BEAT DOUBLE JETSKI COMBO,N/A,unreviewed,,,
ไม่ระบุ,BEAT FARM 10X5 FT,BEAT FARM 10X5 FT,N/A,unreviewed,,,
ไม่ระบุ,BEAT FARM 6X4 FT,BEAT FARM 6X4 FT,N/A,unreviewed,,,
ไม่ระบุ,BEAT FARM 8X5 FT,BEAT FARM 8X5 FT,N/A,unreviewed,,,
ไม่ระบุ,BEAT FLAT BED 1.75X2.5 M,BEAT FLAT BED 1.75X2.5 M,N/A,unreviewed,,,
ไม่ระบุ,BEAT FLAT BED 175X250 CM,BEAT FLAT BED 175X250 CM,N/A,unreviewed,,,
ไม่ระบุ,BEAT FLAT BED 175X350 CM,BEAT FLAT BED 175X350 CM,N/A,unreviewed,,,
ไม่ระบุ,BEAT FLAT BED 180X300 CM,BEAT FLAT BED 180X300 CM,N/A,unreviewed,,,
ไม่ระบุ,BEAT FLAT BED 180X360 CM,BEAT FLAT BED 180X360 CM,N/A,unreviewed,,,
ไม่ระบุ,BEAT FLAT BED 2.1X6.0 M,BEAT FLAT BED 2.1X6.0 M,N/A,unreviewed,,,
ไม่ระบุ,BEAT FLAT BED 2.5X4.7 M,BEAT FLAT BED 2.5X4.7 M,N/A,unreviewed,,,
ไม่ระบุ,BEAT FLATBED 175X350 CM,BEAT FLATBED 175X350 CM,N/A,unreviewed,,,
ไม่ระบุ,BEAT FLATBED L 175X470 CM,BEAT FLATBED L 175X470 CM,N/A,unreviewed,,,
ไม่ระบุ,BEAT FLATBED L 175X620 CM,BEAT FLATBED L 175X620 CM,N/A,unreviewed,,,
ไม่ระบุ,BEAT FLATBED L 250X620 CM,BEAT FLATBED L 250X620 CM,N/A,unreviewed,,,
ไม่ระบุ,BEAT GENSET II,BEAT GENSET II,N/A,unreviewed,,,
ไม่ระบุ,BEAT HOME STAR,BEAT HOME STAR,N/A,unreviewed,,,
ไม่ระบุ,BEAT I SA WHITE,BEAT I SA WHITE,N/A,unreviewed,,,
ไม่ระบุ,BEAT KIP GRAY LINE 44,BEAT KIP GRAY LINE 44,N/A,unreviewed,,,
ไม่ระบุ,BEAT QUATRIPLE BIKE,BEAT QUATRIPLE BIKE,N/A,unreviewed,,,
ไม่ระบุ,BEAT SHELTER,BEAT SHELTER,N/A,unreviewed,,,
ไม่ระบุ,BEAT SINGLE ATV JR,BEAT SINGLE ATV JR,N/A,unreviewed,,,
ไม่ระบุ,BEAT SINGLE ATV SR,BEAT SINGLE ATV SR,N/A,unreviewed,,,
ไม่ระบุ,BEAT SINGLE BIKE,BEAT SINGLE BIKE,N/A,unreviewed,,,
ไม่ระบุ,BEAT SINGLE JETSKI,BEAT SINGLE JETSKI,N/A,unreviewed,,,
ไม่ระบุ,BEAT SINGLE JETSKI BASIC,BEAT SINGLE JETSKI BASIC,N/A,unreviewed,,,
ไม่ระบุ,BEAT SINGLE JETSKI SR,BEAT SINGLE JETSKI SR,N/A,unreviewed,,,
ไม่ระบุ,BEAT SIXTUPLE BIKE,BEAT SIXTUPLE BIKE,N/A,unreviewed,,,
ไม่ระบุ,BEAT SPORT I,BEAT SPORT I,N/A,unreviewed,,,
ไม่ระบุ,BEAT SPORT II,BEAT SPORT II,N/A,unreviewed,,,
ไม่ระบุ,BEAT TOY HAULER,BEAT TOY HAULER,N/A,unreviewed,,,
ไม่ระบุ,BEAT TRANSPORTER,BEAT TRANSPORTER,N/A,unreviewed,,,
ไม่ระบุ,BEAT TRANSPORTER 2.1X4.6,BEAT TRANSPORTER 2.1X4.6,N/A,unreviewed,,,
ไม่ระบุ,BEAT TRANSPORTER 2.3X4.6,BEAT TRANSPORTER 2.3X4.6,N/A,unreviewed,,,
ไม่ระบุ,BEAT TRANSPORTER 6.2X2.1,BEAT TRANSPORTER 6.2X2.1,N/A,unreviewed,,,
ไม่ระบุ,BEAT TRANSPORTER 620X210M,BEAT TRANSPORTER 620X210M,N/A,unreviewed,,,
ไม่ระบุ,BEAT TRANSPORTER II,BEAT TRANSPORTER II,N/A,unreviewed,,,
ไม่ระบุ,BEAT TRANSPORTER II LED,BEAT TRANSPORTER II LED,N/A,unreviewed,,,
ไม่ระบุ,BEAT TRANSPORTER III,BEAT TRANSPORTER III,N/A,unreviewed,,,
ไม่ระบุ,BEAT TRANSPORTER IV 2,BEAT TRANSPORTER IV 2,N/A,unreviewed,,,
ไม่ระบุ,BEAT TRANSPORTER STD WIDE,BEAT TRANSPORTER STD WIDE,N/A,unreviewed,,,
ไม่ระบุ,BEAT TRICYCLE,BEAT TRICYCLE,N/A,unreviewed,,,
ไม่ระบุ,BEAT WAGON 116X190 CM,BEAT WAGON 116X190 CM,N/A,unreviewed,,,
ไม่ระบุ,BEAT WAGON 123X245 CM,BEAT WAGON 123X245 CM,N/A,unreviewed,,,
ไม่ระบุ,BEAT WAGON 150X300 CM,BEAT WAGON 150X300 CM,N/A,unreviewed,,,
ไม่ระบุ,BEAT WAGON 150X360 CM,BEAT WAGON 150X360 CM,N/A,unreviewed,,,
ไม่ระบุ,BEAT WAGON 150X420 CM,BEAT WAGON 150X420 CM,N/A,unreviewed,,,
ไม่ระบุ,BEAT WAGON 175X300 CM,BEAT WAGON 175X300 CM,N/A,unreviewed,,,
ไม่ระบุ,BEAT WAGON ALU 123X245 CM,BEAT WAGON ALU 123X245 CM,N/A,unreviewed,,,
ไม่ระบุ,BEAT WAGON SCG 150X300 CM,BEAT WAGON SCG 150X300 CM,N/A,unreviewed,,,
ไม่ระบุ,BESSACARR CAMEO,BESSACARR CAMEO,N/A,unreviewed,,,
ไม่ระบุ,BOAT TRAILER,BOAT TRAILER,N/A,unreviewed,,,
ไม่ระบุ,BOX VAN TRAILER,BOX VAN TRAILER,N/A,unreviewed,,,
ไม่ระบุ,CAMEO 625GL,CAMEO 625GL,N/A,unreviewed,,,
ไม่ระบุ,CAMPER,CAMPER,N/A,unreviewed,,,
ไม่ระบุ,CARAVAN,CARAVAN,N/A,unreviewed,,,
ไม่ระบุ,CARAVAN PERFECT,CARAVAN PERFECT,N/A,unreviewed,,,
ไม่ระบุ,CARAVELAIR A496,CARAVELAIR A496,N/A,unreviewed,,,
ไม่ระบุ,CARAVELAIR ANTARES,CARAVELAIR ANTARES,N/A,unreviewed,,,
ไม่ระบุ,CARLIGHT,CARLIGHT,N/A,unreviewed,,,
ไม่ระบุ,CCMC-F03-2A-FTL,CCMC-F03-2A-FTL,N/A,unreviewed,,,
ไม่ระบุ,CCMC-F04-2A-FTL,CCMC-F04-2A-FTL,N/A,unreviewed,,,
ไม่ระบุ,CCMC-F05-1A-FTL,CCMC-F05-1A-FTL,N/A,unreviewed,,,
ไม่ระบุ,CCMC-F06-1A-FTL,CCMC-F06-1A-FTL,N/A,unreviewed,,,
ไม่ระบุ,CCMC-F07-2A-FTL,CCMC-F07-2A-FTL,N/A,unreviewed,,,
ไม่ระบุ,CCMC-F11-2A-FTL,CCMC-F11-2A-FTL,N/A,unreviewed,,,
ไม่ระบุ,CCMC-F13-2A-FTL,CCMC-F13-2A-FTL,N/A,unreviewed,,,
ไม่ระบุ,CHALLENGER 490 LSE,CHALLENGER 490 LSE,N/A,unreviewed,,,
ไม่ระบุ,CHALLENGER 490SE,CHALLENGER 490SE,N/A,unreviewed,,,
ไม่ระบุ,CHALLENGER 500SE,CHALLENGER 500SE,N/A,unreviewed,,,
ไม่ระบุ,CHALLENGER 520,CHALLENGER 520,N/A,unreviewed,,,
ไม่ระบุ,CHALLENGER 520 SE,CHALLENGER 520 SE,N/A,unreviewed,,,
ไม่ระบุ,CHALLENGER 530,CHALLENGER 530,N/A,unreviewed,,,
ไม่ระบุ,CHALLENGER 550 SE,CHALLENGER 550 SE,N/A,unreviewed,,,
ไม่ระบุ,CHARISMA 220,CHARISMA 220,N/A,unreviewed,,,
ไม่ระบุ,CHARISMA 550,CHARISMA 550,N/A,unreviewed,,,
ไม่ระบุ,CHARISMA 620,CHARISMA 620,N/A,unreviewed,,,
ไม่ระบุ,CLASSIC CARAVAN,CLASSIC CARAVAN,N/A,unreviewed,,,
ไม่ระบุ,CLASSIC DUETTE,CLASSIC DUETTE,N/A,unreviewed,,,
ไม่ระบุ,CLASSIC PHOENIX,CLASSIC PHOENIX,N/A,unreviewed,,,
ไม่ระบุ,CLERMONT,CLERMONT,N/A,unreviewed,,,
ไม่ระบุ,CLUBMAN 425-2CK,CLUBMAN 425-2CK,N/A,unreviewed,,,
ไม่ระบุ,COACHMAN,COACHMAN,N/A,unreviewed,,,
ไม่ระบุ,COACHMAN AMARA,COACHMAN AMARA,N/A,unreviewed,,,
ไม่ระบุ,COACHMAN PASTICHE,COACHMAN PASTICHE,N/A,unreviewed,,,
ไม่ระบุ,COACHMAN PASTICHE 460/2,COACHMAN PASTICHE 460/2,N/A,unreviewed,,,
ไม่ระบุ,COASTLINE ESPRITE,COASTLINE ESPRITE,N/A,unreviewed,,,
ไม่ระบุ,COMPASS,COMPASS,N/A,unreviewed,,,
ไม่ระบุ,COMPASS CORONA,COMPASS CORONA,N/A,unreviewed,,,
ไม่ระบุ,COMPASS OMEGA,COMPASS OMEGA,N/A,unreviewed,,,
ไม่ระบุ,CONQUEROR 630,CONQUEROR 630,N/A,unreviewed,,,
ไม่ระบุ,CONQUEROR 645,CONQUEROR 645,N/A,unreviewed,,,
ไม่ระบุ,CORONA 626,CORONA 626,N/A,unreviewed,,,
ไม่ระบุ,ELDDIS,ELDDIS,N/A,unreviewed,,,
ไม่ระบุ,ELDDIS ALFRESCO,ELDDIS ALFRESCO,N/A,unreviewed,,,
ไม่ระบุ,ELDDIS AVANTE,ELDDIS AVANTE,N/A,unreviewed,,,
ไม่ระบุ,ELDDIS BROADWAY,ELDDIS BROADWAY,N/A,unreviewed,,,
ไม่ระบุ,ELDDIS CRUSADER,ELDDIS CRUSADER,N/A,unreviewed,,,
ไม่ระบุ,ELDDIS CRUSADER HURRICANE,ELDDIS CRUSADER HURRICANE,N/A,unreviewed,,,
ไม่ระบุ,ELDDIS ODYSSEY,ELDDIS ODYSSEY,N/A,unreviewed,,,
ไม่ระบุ,EX2000,EX2000,N/A,unreviewed,,,
ไม่ระบุ,FLEETWOOD,FLEETWOOD,N/A,unreviewed,,,
ไม่ระบุ,GREEN BOAT 10-14FT,GREEN BOAT 10-14FT,N/A,unreviewed,,,
ไม่ระบุ,GTS 217,GTS 217,N/A,unreviewed,,,
ไม่ระบุ,HOBBY,HOBBY,N/A,unreviewed,,,
ไม่ระบุ,HORSE BOX,HORSE BOX,N/A,unreviewed,,,
ไม่ระบุ,HURRICANE EX2000,HURRICANE EX2000,N/A,unreviewed,,,
ไม่ระบุ,JUNIOR XL,JUNIOR XL,N/A,unreviewed,,,
ไม่ระบุ,KEYSTONE,KEYSTONE,N/A,unreviewed,,,
ไม่ระบุ,KYB01,KYB01,N/A,unreviewed,,,
ไม่ระบุ,LANDRANGER 6400EB,LANDRANGER 6400EB,N/A,unreviewed,,,
ไม่ระบุ,LUNAR,LUNAR,N/A,unreviewed,,,
ไม่ระบุ,LUNAR CLUBMAN,LUNAR CLUBMAN,N/A,unreviewed,,,
ไม่ระบุ,LUNAR DELTA,LUNAR DELTA,N/A,unreviewed,,,
ไม่ระบุ,LUNAR DELTA 540/2,LUNAR DELTA 540/2,N/A,unreviewed,,,
ไม่ระบุ,LUNAR LEXON,LUNAR LEXON,N/A,unreviewed,,,
ไม่ระบุ,LUNAR QUASAR,LUNAR QUASAR,N/A,unreviewed,,,
ไม่ระบุ,MATADOR,MATADOR,N/A,unreviewed,,,
ไม่ระบุ,MCK-MFT1,MCK-MFT1,N/A,unreviewed,,,
ไม่ระบุ,MCK-MFT2,MCK-MFT2,N/A,unreviewed,,,
ไม่ระบุ,MERLIN61,MERLIN61,N/A,unreviewed,,,
ไม่ระบุ,MOTERBIKE TRAILER,MOTERBIKE TRAILER,N/A,unreviewed,,,
ไม่ระบุ,MTV-STL580,MTV-STL580,N/A,unreviewed,,,
ไม่ระบุ,MULTI A,MULTI A,N/A,unreviewed,,,
ไม่ระบุ,ODYSSEY 505,ODYSSEY 505,N/A,unreviewed,,,
ไม่ระบุ,OFF ROAD TRAILER,OFF ROAD TRAILER,N/A,unreviewed,,,
ไม่ระบุ,PAGEANT CHAMPAGNE,PAGEANT CHAMPAGNE,N/A,unreviewed,,,
ไม่ระบุ,PAGEANT MONARCH,PAGEANT MONARCH,N/A,unreviewed,,,
ไม่ระบุ,PAGEANT MOSELLE,PAGEANT MOSELLE,N/A,unreviewed,,,
ไม่ระบุ,PEGASUS 624,PEGASUS 624,N/A,unreviewed,,,
ไม่ระบุ,PEGASUS GT65,PEGASUS GT65,N/A,unreviewed,,,
ไม่ระบุ,RALLYE 534,RALLYE 534,N/A,unreviewed,,,
ไม่ระบุ,RALLYE GTE 50,RALLYE GTE 50,N/A,unreviewed,,,
ไม่ระบุ,RANGER 500/5,RANGER 500/5,N/A,unreviewed,,,
ไม่ระบุ,RANGER GT60,RANGER GT60,N/A,unreviewed,,,
ไม่ระบุ,ROCKWOOD,ROCKWOOD,N/A,unreviewed,,,
ไม่ระบุ,SENATOR OKLAHOMA,SENATOR OKLAHOMA,N/A,unreviewed,,,
ไม่ระบุ,SENATOR WYOMING,SENATOR WYOMING,N/A,unreviewed,,,
ไม่ระบุ,SOLAR TRAILER,SOLAR TRAILER,N/A,unreviewed,,,
ไม่ระบุ,SPECTRUM 535,SPECTRUM 535,N/A,unreviewed,,,
ไม่ระบุ,SPRITE,SPRITE,N/A,unreviewed,,,
ไม่ระบุ,SPRITE QUATTR,SPRITE QUATTR,N/A,unreviewed,,,
ไม่ระบุ,SPRITE QUATTRO,SPRITE QUATTRO,N/A,unreviewed,,,
ไม่ระบุ,STERLING,STERLING,N/A,unreviewed,,,
ไม่ระบุ,STERLING BELVOIR,STERLING BELVOIR,N/A,unreviewed,,,
ไม่ระบุ,STERLING ECCLES TOPAZ,STERLING ECCLES TOPAZ,N/A,unreviewed,,,
ไม่ระบุ,STERLING EUROPA,STERLING EUROPA,N/A,unreviewed,,,
ไม่ระบุ,STREAMLINER,STREAMLINER,N/A,unreviewed,,,
ไม่ระบุ,SV TRAILER,SV TRAILER,N/A,unreviewed,,,
ไม่ระบุ,SWIFT 580,SWIFT 580,N/A,unreviewed,,,
ไม่ระบุ,SWIFT CHALLENGER,SWIFT CHALLENGER,N/A,unreviewed,,,
ไม่ระบุ,SWIFT CHARISMA,SWIFT CHARISMA,N/A,unreviewed,,,
ไม่ระบุ,SWIFT CONQUEROR,SWIFT CONQUEROR,N/A,unreviewed,,,
ไม่ระบุ,SWIFT JUBILEE,SWIFT JUBILEE,N/A,unreviewed,,,
ไม่ระบุ,TR0204,TR0204,N/A,unreviewed,,,
ไม่ระบุ,TR0501B,TR0501B,N/A,unreviewed,,,
ไม่ระบุ,TR0504,TR0504,N/A,unreviewed,,,
ไม่ระบุ,TR0505,TR0505,N/A,unreviewed,,,
ไม่ระบุ,TR0505B,TR0505B,N/A,unreviewed,,,
ไม่ระบุ,TYPHOON,TYPHOON,N/A,unreviewed,,,
ไม่ระบุ,U TRAILER 2 AXLES,U TRAILER 2 AXLES,N/A,unreviewed,,,
ไม่ระบุ,UNICORN BARCELONA,UNICORN BARCELONA,N/A,unreviewed,,,
ไม่ระบุ,UTILITY TRAILER,UTILITY TRAILER,N/A,unreviewed,,,
ไม่ระบุ,VIP 520/4,VIP 520/4,N/A,unreviewed,,,
ไม่ระบุ,VIP 535/4,VIP 535/4,N/A,unreviewed,,,
ไม่ระบุ,VOGUE 495,VOGUE 495,N/A,unreviewed,,,
ไม่ระบุ,VOGUE GTS 418,VOGUE GTS 418,N/A,unreviewed,,,
ไม่ระบุ,VOGUE GTS 517,VOGUE GTS 517,N/A,unreviewed,,,
ไม่ระบุ,WEINSBERG CARAONE,WEINSBERG CARAONE,N/A,unreviewed,,,
